Timestamp,Sales_Count,Redemption_Count,Total_Activity_Load,Operational_Load_Index,Capacity_Utilization_Ratio,Congestion_Pressure_Index
2015-05-01,1,4,5,1.730822486845749e-05,1.0,0.40001038493492114
2015-05-02,0,0,0,,,
2015-05-03,0,0,0,,,
2015-05-04,12,75,87,0.000247780903380023,3.1801169590643275,1.2721954521677592
2015-05-05,537,549,1086,0.0015652655533213732,7.024517222314567,2.81074604825782
2015-05-06,989,1358,2347,0.0026848283728156436,10.928073041622367,4.372840113672637
2015-05-07,1343,2170,3513,0.003984353364718914,18.940052307578263,7.5784115350501375
2015-05-08,2108,3390,5498,0.006170807777692025,21.765838548930958,8.710037904239
2015-05-09,5604,6145,11749,0.012444879960803528,9.862264647854326,3.9523727871182124
2015-05-10,3013,3554,6567,0.007907125887274264,3.6529732560007053,1.465933577932647
2015-05-11,395,908,1303,0.001541668315069035,9.993441508603167,3.9983016044303086
2015-05-12,512,3631,4143,0.005052765359813269,28.725645453140057,11.493289840471911
2015-05-13,643,1181,1824,0.002035447244530601,9.228857166497829,3.69276413494585
2015-05-14,1774,2563,4337,0.004853112756558966,21.22936365463428,8.49465732950765
2015-05-15,635,1162,1797,0.0019374045255983062,8.91984598717262,3.569100837584407
2015-05-16,6958,7640,14598,0.015722358764885074,11.871735685597118,4.758127689497779
2015-05-17,7089,8249,15338,0.0173388689387164,51.66007419678612,20.67443300007768
2015-05-18,7250,9244,16494,0.017773383411797287,45.87627676983806,18.361174737982303
2015-05-19,1862,4570,6432,0.007113122091101563,56.355138433802466,22.546323246775646
2015-05-20,2776,1518,4294,0.004649593613869438,4.938758935805855,1.9782933304906636
2015-05-21,1760,2226,3986,0.004454739843193157,6.890864930743408,2.7590188162032794
2015-05-22,1881,2257,4138,0.004338239993183222,5.02742399472183,2.013572541884642
2015-05-23,6401,7058,13459,0.014490229507061756,19.837258421120463,7.943597506152423
2015-05-24,8208,9279,17487,0.01945779473115302,4.524393148595688,1.8214319362769669
2015-05-25,1221,1540,2761,0.0030644070258908345,2.1470981022291826,0.8606778851072076
2015-05-26,2345,2997,5342,0.005895963051964875,7.32516458233372,2.933603410764667
2015-05-27,1898,2390,4288,0.004878611649589218,5.067196859055076,2.029805910611784
2015-05-28,2774,3244,6018,0.006760989871567297,9.217388205618107,3.6910118761701836
2015-05-29,4221,4663,8884,0.009393306776303177,8.52724959088003,3.4165358204177942
2015-05-30,3054,3111,6165,0.0070444475214621995,6.160282094497832,2.4683395063120104
2015-05-31,406,609,1015,0.0012821400421788125,5.773339314984033,2.3101050100189204
2015-06-01,1116,1809,2925,0.003305870949875381,5.183254068501687,2.0752851499706
2015-06-02,3025,3234,6259,0.006701528316255885,4.186471764890353,1.6786096229458949
2015-06-03,2719,3977,6696,0.0069547594471438285,5.655487684975399,2.2663679296584465
2015-06-04,3432,3683,7115,0.007174768273412937,3.1742983399613416,1.2740241969485844
2015-06-05,3306,3389,6695,0.006648365100197063,18.87424636436792,7.553687564807286
2015-06-06,6200,9082,15282,0.01596133027869389,22.11951912784327,8.857384449304524
2015-06-07,8046,8547,16593,0.018165394100038243,24.276105888629857,9.721341591911965
2015-06-08,775,1194,1969,0.002094569942811427,3.200335695099447,1.2813910200054657
2015-06-09,1525,2001,3526,0.0036294823057492678,3.8875157164103373,1.5571839759475843
2015-06-10,1858,3192,5050,0.005393675574633066,8.818904269721331,3.5307979132333127
2015-06-11,3134,7881,11015,0.010522439151973907,40.34080733335185,16.142636396831925
2015-06-12,3282,4225,7507,0.006954164078229433,22.04109450483111,8.820610300379382
2015-06-13,2017,12871,14888,0.01465561577718875,138.05731636271247,55.23171991455131
2015-06-14,9475,2992,12467,0.013008442217802505,4.405249813337704,1.7699049906657631
2015-06-15,2618,3028,5646,0.006445582941013569,10.4370395269363,4.178683160539128
2015-06-16,4761,4889,9650,0.009475016813704157,12.696419059924237,5.084252634057917
2015-06-17,4510,5270,9780,0.009467355225231198,9.29954272941823,3.725497504902431
2015-06-18,3342,3867,7209,0.007609228212939097,8.812647614693226,3.529624582805054
2015-06-19,6514,6818,13332,0.013116667326027613,27.291966133204905,10.924656453677578
2015-06-20,4994,15399,20393,0.019816211029678486,166.11148893660382,66.45648530125935
2015-06-21,9930,10784,20714,0.018316539917204555,78.99728623961241,31.609904419795285
2015-06-22,5741,6535,12276,0.013421292083712465,12.30759790524398,4.931091937347821
2015-06-23,7461,4184,11645,0.010266883951458862,5.87320313227438,2.3554413832806276
2015-06-24,2494,6610,9104,0.009779147050678482,29.460005953262645,11.789869869535465
2015-06-25,3352,3890,7242,0.007304070894489061,13.008497406490994,5.20778140513309
2015-06-26,580,9887,10467,0.01074659932131092,131.34306450489245,52.54367376154977
2015-06-27,8569,1287,9856,0.010761869595987569,10.452837524303016,4.187592131478799
2015-06-28,318,427,745,0.0008859246951188241,2.5377318736602366,1.015624304281166
2015-06-29,1008,9389,10397,0.011540677678419882,91.28396587959419,36.52051075844473
2015-06-30,1641,2871,4512,0.0043933219923250385,32.24330111148676,12.899956437790099
2015-07-01,2118,16358,18476,0.01991743976737746,161.5474602653697,64.6309345700083
2015-07-02,2239,9679,11918,0.012064850864189486,89.51664988162375,35.81389886316802
2015-07-03,2666,11647,14313,0.012015285273317978,104.82813873368204,41.93846466463681
2015-07-04,2046,14685,16731,0.014409962614234283,180.3414837772639,72.1452394884741
2015-07-05,192,13781,13973,0.015533852654523363,219.5748853226676,87.83927444065975
2015-07-06,1615,8552,10167,0.010436601263965414,86.07728695190627,34.43717674152089
2015-07-07,2554,2846,5400,0.005772292993630573,11.400306798671272,4.563586095264688
2015-07-08,892,7261,8153,0.008483128152194893,39.37347232934271,15.754478808628402
2015-07-09,721,5229,5950,0.006172217886424478,24.748398306438798,9.903062653307375
2015-07-10,379,10069,10448,0.01072696611101237,128.83222484398112,51.53932611725906
2015-07-11,1015,13053,14068,0.01364863230894645,166.78811961666347,66.72343702605076
2015-07-12,695,10713,11408,0.012467416579850808,160.86025903789516,64.35158406510597
2015-07-13,7315,6768,14083,0.015656685218105967,3.2249198719163,1.2993619598973836
2015-07-14,1776,2118,3894,0.0038379107317014433,1.1506248780900776,0.46255269767505197
2015-07-15,7852,7717,15569,0.017040084749860435,1.150494860334897,0.47042199498387505
2015-07-16,8481,9427,17908,0.018163454803134214,1.5965946619001297,0.6495359376419325
2015-07-17,2347,1918,4265,0.004404680983191091,1.2615800124801966,0.5072748135819932
2015-07-18,23889,23354,47243,0.04948788634055873,0.9261252459996422,0.40014283020419217
2015-07-19,15934,15297,31231,0.03319557761540592,1.06526832710344,0.4460246774106196
2015-07-20,9271,9422,18693,0.019841083867669303,1.3059570465206063,0.534287468928844
2015-07-21,7921,8688,16609,0.017353331151448017,2.324539084702719,0.9402276325719565
2015-07-22,9770,10504,20274,0.021197855038896304,1.0882631911177931,0.44802398947045513
2015-07-23,9896,10331,20227,0.02147498029525169,1.1250623459100522,0.46290992654117197
2015-07-24,10246,10815,21061,0.022363291651577445,1.1890861369565884,0.4890524297735818
2015-07-25,13836,14306,28142,0.031355803503631374,1.1011997034712926,0.4592933634906959
2015-07-26,17287,18040,35327,0.03814624584602603,1.054112972799225,0.44453293662730564
2015-07-27,9459,10379,19838,0.01983572738692963,2.337090301864594,0.9467375571779956
2015-07-28,9257,10721,19978,0.01812991007010742,3.3274962332419253,1.3418764393388347
2015-07-29,9036,10794,19830,0.01799508810797417,5.802391093965736,2.3317534904510793
2015-07-30,11607,12097,23704,0.022107748845494622,2.1976580863764577,0.89232788385788
2015-07-31,10616,11871,22487,0.020969148323066903,2.411980613928804,0.9773737345653618
2015-08-01,16324,16496,32820,0.02869309318572996,4.331684135630558,1.7498895101636618
2015-08-02,19977,19942,39919,0.03678020862180375,2.2102289607550913,0.9061597094751189
2015-08-03,17762,18080,35842,0.035379989713969225,2.3319547613464224,0.9540098983669507
2015-08-04,5618,6674,12292,0.011588449296859293,4.1597160802168185,1.670839501664843
2015-08-05,11680,12771,24451,0.022501615434321054,3.6940742622543365,1.4911306741623274
2015-08-06,10566,11267,21833,0.019309765744271422,4.2608573751619145,1.7159288095113288
2015-08-07,11343,12617,23960,0.02204837071909905,4.702088433418395,1.8940643957988175
2015-08-08,15465,15366,30831,0.0355060924951537,3.212885691347169,1.30645793203596
2015-08-09,20055,19605,39660,0.04351452572167056,1.8705258799545763,0.7743190674148328
2015-08-10,3306,3907,7213,0.007168113533928135,3.40624760440547,1.366799909882545
2015-08-11,5617,7887,13504,0.012564835674777518,5.982302124368164,2.400459751152132
2015-08-12,10466,10758,21224,0.019522754546293732,2.851807206571595,1.1524365353564143
2015-08-13,10843,12001,22844,0.020207130633605297,2.361763592070971,0.9568297152085518
2015-08-14,3025,4784,7809,0.007439651989291978,4.035552562062583,1.6186848160186085
2015-08-15,18982,19155,38137,0.03212997548142194,3.62514584535414,1.469336323430509
2015-08-16,21155,21519,42674,0.035526487005902316,4.918728788329736,1.9888074075354358
2015-08-17,10558,10870,21428,0.020825451183980093,2.1387791822181805,0.8680069435976604
2015-08-18,3700,4289,7989,0.00783221901333228,3.184218367695234,1.2783866784860929
2015-08-19,10791,11000,21791,0.020046155266315886,2.397265444800679,0.9709338710800612
2015-08-20,2618,4855,7473,0.0075392591265251606,6.287502090072541,2.5195243915049317
2015-08-21,10123,13105,23228,0.020286992277464427,4.28797561435363,1.727362441107931
2015-08-22,20316,19678,39994,0.0325060680600127,2.1917758799635343,0.8962139928214213
2015-08-23,17363,17198,34561,0.03226533789397262,0.9584219605075325,0.4027279869393966
2015-08-24,8368,9149,17517,0.01830580801087586,3.4620346950460688,1.3957973628249531
2015-08-25,6757,6962,13719,0.012765985315140674,2.5141432283214558,1.0133168825176666
2015-08-26,5442,5889,11331,0.010826294655220161,3.192224230487447,1.283385468988111
2015-08-27,7267,9479,16746,0.015597985135509368,4.139055254182932,1.6649808927544787
2015-08-28,10791,11483,22274,0.01995795674831953,3.0603554889291344,1.2361169696206455
2015-08-29,12996,12690,25686,0.022441099453498276,3.103832343675376,1.2549975971422493
2015-08-30,12902,12840,25742,0.022490175939201246,2.9539232146847962,1.1950633914374393
2015-08-31,8511,8790,17301,0.01633896427582387,3.52304559106936,1.4190216149932384
2015-09-01,8943,8915,17858,0.015781550674932008,2.787317230560929,1.1243958226293307
2015-09-02,7473,10550,18023,0.016348984827063505,2.429095952376215,0.9814477718467242
2015-09-03,6912,7652,14564,0.013197976941800638,3.063880049925225,1.2334708061351705
2015-09-04,9917,10966,20883,0.01800315009692606,3.0248289292087644,1.2207334617416614
2015-09-05,16295,16276,32571,0.034097202990861254,2.6679577099822893,1.0876414057874326
2015-09-06,19636,19607,39243,0.03347282480486579,3.402777391032522,1.381194651295928
2015-09-07,17618,17210,34828,0.030071309886458047,1.8881215847182324,0.7732914198191679
2015-09-08,1319,1514,2833,0.00294825639605479,1.298241451917407,0.5210655346045957
2015-09-09,1277,1483,2760,0.002825961078522696,1.1752891704883115,0.47181124484243825
2015-09-10,3349,4217,7566,0.007633945297864368,1.6740871608502979,0.6742152315188378
2015-09-11,1830,1937,3767,0.0038233093739279238,1.1912041334669763,0.4787756390111474
2015-09-12,1716,1841,3557,0.003719404384040219,1.3349142671413536,0.5361973494869656
2015-09-13,1558,1769,3327,0.003706797535762765,1.3223987606180123,0.5311835827686625
2015-09-14,2383,2642,5025,0.005633969065378556,1.0503596740707206,0.42352425106751546
2015-09-15,2734,2895,5629,0.006020016962060371,1.0526817213722854,0.42468469872615044
2015-09-16,3116,3445,6561,0.0066107237688761466,1.2355784046122142,0.4981977961062114
2015-09-17,3328,3501,6829,0.006987356212567734,1.2111539845767232,0.48865400755822996
2015-09-18,3864,3936,7800,0.0077570948671330355,1.3077067663796276,0.5277369634721308
2015-09-19,1986,1995,3981,0.00410676971878855,1.6877529939749147,0.6775652594212391
2015-09-20,8272,7907,16179,0.015274864094869937,1.2489662400630444,0.5087514144821398
2015-09-21,1571,1628,3199,0.0034462598849195358,0.9924767703974516,0.3990584640899324
2015-09-22,1984,2062,4046,0.004240248812389494,1.2577836920597312,0.5056576261113261
2015-09-23,2565,2758,5323,0.0058747465182551525,1.1276249199127617,0.45457481587605775
2015-09-24,2430,2676,5106,0.0058224868457491,1.3884149312262848,0.5588594645979633
2015-09-25,2449,2683,5132,0.005080089420811611,1.7938742812984776,0.720597766171878
2015-09-26,7325,7565,14890,0.014657593860030857,2.2009163874571342,0.8891611112988724
2015-09-27,7483,7274,14757,0.014737577209733543,1.37713453978525,0.5596963622399401
2015-09-28,765,829,1594,0.0019372624052768057,1.1443896426113986,0.4589182144877255
2015-09-29,400,496,896,0.0010190596957639182,1.7649550323393406,0.7065934487531947
2015-09-30,1523,1610,3133,0.0034866142161246827,1.4009025643923685,0.5624529942866223
2015-10-01,1660,1713,3373,0.0036374745596567805,1.0155988024715645,0.40842200572442
2015-10-02,1170,1198,2368,0.0025750171965589017,0.969462113914849,0.38932985588387503
2015-10-03,1194,1151,2345,0.0026366195882950244,0.8915169569567944,0.3581887545356948
2015-10-04,1646,1687,3333,0.003909271478910226,1.1102187640967183,0.4464330685260334
2015-10-05,728,675,1403,0.0016348681173995636,0.8204745588392707,0.3291707444061481
2015-10-06,1098,1036,2134,0.002352783616545074,0.9729542683177177,0.39059337749701417
2015-10-07,1563,1585,3148,0.00344601173832644,0.8752802430855731,0.3521797042772251
2015-10-08,1345,1179,2524,0.002843164405058617,0.8707753639547801,0.35001604422494725
2015-10-09,856,912,1768,0.0019708298716883594,0.9366250813690206,0.37583253047062126
2015-10-10,3292,3387,6679,0.00738893702932795,1.3222346197753536,0.5333272101277382
2015-10-11,5489,5500,10989,0.012402903695901867,1.2488174149623905,0.5069687082024973
2015-10-12,5276,5305,10581,0.012346924885824388,1.0553932922073055,0.42956547181441684
2015-10-13,737,693,1430,0.0017308224868457492,0.829500284708057,0.3328386073753303
2015-10-14,652,650,1302,0.0015404320132927168,1.2159735097239905,0.48731366309757185
2015-10-15,867,746,1613,0.0019611792250950376,0.981337604913892,0.39371174950061383
2015-10-16,766,743,1509,0.0018302661060899776,1.25015505395157,0.501160181244282
2015-10-17,1081,1066,2147,0.0026834158999764096,0.9501098642276019,0.3816539952310266
2015-10-18,804,855,1659,0.0022279147050678484,1.1111999434688067,0.44581672621056334
2015-10-19,729,784,1513,0.002068509486320144,1.1065428016408436,0.4438582263481296
2015-10-20,546,466,1012,0.0013320409858764883,0.7963546545483023,0.3193410864108469
2015-10-21,350,416,766,0.0008949925731980565,1.5687384293935096,0.6280323673013227
2015-10-22,985,952,1937,0.0024141768464670706,1.0451496515508907,0.41950836672823655
2015-10-23,1035,1087,2122,0.0026018982402255734,1.0917892751580784,0.43827684900736674
2015-10-24,406,409,815,0.0009566727927292868,0.7880626707504177,0.3157990719758047
2015-10-25,1440,1562,3002,0.004087510384934921,1.2595639477007423,0.5062780853112578
2015-10-26,805,829,1634,0.0019508842030304227,0.9067760624105295,0.36388095548603
2015-10-27,774,725,1499,0.0016604357057140218,0.8273129483467121,0.3319214407621133
2015-10-28,200,117,317,0.0004794378288562725,1.334984647705236,0.5342815217794081
2015-10-29,398,446,844,0.0010332683676188585,1.4502011298429576,0.5807004129577543
2015-10-30,637,692,1329,0.0014391363366035475,0.9476329236218759,0.3799166512507125
2015-10-31,848,950,1798,0.0023246277400251368,0.9621269987862386,0.3862455761585106
2015-11-01,662,827,1489,0.001805090506281312,1.7563335963052642,0.7036164928258745
2015-11-02,571,761,1332,0.0015775210665822683,1.4373031778298542,0.575867783771891
2015-11-03,1124,1187,2311,0.0025536725215756953,1.2449694657334676,0.4995199898063325
2015-11-04,1181,1292,2473,0.002737536943129145,1.2129119351049715,0.48680729620786617
2015-11-05,788,738,1526,0.001752308559096248,0.9877411302033794,0.39614783721680946
2015-11-06,419,361,780,0.0008618302313811247,0.6854909654378535,0.2747134843139701
2015-11-07,966,1046,2012,0.002418206274478775,1.2914602264682677,0.5180350143519944
2015-11-08,1290,1362,2652,0.0036028800886181113,0.9275155992824204,0.37316796776613903
2015-11-09,655,649,1304,0.0014354287824240746,1.0852531715728146,0.4349625258985803
2015-11-10,321,203,524,0.0006865595864488138,0.6621546636352423,0.2652738012059662
2015-11-11,482,371,853,0.0009853325157257585,0.8703748717866594,0.3487411482240992
2015-11-12,296,255,551,0.0007255030924028433,1.3725924255107824,0.5494722720597548
2015-11-13,354,390,744,0.0008846426043878274,1.0763739617540788,0.4310803702642642
2015-11-14,663,637,1300,0.0014308132557924861,0.8855580351773219,0.35508170202440426
2015-11-15,1009,1064,2073,0.0026907632660886607,0.981391829940294,0.3941711899357708
2015-11-16,459,432,891,0.0011896755378972416,0.946232943332441,0.3792069826557148
2015-11-17,329,343,672,0.0009000276931597895,1.4270570127971443,0.5713628217347536
2015-11-18,407,431,838,0.001025430680885972,1.1402451720465754,0.4567133272271618
2015-11-19,382,338,720,0.0008893764778561234,1.102485426915412,0.4415277966528785
2015-11-20,503,539,1042,0.0011963930873986404,0.9820701371784963,0.3935458907238377
2015-11-21,318,329,647,0.0008639688913505031,0.873662985025477,0.34998357534500113
2015-11-22,385,410,795,0.001153881657897166,1.4110689625725856,0.5651199140237727
2015-11-23,290,277,567,0.0007158681805594018,1.2178371758959994,0.4875643912667354
2015-11-24,425,269,694,0.0009317594387519616,0.7310656634026199,0.29298532102429914
2015-11-25,422,362,784,0.0008354103203175483,0.6862172330163816,0.27498813939874317
2015-11-26,493,584,1077,0.0012622641136210784,1.9283725489080368,0.7721063780313874
2015-11-27,242,252,494,0.0005760699748671512,0.9108350768728126,0.3646796727340454
2015-11-28,655,754,1409,0.001771317201632329,1.2871248097771273,0.5159127142318304
2015-11-29,317,405,722,0.0010174226096588926,1.637601084397423,0.6556508873247646
2015-11-30,344,441,785,0.0009012639949361079,1.9882553067815445,0.7958428811095795
2015-12-01,265,351,616,0.0007205349908202303,1.5044515361182027,0.6022129354417733
2015-12-02,384,450,834,0.0009805896125475188,1.38605901366878,0.5550119592350405
2015-12-03,256,370,626,0.0007484990829906523,2.6274591835331367,1.051432772863049
2015-12-04,290,338,628,0.0007359200795921927,1.2194105675288471,0.4882057790592942
2015-12-05,577,584,1161,0.0016053378565494322,0.8776014817129013,0.35200379539909016
2015-12-06,325,309,634,0.0008849770628393917,0.7759331935838563,0.31090426367124613
2015-12-07,229,157,386,0.0005381284459102238,0.9635347606938516,0.38573678134508677
2015-12-08,291,225,516,0.0006908559543239629,0.9081639705109605,0.3636801017769786
2015-12-09,360,408,768,0.0008169482137911935,1.183830537654067,0.47402238398990154
2015-12-10,383,534,917,0.0010850683517534805,1.7608324056290565,0.7049840032626747
2015-12-11,473,497,970,0.0011517836912464442,0.8561562911198964,0.34315358666270646
2015-12-12,299,352,651,0.0008897164102594318,1.5232369458616706,0.609828608190824
2015-12-13,238,238,476,0.000715406627896243,0.9100883695808507,0.36446459180907803
2015-12-14,410,232,642,0.00089701756709571,0.8084314500618849,0.3239107905650114
2015-12-15,346,377,723,0.0009523055968441101,1.611202357749741,0.6450523264580029
2015-12-16,275,249,524,0.00060258264356852,1.228010672455117,0.4915658185681879
2015-12-17,442,417,859,0.0010120591123083508,0.9585316963402654,0.38401991400349117
2015-12-18,273,354,627,0.0007200221545278317,1.796327281048625,0.7189629257121668
2015-12-19,322,353,675,0.0009928627174542433,1.5925740925740925,0.6376253546601096
2015-12-20,392,488,880,0.001255222568721178,1.1717562022613173,0.4694556144457597
2015-12-21,231,292,523,0.0007011672372243204,1.7564007085983568,0.7029809837816774
2015-12-22,335,505,840,0.0010280432431302676,1.3052928342964505,0.5227339596644583
2015-12-23,465,536,1001,0.0011908058709498754,1.1654548492703574,0.46689642323071284
2015-12-24,688,832,1520,0.0018099458005301262,1.6894491368528024,0.676865622221439
2015-12-25,649,806,1455,0.001945444475214622,1.9232602147492306,0.770471352584821
2015-12-26,540,616,1156,0.0016706199655641578,1.132236529896947,0.4538969839381173
2015-12-27,452,478,930,0.0013940988394048489,0.9993680896989722,0.4005836951832318
2015-12-28,273,276,549,0.0007394662879970775,0.8846991956034509,0.35432335801417864
2015-12-29,214,245,459,0.0006215910322324298,1.119144080557124,0.4480305868421891
2015-12-30,482,511,993,0.0011584147644103336,1.0547008202204327,0.4225753769468193
2015-12-31,370,533,903,0.0010674454318874147,1.5841027273380213,0.6342815581943411
2016-01-01,349,451,800,0.0010384934921074493,1.4192601191378282,0.5683271437503958
2016-01-02,332,402,734,0.0009271778498161935,1.072950298772098,0.429736426218729
2016-01-03,287,339,626,0.0008729365585830734,0.9233082262258464,0.3698470524254884
2016-01-04,228,277,505,0.0006163085561003686,1.2734501881560705,0.5097498603960885
2016-01-05,298,265,563,0.0007262389863173184,0.8946771496603135,0.3583066032559158
2016-01-06,266,325,591,0.0007330542297229054,1.3165957317918102,0.5270781252545579
2016-01-07,262,1382,1644,0.0021195918454295633,3.295230143787836,1.319363812622392
2016-01-08,206,270,476,0.0006173266869749838,1.5175347222222222,0.6073842849010739
2016-01-09,240,276,516,0.0007426801943556306,1.2078670233275497,0.48359241744763326
2016-01-10,179,109,288,0.0005172104843044944,1.17870332282097,0.4717916554189706
2016-01-11,316,264,580,0.0007029802100419658,1.4136215038114235,0.5658703896505946
2016-01-12,197,175,372,0.00047873813465946255,0.9103731847348868,0.3644365167747504
2016-01-13,231,198,429,0.0006379317165802903,1.5798781179138321,0.6323340061954811
2016-01-14,253,262,515,0.0007058745620266576,1.289582353640437,0.5162564661933908
2016-01-15,188,217,405,0.0005029982084221115,1.635404334894131,0.6544635328827056
2016-01-16,378,383,761,0.0009439639562874123,0.7592627114358479,0.30427146294811164
2016-01-17,186,178,364,0.0005939454007491728,0.8284295125239398,0.3317281722500254
2016-01-18,213,166,379,0.0004890494175598201,1.0617554934384161,0.4249956270259024
2016-01-19,277,331,608,0.0007249860227919931,1.243505342564137,0.49783712863933
2016-01-20,191,179,370,0.0005000153850887719,1.834215167548501,0.7339860762504536
2016-01-21,200,226,426,0.0005719239521751171,1.1310817805383022,0.45277586658662605
2016-01-22,321,311,632,0.000726316054479998,1.4677767028476483,0.5875464707717474
2016-01-23,475,478,953,0.0014302887641298055,1.1135078786614219,0.44626132472304664
2016-01-24,282,297,579,0.0008629961422784386,1.1072324177250736,0.44341076477539654
2016-01-25,281,264,545,0.0007008064926330544,0.7211966038496651,0.2888991254354459
2016-01-26,347,1224,1571,0.0021967022062217294,21.871853451734392,8.75005940201749
2016-01-27,389,383,772,0.0008851920718439688,2.221661391839186,0.8891956719787809
2016-01-28,311,369,680,0.0008361204013377926,1.3288009000145058,0.532022032246605
2016-01-29,252,423,675,0.0007364948099198808,1.4092463500551735,0.5641404369080214
2016-01-30,574,732,1306,0.0016051775952080575,1.086293704996753,0.435480588555826
2016-01-31,237,279,516,0.0006598319194750734,1.3452844774273347,0.538509690122619
2016-02-01,367,433,800,0.0009377910928727877,1.1866139928105168,0.47520827177993047
2016-02-02,278,286,564,0.0006964015182367603,0.8876981062739576,0.35549708342052516
2016-02-03,232,347,579,0.0007324840764331209,1.3026825396825397,0.5215125063188758
2016-02-04,315,275,590,0.0006473883406938837,0.974976329200706,0.3903789646846987
2016-02-05,282,310,592,0.000718957032997465,1.1891191714268639,0.47607904279054397
2016-02-06,426,489,915,0.0011038801193882888,1.1075332105560864,0.44367561229406755
2016-02-07,545,594,1139,0.001608560132455794,1.280079049199591,0.5129967557593099
2016-02-08,258,212,470,0.0005223936960298079,0.920688049324413,0.3685886559473831
2016-02-09,387,261,648,0.0007772372676779025,0.7185007717769419,0.2878666510713835
2016-02-10,270,356,626,0.0008938736576510046,1.9058017195891293,0.7628570120302425
2016-02-11,246,236,482,0.0005266645567116351,0.7616446549482264,0.30497386071331756
2016-02-12,282,242,524,0.0006563278870119081,0.8477217884454727,0.3394825121103962
2016-02-13,167,166,333,0.0005711714206590972,1.004743713471335,0.40224018824092944
2016-02-14,239,242,481,0.0007846395273700729,0.8630120255373805,0.34567559393137426
2016-02-15,363,349,712,0.0009577217760546479,1.1241826196573088,0.4502476809285563
2016-02-16,227,653,880,0.0013154250900027692,5.058773612750885,2.0242987001543558
2016-02-17,324,1754,2078,0.002328533185636481,13.056510757760757,5.224001423015685
2016-02-18,389,1979,2368,0.0024923843810578787,9.41313302602678,3.7667486410393467
2016-02-19,219,273,492,0.0006120188313486569,2.173943528693529,0.8699446227762208
2016-02-20,688,639,1327,0.0016011681478311222,0.8758428420277086,0.3512978376997821
2016-02-21,413,375,788,0.0012613896562670972,0.7661467185196337,0.3072155212016138
2016-02-22,347,282,629,0.0009204828680043302,0.7650502380189592,0.30657238492838634
2016-02-23,319,220,539,0.0006483927316106767,0.5800268457596044,0.23239977394280814
2016-02-24,99,84,183,0.00029275626063219527,0.7957142857142857,0.3184613680420936
2016-02-25,246,159,405,0.0005029982084221115,1.0844074084407058,0.43406476230133567
2016-02-26,371,227,598,0.0007425567845526468,0.8214264121384864,0.32901609892612615
2016-02-27,358,426,784,0.0009359262336277014,1.2633836656819974,0.5059150220129756
2016-02-28,765,812,1577,0.002071556952883618,1.0397475633486652,0.4171419595111963
2016-02-29,207,181,388,0.0006567769652787654,0.8093627975980917,0.32413918521840396
2016-03-01,186,188,374,0.00042871141597256246,1.2281126430924003,0.4915022840865436
2016-03-02,270,172,442,0.0005427859318748269,0.914713822611497,0.3662112006037237
2016-03-03,241,187,428,0.00047950193339282236,0.8753708801557136,0.3504360532223212
2016-03-04,334,268,602,0.0007322710521270477,0.8149629321827597,0.32642453550438016
2016-03-05,351,329,680,0.0009115665097387612,0.8450029338590355,0.33854811344945746
2016-03-06,470,428,898,0.0013123480722483768,0.782772076869207,0.3138962395910318
2016-03-07,354,332,686,0.0008441088128155422,1.0605528758615803,0.4247276156323215
2016-03-08,400,404,804,0.0009428262128345207,1.3681050010595466,0.5478076961515194
2016-03-09,342,341,683,0.0008229571069530732,1.177322297837064,0.47142269339899745
2016-03-10,327,159,486,0.000662227734097504,0.8844925073505635,0.35419433958068397
2016-03-11,655,508,1163,0.0012954766274425131,0.8098578750287444,0.3247204359879633
2016-03-12,2026,2219,4245,0.005086796192919296,1.7004008445856724,0.6832124155500205
2016-03-13,423,461,884,0.001232934826799908,1.0977378811217986,0.4398349133447994
2016-03-14,233,235,468,0.0006507892550540017,1.0979771463104797,0.4395813320772243
2016-03-15,463,318,781,0.0008319486753438567,0.6852527841312482,0.2746002828577056
2016-03-16,199,217,416,0.0005185402878958285,1.003971198869158,0.40189960372040073
2016-03-17,357,601,958,0.001018064111934844,1.7400030999666842,0.6966120784538347
2016-03-18,499,471,970,0.0010886276606919471,0.8420688616282529,0.33748072124771633
2016-03-19,970,874,1844,0.0024340115442466103,0.9244361448014702,0.3712348648471361
2016-03-20,621,597,1218,0.0015524146305093411,1.047423629113108,0.41990090042354883
2016-03-21,500,476,976,0.0011373976342129207,1.1121415617465695,0.44553906327915554
2016-03-22,304,294,598,0.0007587925782331764,1.5102007485978075,0.6045355749860629
2016-03-23,187,263,450,0.0005538631957906397,1.6805992063492063,0.6725720004571569
2016-03-24,94,264,358,0.0005830138903059366,2.739552005012531,1.0961706103391962
2016-03-25,493,583,1076,0.0014510650563188444,1.5077442272344665,0.6039683299275779
2016-03-26,1085,1238,2323,0.0025247675114569283,1.478616728061601,0.5929615517315144
2016-03-27,1837,2012,3849,0.004865534324133051,1.0928227821800018,0.4400484334664806
2016-03-28,230,145,375,0.0005345423866351523,0.9502941808633364,0.38043839777731564
2016-03-29,631,739,1370,0.0015947859124410305,1.27981556714759,0.5128830984065007
2016-03-30,474,707,1181,0.0013908394983581911,1.64818004061336,0.6601065199443589
2016-03-31,75,261,336,0.0004981391547507278,4.132268679829655,1.6532063554247127
2016-04-01,462,696,1158,0.0012896094325718498,1.5080233805990462,0.6039831178991616
2016-04-02,591,655,1246,0.0016222218602201333,1.5551022354597177,0.6230142273000192
2016-04-03,306,280,586,0.0007939687833275393,0.8522404972887431,0.34137258018549377
2016-04-04,366,208,574,0.0007586771900673868,0.9880649001941636,0.39568116639170586
2016-04-05,661,590,1251,0.0014240491219358474,1.1365507884979777,0.4554747448723526
2016-04-06,231,296,527,0.0006604818609803379,1.177183261183261,0.47126959358989273
2016-04-07,322,362,684,0.0007472378460451302,1.0709106745744676,0.42881261253741415
2016-04-08,564,475,1039,0.0011296501430813255,0.9725166673440584,0.38968445702347215
2016-04-09,511,500,1011,0.001359225495792335,1.3014210643329656,0.5213839610306618
2016-04-10,324,328,652,0.0009566727927292868,0.8648701933874675,0.3465220810306246
2016-04-11,335,238,573,0.0006792661835168223,1.2557128431519788,0.5026926969709017
2016-04-12,402,388,790,0.000925203292968455,1.1535671948372483,0.4619819999106804
2016-04-13,452,543,995,0.0010788793501338503,1.4285558796843962,0.5720696794838389
2016-04-14,474,652,1126,0.0012984205182021795,1.3255066297058073,0.5309817041932442
2016-04-15,1018,985,2003,0.0020318807012243735,1.0676673076445207,0.42828605147854293
2016-04-16,2410,2740,5150,0.0053330312261356295,1.4233985867269576,0.5725592534264645
2016-04-17,3590,4215,7805,0.009247366762478634,1.5533579932487698,0.6268916173569952
2016-04-18,1380,1528,2908,0.0031264698254451786,1.132934135941,0.4550495362716671
2016-04-19,975,883,1858,0.002039533120565122,1.0071244933700092,0.40407351722034285
2016-04-20,979,1042,2021,0.002151714558250144,1.1260339351186397,0.45170460278240604
2016-04-21,426,552,978,0.0010783904172279616,1.3399584135598919,0.5366303996742935
2016-04-22,1192,1448,2640,0.002742687940694033,1.1339245413775414,0.45521542931543296
2016-04-23,3484,3668,7152,0.007667543616726669,1.3690266467126446,0.5522111848550939
2016-04-24,1770,2313,4083,0.004721918431910031,1.5413382039917958,0.6193684326558643
2016-04-25,320,535,855,0.0009692605926336195,1.6948354461966078,0.6785157348342232
2016-04-26,794,813,1607,0.001785054924766916,1.3591002313983849,0.5447111255142141
2016-04-27,1322,1617,2939,0.003061159278273651,2.4682907694715923,0.989153003355601
2016-04-28,816,2059,2875,0.0029465941609392175,3.3061863895413928,1.3242425123131207
2016-04-29,897,1202,2099,0.002132583100459035,1.8351031528772286,0.735320811011167
2016-04-30,3946,4443,8389,0.008866071618771702,1.3486225744103788,0.5447686727354146
2016-05-01,342,436,778,0.000947053813557108,1.4448143236711495,0.5784939617565941
2016-05-02,757,898,1655,0.0017210866103572419,1.1302155554324904,0.45311887413921054
2016-05-03,1662,1846,3508,0.003848009219142227,1.1576869593456374,0.4653835892697403
2016-05-04,1307,1610,2917,0.002990651460604382,1.3869467333923933,0.5565730842333199
2016-05-05,955,1212,2167,0.0021699864014185512,1.3787608678383803,0.5528063389762032
2016-05-06,3723,3937,7660,0.007296378350103081,1.3147725928655367,0.5302868641562765
2016-05-07,3306,3869,7175,0.007235856125889846,1.9432166418752335,0.7816281704256274
2016-05-08,2302,2566,4868,0.005366666368890755,1.232831452018048,0.49635258062855364
2016-05-09,1756,1785,3541,0.0039496801667037425,1.2624290560005522,0.5073414305002432
2016-05-10,1374,1699,3073,0.0032038855633427774,1.4594478661150263,0.5857014777840163
2016-05-11,1790,1964,3754,0.00375283040383143,1.2370903547888161,0.4970878401578253
2016-05-12,2228,2474,4702,0.0046486380182935395,1.151559103416496,0.4634128241775745
2016-05-13,2049,2386,4435,0.004513571714950586,1.944474663350976,0.7804980083693607
2016-05-14,901,1017,1918,0.0020725203455391676,1.34304386955854,0.5384610600307396
2016-05-15,693,973,1666,0.0019543111447963583,1.4903860590615052,0.59732701031148
2016-05-16,1193,1492,2685,0.0030814507460724997,1.6813936387749788,0.6744063259576352
2016-05-17,1899,1785,3684,0.003795221671156315,1.4430612201203543,0.5795016210508356
2016-05-18,1731,2383,4114,0.0041818737935908935,1.274987161922613,0.5125039890451998
2016-05-19,2002,2668,4670,0.004549590536851683,1.5578111345399155,0.6258542081380772
2016-05-20,3833,5543,9376,0.008946429120896028,3.0758251869162105,1.235697932239022
2016-05-21,12626,13284,25910,0.022637405396310147,5.099100466868986,2.05322262998538
2016-05-22,16228,17552,33780,0.028107723055056006,3.387027201678856,1.3716755145045758
2016-05-23,19723,20548,40271,0.03197764175237222,3.2453316635411307,1.3173192504678755
2016-05-24,4250,4907,9157,0.008735845718329796,1.3797084627482146,0.5571248925302837
2016-05-25,2074,2757,4831,0.004849357355791943,1.613792743947029,0.6484267119922869
2016-05-26,1753,2204,3957,0.003735691867442075,2.4783454241939493,0.9935795847980451
2016-05-27,3915,4927,8842,0.008432951783131788,1.7949798249594069,0.7230517010536419
2016-05-28,11240,11633,22873,0.020232871070589156,2.09133959391437,0.8486755602081015
2016-05-29,10226,10046,20272,0.019423674574602298,1.7277409193725037,0.702750572493763
2016-05-30,4632,5189,9821,0.009644142896704514,1.4040023384814961,0.5673874211306213
2016-05-31,3820,4908,8728,0.008949643915564796,1.4826907012395545,0.5984460668451607
2016-06-01,4271,4602,8873,0.00834588377218772,1.4247557391655379,0.5749098259295279
2016-06-02,3033,3770,6803,0.00629551595350543,1.8918197427793977,0.7605052066838622
2016-06-03,6747,8059,14806,0.01341842906907257,3.0865704288398343,1.2426792289773774
2016-06-04,15369,15057,30426,0.0259366954880663,2.1341019648176918,0.8692028032199165
2016-06-05,2591,2789,5380,0.005574297390968673,1.4714622749999526,0.5919294884345623
2016-06-06,3721,4007,7728,0.007684851841595126,1.8413513667347194,0.7411514577988448
2016-06-07,2397,3461,5858,0.005724571745064684,1.6272439599850745,0.6543323270410687
2016-06-08,1840,2138,3978,0.0037558847964552756,2.249815553290824,0.9021797521942029
2016-06-09,3876,4892,8768,0.008728362210476041,2.210288588999808,0.8893524529262088
2016-06-10,7744,8471,16215,0.014323221779605055,2.368049229352229,0.9558136248086547
2016-06-11,9589,10032,19621,0.018043016708206405,3.007360254326661,1.2137699117555882
2016-06-12,10246,9836,20082,0.018224649827282134,2.7027417922375165,1.092031506791376
2016-06-13,4048,4410,8458,0.007843900394440412,1.555711062848551,0.6269907653760848
2016-06-14,4264,5446,9710,0.009139691126428758,2.4353998124027405,0.9796437396369535
2016-06-15,3972,5189,9161,0.00838733499492292,2.898649633006549,1.1644922541995735
2016-06-16,3771,5880,9651,0.008722434374498973,4.215712862528823,1.6915186056362286
2016-06-17,8665,12156,20821,0.018651522943962714,3.360428290973049,1.3553622301555972
2016-06-18,23584,21844,45428,0.034876457737161144,4.608927717828396,1.8644969617736555
2016-06-19,19428,17304,36732,0.029161374726649415,3.092770010291599,1.2546048289526293
2016-06-20,4401,6208,10609,0.009723991507430998,2.147630214478791,0.8648864806959751
2016-06-21,5534,8059,13593,0.013001361580356318,4.758317298895466,1.9111277365064
2016-06-22,5963,6684,12647,0.011156260429314984,2.6795802907660873,1.0785258725640239
2016-06-23,5900,6879,12779,0.011727130065540478,2.57754517514655,1.0380543480979443
2016-06-24,9029,10743,19772,0.0172582720169384,3.8580776301682165,1.5535860152774497
2016-06-25,16973,17052,34025,0.02669951033458372,3.204850795297269,1.2979600243196578
2016-06-26,14981,13427,28408,0.023626769609593177,3.0969516197091833,1.2529567096494294
2016-06-27,7105,7414,14519,0.012817850016686904,1.7374140122916713,0.7026563149266806
2016-06-28,5254,5057,10311,0.008966975030585167,3.5224228138698384,1.4143493105662863
2016-06-29,6784,7403,14187,0.012686704046438192,2.8215509575223443,1.1362324054368007
2016-06-30,9129,13092,22221,0.019161070340625867,3.9988436791053354,1.6110341138465096
2016-07-01,11643,11968,23611,0.018719939393360644,3.3776747565395855,1.3623018662518507
2016-07-02,19441,19259,38700,0.03145209897861111,4.6482620199626545,1.8781760673722288
2016-07-03,15698,14935,30633,0.026776481145865835,2.823355933521324,1.1454082620960493
2016-07-04,10357,10915,21272,0.019057029926595144,3.1506120492551797,1.271679037658029
2016-07-05,8398,9597,17995,0.016766524209060902,3.4412293988001195,1.3865516740454844
2016-07-06,10497,10442,20939,0.018051613126557738,2.2743486586633392,0.9205704313412703
2016-07-07,7282,7897,15179,0.013403666858388544,3.2855447070018067,1.3222600829157558
2016-07-08,5925,7124,13049,0.011817873748342055,2.9382309810494753,1.1823831166687955
2016-07-09,14290,14189,28479,0.022857322264656445,3.3907337754432176,1.370007903536081
2016-07-10,16334,15911,32245,0.02619447114209849,3.940642739584894,1.591973778519217
2016-07-11,8397,8689,17086,0.016135059160935192,2.689011217028294,1.0852855223078788
2016-07-12,8794,11879,20673,0.018518451916402622,5.8125434110177725,2.3361284355569505
2016-07-13,7900,8094,15994,0.015310086464198899,1.8648019703214378,0.7551068400070945
2016-07-14,4699,5634,10333,0.009866649743069018,3.1609706944564553,1.2703082676284236
2016-07-15,9524,13653,23177,0.019740778348735517,5.130566848758186,2.0640712065125157
2016-07-16,22690,23181,45871,0.03601920268875406,4.996999365875302,2.0204112679633734
2016-07-17,22694,20661,43355,0.0360945304341153,3.938005170579179,1.5968587864921409
2016-07-18,7953,9665,17618,0.01641381065363342,3.0128253320561855,1.2149784192146544
2016-07-19,10320,11601,21921,0.018901446967599003,3.039871587213329,1.227289503065891
2016-07-20,10516,13711,24227,0.021434683197352818,4.92553337266077,1.9830741589827199
2016-07-21,11639,12772,24411,0.022168192219679632,3.26331855939586,1.3186283390901519
2016-07-22,9615,10660,20275,0.016641446110429774,2.1684806339533043,0.8773771212475795
2016-07-23,19586,21484,41070,0.03592311116875651,2.904371969144503,1.183302654359055
2016-07-24,14186,14163,28349,0.022490347183096348,4.291944991117892,1.7302722047570145
2016-07-25,6500,7623,14123,0.01332496215900426,3.1619061136784716,1.2727574227667913
2016-07-26,10730,11466,22196,0.019139435059540293,3.1025109856256745,1.252488055285994
2016-07-27,9973,11593,21566,0.018594225976183883,3.2306402707551194,1.3034126438877582
2016-07-28,9792,10707,20499,0.018362003546163057,2.5513744070232423,1.0315669649369947
2016-07-29,11054,13066,24120,0.021903103091431154,4.201142860685505,1.6935990061290607
2016-07-30,16083,15941,32024,0.02512524860904811,4.456342026456355,1.797611959747971
2016-07-31,12906,13979,26885,0.023197348379950154,7.431223740588679,2.986407905263442
2016-08-01,23928,25585,49513,0.0388845006419778,5.369926696835443,2.171301379119364
2016-08-02,10921,11859,22780,0.019644835225699254,4.337467702214235,1.746773982021114
2016-08-03,13008,12942,25950,0.022672460028955125,4.108997186907582,1.6572023507804061
2016-08-04,11804,14195,25999,0.021617347262214183,3.8386346934179993,1.5484242857245285
2016-08-05,7090,9611,16701,0.014031482394580245,5.035927196026596,2.0227897678473865
2016-08-06,21336,20535,41871,0.03287225271267088,4.751747457624583,1.9204223346774356
2016-08-07,19427,18959,38386,0.031196344502907782,5.717790200611277,2.3058338869462554
2016-08-08,10329,11765,22094,0.018584811990462746,3.951342159603981,1.59168775103587
2016-08-09,10785,11251,22036,0.019000969260592634,3.337964585911532,1.3465864159209686
2016-08-10,10852,11338,22190,0.019626639399555487,3.5798228024669996,1.4437051046265332
2016-08-11,9641,10092,19733,0.01767327106568314,2.0516447500050465,0.8312618626414288
2016-08-12,7292,8082,15374,0.013071342366089898,2.374451149867824,0.9576232653667837
2016-08-13,5072,5812,10884,0.009845647072541503,4.656770107222166,1.8686154311323915
2016-08-14,17420,17461,34881,0.02867972860703406,3.861379817738711,1.5617597642597052
2016-08-15,10747,10555,21302,0.019594756761746514,1.7910022493138658,0.7281577537825943
2016-08-16,1603,3002,4605,0.004358787962706545,4.1590995375485615,1.6662550877970488
2016-08-17,10655,12345,23000,0.019349751099283354,2.9471738700489607,1.1904793986791544
2016-08-18,11690,12173,23863,0.020582075602326225,3.617510642316603,1.4593535022880368
2016-08-19,12827,15046,27873,0.023464042796063518,3.3685980787245997,1.361517657167478
2016-08-20,18172,17909,36081,0.028643321651276272,3.4948745637803817,1.4151358185029186
2016-08-21,14083,13173,27256,0.02137408423755696,3.133903781030017,1.266385962954541
2016-08-22,9873,10416,20289,0.017939309375199712,5.024905074861397,2.020725615569679
2016-08-23,9172,11635,20807,0.018399086835807967,4.479910709348986,1.8030037358410793
2016-08-24,10975,12895,23870,0.02111780954206875,2.9887354547723857,1.2081648676341956
2016-08-25,8016,6957,14973,0.013220820995675607,7.783304141353034,3.121254149138619
2016-08-26,13129,13427,26556,0.02235209488622164,3.249250081011113,1.3131112893361783
2016-08-27,18046,18539,36585,0.030084167424931755,3.9330507000771204,1.5912707804858073
2016-08-28,13204,12695,25899,0.021533934130318004,3.7196349768731656,1.5007743512274572
2016-08-29,11130,10506,21636,0.019134908293036237,2.777428637019282,1.1224523997835347
2016-08-30,9980,12484,22464,0.019869842148989198,6.1750209421562685,2.481930282151901
2016-08-31,9025,10010,19035,0.0168262573759666,4.521674151750625,1.8187654151258301
2016-09-01,9935,10709,20644,0.01779631680974799,4.811607357349472,1.935320733025638
2016-09-02,11040,12984,24024,0.020464732248171736,4.93486011020246,1.9862228834298872
2016-09-03,18789,19220,38009,0.03088927623112385,4.040411574240263,1.6346981954347795
2016-09-04,20729,22256,42985,0.032633802088246844,4.854512668108795,1.961385348496466
2016-09-05,19718,17572,37290,0.028616265115849717,2.471462719256765,1.005754846772216
2016-09-06,5301,4031,9332,0.009030505380663934,0.926993298783627,0.3762156227418492
2016-09-07,2816,2446,5262,0.005135103058116074,1.1439858731122465,0.4606754110797684
2016-09-08,2134,4563,6697,0.006461087210050667,2.37646382523196,0.9544621824188144
2016-09-09,4885,4511,9396,0.008165100308831313,1.3126963200994306,0.529977588225071
2016-09-10,2658,2899,5557,0.0049929673949481845,2.9319957015464237,1.1757940610555386
2016-09-11,12733,9581,22314,0.01854357335183993,2.912479217012229,1.1761178308159959
2016-09-12,3811,4331,8142,0.007870122981032136,1.3742137080307815,0.5544075570009319
2016-09-13,3723,3542,7265,0.006916558971045263,1.3032938288316185,0.5254674669152746
2016-09-14,2024,2037,4061,0.0038906939281772046,1.5385988275442324,0.6177739473745993
2016-09-15,3150,3140,6290,0.006334810301855441,1.3422062004891067,0.540683366376756
2016-09-16,4371,4417,8788,0.008878101226644078,1.0865875935213913,0.43996189814454295
2016-09-17,2100,1623,3723,0.0034616449736914984,1.8480247493326178,0.7412868867172621
2016-09-18,9558,8261,17819,0.015746934225195092,1.1657337956314626,0.4757416787877021
2016-09-19,3217,3447,6664,0.0066172604642015746,1.4137945539498564,0.5694881778584636
2016-09-20,3506,3402,6908,0.0068620840507467125,1.1458805848335334,0.4624694843638614
2016-09-21,3587,3602,7189,0.007359353881382343,1.276840816230539,0.515151938821045
2016-09-22,3358,3352,6710,0.00686439031648735,1.3325137566121488,0.5371241368347519
2016-09-23,1615,1591,3206,0.0029713243020754693,1.7946877779715258,0.7196579057698556
2016-09-24,7531,6974,14505,0.01314423034878806,1.7333161069852558,0.7012129810033753
2016-09-25,6478,6110,12588,0.012746998550181635,1.5489737226112885,0.6272376881746244
2016-09-26,832,700,1532,0.00164148971333113,1.311377816043447,0.5255360202453775
2016-09-27,3421,3130,6551,0.0064099774498556,1.2518338819999117,0.5045795392698782
2016-09-28,2133,1892,4025,0.004499003500233803,0.8140735957703072,0.3283288404082632
2016-09-29,646,537,1183,0.0013189454069251676,1.3663422086173902,0.5473282506911112
2016-09-30,1715,1736,3451,0.0034967780868573224,1.1480059329943182,0.46130044004984166
2016-10-01,1133,1016,2149,0.0024524874559373666,0.9162710443595456,0.36797991021738075
2016-10-02,1821,1728,3549,0.0039587598912249,0.9211031427374159,0.37081651302970137
2016-10-03,1628,1865,3493,0.003594865856012353,3.4066175314857623,1.3648039321079124
2016-10-04,2123,1999,4122,0.004254676367664459,1.167913960940162,0.46971839019666356
2016-10-05,2387,2370,4757,0.004846302963168098,1.396851557142106,0.5616484046347433
2016-10-06,2503,2545,5048,0.005226034926948801,1.195219980081528,0.48122361298878047
2016-10-07,3889,4118,8007,0.00773848296090584,1.3377045806546768,0.5397249220384143
2016-10-08,4255,4063,8318,0.008656210400879466,1.6156717896534365,0.6514624421019023
2016-10-09,3622,3544,7166,0.00722669294801831,1.458106083134212,0.5875784490224958
2016-10-10,3673,3624,7297,0.007949695155455332,1.173859944149996,0.4743137947532716
2016-10-11,1348,1220,2568,0.0027087371919135976,1.2333300415584707,0.49495725893853654
2016-10-12,1968,2098,4066,0.004070487236711356,1.1893203800956802,0.47817044438029893
2016-10-13,1133,1160,2293,0.002411252076986984,1.479680639144978,0.5933190069041834
2016-10-14,1559,1776,3335,0.0033262335673676837,1.279189216961956,0.5136714269252031
2016-10-15,3923,3775,7698,0.008258186790362781,1.5677805444320507,0.6320671298470381
2016-10-16,777,779,1556,0.0019257002779572705,0.9226262299484174,0.3702059121461413
2016-10-17,486,547,1033,0.0011031865293207005,1.5445172317308775,0.6184688046099435
2016-10-18,1313,1319,2632,0.0029179964679871616,1.0219113131926176,0.41051532315783934
2016-10-19,1859,1713,3572,0.0038561626072011004,0.8601307838642699,0.3463660111100286
2016-10-20,349,501,850,0.0009115665097387611,2.546635546100649,1.019201158346103
2016-10-21,497,363,860,0.001013317892298784,0.8899872880560227,0.3566029059577884
2016-10-22,1623,1534,3157,0.0036353139418631394,1.0166983111368337,0.4088605128198515
2016-10-23,1946,1904,3850,0.004690528939351979,1.1436657693356815,0.4602806250978838
2016-10-24,822,1860,2682,0.002974744746244399,2.1690293154042584,0.8693965730094501
2016-10-25,1014,951,1965,0.002090174203162295,1.077580068782483,0.4322861320348906
2016-10-26,884,805,1689,0.0019127055278363194,0.9460350464188809,0.37956164188425423
2016-10-27,244,254,498,0.0006343994257908093,1.3815816072914564,0.5530132825720572
2016-10-28,1303,1296,2599,0.002699017957949002,1.2677912078599904,0.5087358939187655
2016-10-29,1468,1524,2992,0.0030224810591186965,1.4768461469009362,0.5925519473958457
2016-10-30,604,634,1238,0.0014085314030882648,1.1316535494253122,0.4535065386119779
2016-10-31,1192,1189,2381,0.0025064473137635006,0.932565745147993,0.3745301664474553
2016-11-01,865,968,1833,0.0020458321794516753,1.2540906727828847,0.5028637684208249
2016-11-02,619,621,1240,0.001293446391757109,1.1886074528947979,0.4762190489929734
2016-11-03,642,558,1200,0.001292725778699874,0.816992033590422,0.3275724489033888
2016-11-04,999,921,1920,0.0020407221321095594,1.1993904871409509,0.4809806281356461
2016-11-05,2067,2058,4125,0.004324393413288457,0.9867226013972743,0.39728367660688285
2016-11-06,1880,1774,3654,0.0044482137911935745,1.064263077160221,0.42837415913880456
2016-11-07,1176,1021,2197,0.0023840683931714026,0.8713181934391833,0.34995771841157614
2016-11-08,543,545,1088,0.0012758634331605807,0.8794901177407536,0.3525615651561978
2016-11-09,654,521,1175,0.0012643516395712553,1.0586448037014105,0.42421653246430696
2016-11-10,785,716,1501,0.0016920990006993697,0.8226529536396224,0.3300764408562686
2016-11-11,702,664,1366,0.0015336847391914537,1.0913994085348475,0.437479974257454
2016-11-12,1387,1317,2704,0.0032737271036911023,0.8323419998769631,0.33490103621299994
2016-11-13,1531,1483,3014,0.0037949885637506794,1.1826376411311712,0.47533204959071895
2016-11-14,848,770,1618,0.001681061340348934,1.1052137975153948,0.44309415581036726
2016-11-15,617,543,1160,0.0013154250900027692,0.8981795974909673,0.3600610940503886
2016-11-16,512,343,855,0.0009878051192783953,0.9037410415684626,0.36208909969895214
2016-11-17,682,755,1437,0.0015888950429243977,2.1666244125901644,0.8676031020618205
2016-11-18,1446,1410,2856,0.003020285239545832,0.970453133527382,0.38999342455468033
2016-11-19,352,365,717,0.0008333123536668261,1.0518042516635255,0.4212216880776103
2016-11-20,370,350,720,0.0009692605926336196,0.9132672100098319,0.3658884403595129
2016-11-21,324,347,671,0.0007910499810250571,1.2066085466025267,0.48311804862962576
2016-11-22,442,342,784,0.0008830231213591997,0.8510763652608202,0.34096035997714363
2016-11-23,490,326,816,0.0009218907140462622,0.9617038690602323,0.38523468205252076
2016-11-24,303,364,667,0.0008020566089987094,1.5636879633598255,0.6259564193093294
2016-11-25,360,463,823,0.0008965073762373914,1.1232619234269547,0.44984267379652426
2016-11-26,823,791,1614,0.0017330558061836147,0.813046493478329,0.3262584308750418
2016-11-27,598,633,1231,0.001670067085266674,1.7303675576124555,0.6931490632961422
2016-11-28,290,454,744,0.0008846426043878274,2.2996814656536877,0.9204033718241079
2016-11-29,391,424,815,0.0008871198644443297,1.0696348705744432,0.42838622014844385
2016-11-30,337,456,793,0.0008307947936859596,1.4099372327554585,0.5644733699783949
2016-12-01,338,422,760,0.0007794284489150534,1.77104228656648,0.7088845716959411
2016-12-02,439,536,975,0.001019510277735593,1.449262328895789,0.580316637724957
2016-12-03,872,842,1714,0.0018447217730768887,0.9256156898369987,0.37135310899864565
2016-12-04,461,416,877,0.0011213014699094814,1.2214276847517604,0.48924385478264987
2016-12-05,414,311,725,0.0009346441428967046,1.0812975619548921,0.4330798112676949
2016-12-06,361,340,701,0.0008295127029549627,1.4866728950062282,0.5951668656242644
2016-12-07,438,318,756,0.001068594752748245,1.238181956931957,0.49591393962443175
2016-12-08,289,370,659,0.0007603031142216963,1.5221730289912108,0.6093253934650175
2016-12-09,322,393,715,0.0009013852009926097,1.2870876631075137,0.5153758963636011
2016-12-10,292,310,602,0.0006750207698698422,1.1465678862177922,0.4590321669490388
2016-12-11,294,328,622,0.0009560733736862232,1.2406692976335834,0.4968413630776451
2016-12-12,353,212,565,0.0006419777951209687,0.994794034584171,0.398302800510741
2016-12-13,282,352,634,0.000808640265854334,1.3823891342575552,0.5534408378625347
2016-12-14,268,352,620,0.0007112106945947988,1.315942507784613,0.5268037295306022
2016-12-15,201,368,569,0.0006602767264633784,2.6235693575971357,1.049823909074732
2016-12-16,372,417,789,0.000841179728607034,2.0287283652990484,0.8119960539567835
2016-12-17,400,255,655,0.0008377180836333425,0.8283134147236582,0.33182799673964325
2016-12-18,434,370,804,0.0010222033981136071,0.7865218713018142,0.3152220705595939
2016-12-19,546,348,894,0.0009290608445520408,0.8434524573026576,0.33793841942779435
2016-12-20,363,373,736,0.0008921900064269031,1.6925666314817258,0.6775619665965465
2016-12-21,410,560,970,0.0010886276606919471,2.2855072671596104,0.9148560834602594
2016-12-22,542,337,879,0.0009800036287588689,0.888409210944495,0.3559516865550533
2016-12-23,450,465,915,0.0009692605926336195,1.489466731417702,0.5963682489226609
2016-12-24,548,475,1023,0.00131949761350123,1.4320038190455973,0.5735932261863397
2016-12-25,550,499,1049,0.0014759864951654814,0.8107682804182716,0.32519290406440793
2016-12-26,338,294,632,0.0008237302121069974,0.951527686718342,0.38110531281460097
2016-12-27,483,522,1005,0.0012435796282846438,1.204783184950882,0.4826594217573236
2016-12-28,560,635,1195,0.0012870509508741506,1.3030394807877932,0.5219880228856418
2016-12-29,523,490,1013,0.0011399554999570278,1.125468458297898,0.45087135661913347
2016-12-30,738,623,1361,0.001337124954016955,0.9969389476761156,0.3995778540428564
2016-12-31,530,508,1038,0.0011697972669716097,1.1297598075181152,0.4526058013674291
2017-01-01,852,893,1745,0.0021273381838322297,1.0427589172874463,0.41837996982527786
2017-01-02,615,748,1363,0.0017454679078882898,1.7005020788995373,0.681248112304548
2017-01-03,240,345,585,0.0008307947936859596,2.7590412057078724,1.1041149591593606
2017-01-04,329,333,662,0.0007640794541929962,0.8928553632001421,0.35760059295257274
2017-01-05,277,374,651,0.0007355995569094433,1.4930886369699397,0.5976768145221215
2017-01-06,438,441,879,0.0009984112871489162,1.0330395575468936,0.4138148697910468
2017-01-07,418,334,752,0.0009720299086125728,0.7126450907007172,0.2856412542254545
2017-01-08,350,365,715,0.001006887168434614,0.876856936483415,0.35134690689442677
2017-01-09,324,223,547,0.0007365202071684038,1.3190978849755446,0.5280810661145189
2017-01-10,261,152,413,0.0005661712668082095,0.9033971714875381,0.36169857135510014
2017-01-11,553,238,791,0.0008915254072594946,0.5923231019568542,0.23746415602709736
2017-01-12,337,203,540,0.0006230960952644696,0.7223563071389159,0.28931638051272507
2017-01-13,313,244,557,0.0005956416696110543,0.8070989355472115,0.3231969592206512
2017-01-14,475,458,933,0.0010255856633919896,0.9774039785405688,0.3915769428142627
2017-01-15,501,441,942,0.0012351149266131266,0.7679099203960815,0.30790503711440054
2017-01-16,461,378,839,0.0009868835124996853,1.0630129084218876,0.42579729347625495
2017-01-17,198,181,379,0.0005707492688330373,1.6205099778270509,0.6485464406921202
2017-01-18,208,170,378,0.0004996809266372076,0.9739110003269041,0.38986420868674404
2017-01-19,259,386,645,0.000806359652695196,1.476904685728215,0.5912456900829032
2017-01-20,396,312,708,0.0007758859423791289,0.915363367668001,0.36661087863262787
2017-01-21,53,48,101,0.0005134773377642389,1.3572420634920634,0.5432049117994839
2017-01-22,279,241,520,0.0007307917166682051,0.8006128747795414,0.3206836249418175
2017-01-23,289,287,576,0.0007126916122306026,1.4600596699212616,0.584451482935843
2017-01-24,374,320,694,0.0008373261992966983,1.2502774044072027,0.5006133574824592
2017-01-25,292,1358,1650,0.0020462168066709744,3.761152068096513,1.5056885573226078
2017-01-26,423,376,799,0.0009551575945926541,1.324132863021752,0.5302262397654564
2017-01-27,319,336,655,0.0007126213963082154,1.1664972664833622,0.46702647943112985
2017-01-28,335,447,782,0.0009151330530449888,1.3704598296232127,0.5487330116811121
2017-01-29,377,396,773,0.0009405224079463692,0.8652080434430963,0.34664753082200633
2017-01-30,417,398,815,0.0009756710462886037,0.833072853375141,0.33381454397782956
2017-01-31,301,271,572,0.0006507892550540016,0.9547361729179912,0.3822849427202289
2017-02-01,308,534,842,0.0008416124342287456,1.7479980612658415,0.6997041919668738
2017-02-02,363,260,623,0.0007602304922991713,1.1734860978639259,0.46985057744094993
2017-02-03,227,295,522,0.0005878502555323381,1.2948134189043279,0.5182780777150506
2017-02-04,445,447,892,0.0011183776068849456,0.8070085182440803,0.3234744338617631
2017-02-05,377,363,740,0.0009554140127388534,1.2235701010366646,0.4900012888223091
2017-02-06,393,291,684,0.0008077171605280162,0.7581112253695673,0.30372912044414374
2017-02-07,149,186,335,0.0005411097669401973,2.1845453222388205,0.8741427947556923
2017-02-08,495,305,800,0.000956439685323651,1.330243834526242,0.532671397621691
2017-02-09,384,476,860,0.000975333653990973,1.6284862625270096,0.6519797052031984
2017-02-10,395,219,614,0.0006636808984043011,0.7732535809474798,0.3096996409180345
2017-02-11,566,574,1140,0.0013657762896201002,1.109598836484328,0.44465900036750333
2017-02-12,195,181,376,0.0005815563555801718,1.0946368215118214,0.4382036624180768
2017-02-13,359,266,625,0.0006641664593591145,1.1513566297910633,0.4609411517920408
2017-02-14,449,341,790,0.0008903107949880239,0.9960199024326448,0.39894214745005074
2017-02-15,453,332,785,0.0008365642019754453,0.9049393630034109,0.3624776837225497
2017-02-16,484,380,864,0.0009989318352652608,0.8570655993657431,0.34342559884745644
2017-02-17,579,469,1048,0.0011605311454172514,0.9077042635395044,0.3637780241030521
2017-02-18,1745,1714,3459,0.003922043755192468,1.2665539408105972,0.5089748025773545
2017-02-19,1999,2050,4049,0.004602833933351796,1.0609735524018562,0.4271511213207536
2017-02-20,1341,1407,2748,0.003520427624188146,0.9150906432122887,0.3681485138594284
2017-02-21,431,343,774,0.0008390088665048885,1.6408884981328942,0.6568588045730606
2017-02-22,476,455,931,0.0011243935710842385,1.341389088421271,0.5372302715111589
2017-02-23,1043,903,1946,0.0021394100902978603,1.0728412235207367,0.43042013546247343
2017-02-24,464,385,849,0.0009270167895648418,1.364031342148963,0.5461687469333242
2017-02-25,524,552,1076,0.0012151567528337743,1.3355190007131144,0.534936694336946
2017-02-26,509,617,1126,0.0014898919966768209,0.9886691294075984,0.39636158696104545
2017-02-27,681,673,1354,0.0015753521160974994,1.136769288188877,0.4556529265452092
2017-02-28,257,371,628,0.0007071646160541204,1.560498975231118,0.6246238888620798
2017-03-01,530,525,1055,0.0011481122496076804,1.2867766197485877,0.5153995152491997
2017-03-02,517,466,983,0.0010650327702390844,1.0524785254374502,0.4216304298371236
2017-03-03,460,373,833,0.0009793308325570858,0.8778725264165851,0.3517366090661683
2017-03-04,547,443,990,0.0011125010743036124,1.0496370316169878,0.42052231329137735
2017-03-05,400,431,831,0.0010588561095997524,2.079486880811776,0.8324300659904702
2017-03-06,440,333,773,0.0008227176220806794,0.8755827201970577,0.35072671865207156
2017-03-07,328,266,594,0.0007066980870819247,1.2355643325881709,0.4946497518875175
2017-03-08,549,427,976,0.001003327574914393,0.9761752040556091,0.39107207816719225
2017-03-09,644,408,1052,0.00106878288562725,0.9195091723999953,0.3684449386913745
2017-03-10,365,270,635,0.0008864821258714315,0.8952396843558171,0.3586277630178497
2017-03-11,439,373,812,0.000952896452757987,0.9695992226819987,0.38841142694445435
2017-03-12,472,483,955,0.001280102182107958,1.0330100865380767,0.41397209592449546
2017-03-13,338,255,593,0.0007202884349104232,0.7987810072525183,0.3199445759619536
2017-03-14,249,161,410,0.0005615557401766209,1.156060558903696,0.46276115700558446
2017-03-15,295,319,614,0.0007328237095248795,1.1049730187202662,0.44242890171382143
2017-03-16,542,645,1187,0.001300424628450106,1.7473824048025144,0.6997332166980759
2017-03-17,739,581,1320,0.0013154250900027692,0.815242260385163,0.32688615920806685
2017-03-18,416,381,797,0.0008821226329510404,1.1439173602362596,0.45809621767427444
2017-03-19,806,752,1558,0.0020457643040600344,0.8525030629751017,0.34222868377247667
2017-03-20,411,348,759,0.0008861811132650235,0.9926287869624307,0.3975832234529313
2017-03-21,986,1079,2065,0.002438941441113168,1.1966540713300349,0.4801249933966819
2017-03-22,405,400,805,0.0009085299790600843,1.0777216213563636,0.43163376652998153
2017-03-23,750,549,1299,0.0014550643279245621,1.1559917394736166,0.4632697343862014
2017-03-24,501,453,954,0.0011769592910551093,2.0087600296371275,0.8042101874294841
2017-03-25,496,378,874,0.0009227270044626846,0.9590881097647833,0.384188880108591
2017-03-26,314,398,712,0.0009577217760546479,1.2799217564842564,0.5125433356593354
2017-03-27,417,369,786,0.000938490415089695,0.9332045345117241,0.3738449080537435
2017-03-28,709,703,1412,0.0013898246237656912,1.282438617605783,0.5138093418165726
2017-03-29,683,796,1479,0.0015306961368042092,1.7306494153058951,0.6931781838044406
2017-03-30,454,336,790,0.0008903107949880239,1.1064942081973888,0.4431318697559483
2017-03-31,345,450,795,0.0008636510849616755,2.438294910126704,0.9758361547016586
2017-04-01,981,1199,2180,0.002289012738853503,1.3265575243245586,0.5319964173731356
2017-04-02,2079,2397,4476,0.005183079948744186,1.2797266998101362,0.5150005278933011
2017-04-03,478,1545,2023,0.0022268024388140063,2.2844982859847462,0.9151353958571871
2017-04-04,287,290,577,0.0007140491200634228,2.1430806212668956,0.8576606779787965
2017-04-05,736,802,1538,0.0017054370903720115,1.3254144624535469,0.531189047235642
2017-04-06,282,277,559,0.0006474558191534098,1.6892972939269237,0.6761073910622615
2017-04-07,579,517,1096,0.0010981402978079797,1.1445037576009236,0.4584603872190542
2017-04-08,2440,2787,5227,0.005252537182139541,1.613010665918251,0.648355788676584
2017-04-09,2253,2581,4834,0.005700971170465723,1.3309204455535661,0.535788760923706
2017-04-10,1382,1560,2942,0.003215979846526295,1.515740461152491,0.6082257723689122
2017-04-11,897,1097,1994,0.0021220433156185024,1.6315730952483158,0.6539024640886975
2017-04-12,717,1004,1721,0.0017360674034725544,1.606660580278699,0.6437058725535632
2017-04-13,1257,1739,2996,0.002852200436069756,2.6155600211128984,1.0479353287068012
2017-04-14,5457,6642,12099,0.01095246250491918,2.068314414851479,0.8338972434435431
2017-04-15,2065,2066,4131,0.004264117217592709,1.4087175092593236,0.5660454740342851
2017-04-16,4100,4174,8274,0.009170009201275673,1.065618667157897,0.43174947238392425
2017-04-17,2399,2436,4835,0.005161096302963168,1.3525274447004754,0.5441076356619681
2017-04-18,1156,1076,2232,0.00238358982474186,1.0800216419284414,0.43343881066622175
2017-04-19,603,645,1248,0.001239898290576773,1.2340333193742286,0.49435726672403746
2017-04-20,363,205,568,0.0006727347779060837,1.0874433372768557,0.4353809757774859
2017-04-21,967,935,1902,0.0018391870251526132,1.1277689988652997,0.4522111117612115
2017-04-22,2833,3175,6008,0.005628729566810696,1.3408796807943522,0.5397291100578273
2017-04-23,3958,4049,8007,0.0076300424628450115,2.9875778972911013,1.1996091843941477
2017-04-24,1541,1381,2922,0.003091681667128219,1.002190305755357,0.4027311313024197
2017-04-25,281,1540,1821,0.0021044414098683145,8.560636753093648,3.4255173660833806
2017-04-26,1439,1468,2907,0.002890473553032401,1.2326946813415522,0.4948121566684403
2017-04-27,2101,1985,4086,0.0041529406415719795,1.198406721219352,0.481854452872684
2017-04-28,2567,2617,5184,0.005057957827273806,1.2431581293834166,0.500298026449731
2017-04-29,3711,3677,7388,0.006842830091237735,1.294602175651427,0.5219465683153135
2017-04-30,595,624,1219,0.0013858516601571824,1.0267641449380591,0.411537168971318
2017-05-01,350,384,734,0.00079207130753958,1.3733497918941588,0.5498151595421873
2017-05-02,605,1143,1748,0.001882688201820602,2.752697099424056,1.1022084526907148
2017-05-03,2780,2834,5614,0.0057318640803184304,0.9411442579199083,0.3798968216161544
2017-05-04,535,397,932,0.0010244122244178568,1.0278716604006752,0.4117633114949208
2017-05-05,175,250,425,0.0005312565347379605,2.156274847601378,0.8628286929613941
2017-05-06,146,161,307,0.000462129603987815,0.9567089598997495,0.3829608617222925
2017-05-07,206,229,435,0.0006653112778704635,1.418042526579112,0.5676161973983671
2017-05-08,618,718,1336,0.0016436403171379633,1.3195599338243413,0.5288101577200194
2017-05-09,536,431,967,0.0010465706637127297,1.2148231889994767,0.4865572179980182
2017-05-10,604,1592,2196,0.0025520679150870425,18.444057060214178,7.379154064834724
2017-05-11,522,347,869,0.0009170521766369609,1.6462590398785284,0.6590538472573936
2017-05-12,354,361,715,0.000716505562808526,1.6715464191541718,0.6690484709993539
2017-05-13,403,472,875,0.0011185864542438409,1.941771845572155,0.7773798901014085
2017-05-14,367,334,701,0.0009014123511492661,1.4514991856228985,0.581140521659849
2017-05-15,410,326,736,0.0008406852078965066,1.5936545426713784,0.6379662281932893
2017-05-16,414,354,768,0.0008975101331789231,1.0138069522911521,0.40606128699636823
2017-05-17,391,319,710,0.0007931418132703679,1.4048664668465447,0.5624224718265802
2017-05-18,384,204,588,0.0006577125450013847,0.8586162619185204,0.343841132294409
2017-05-19,399,385,784,0.0009000276931597895,1.5732161305651347,0.6298264688419497
2017-05-20,362,340,702,0.0008477764482738802,1.1559960403800582,0.46290708202098757
2017-05-21,227,117,344,0.0006112275982118131,1.3129226224902917,0.5255357855550437
2017-05-22,191,149,340,0.0006033152668433754,1.501548372262658,0.6009813380651693
2017-05-23,345,224,569,0.0007689270962838136,2.067710764490778,0.8275456620540816
2017-05-24,380,221,601,0.0007309396502140895,1.2390382955528416,0.4960538820112651
2017-05-25,335,243,578,0.000782184460012845,1.710838480263577,0.6848047027814385
2017-05-26,391,247,638,0.00085098772269916,1.4709417665667666,0.5888872992603261
2017-05-27,352,207,559,0.0007907935628788578,1.172950317388914,0.4696546030932929
2017-05-28,168,145,313,0.0005164400068858667,1.2892004767004768,0.5159900546843221
2017-05-29,309,243,552,0.0006950983107172528,1.553873610680112,0.6219665032584752
2017-05-30,299,229,528,0.0006475312362552332,1.3546512455154263,0.5422490169479237
2017-05-31,252,1331,1583,0.002214010431090187,6.934573578895804,2.7751578378169754
2017-06-01,347,331,678,0.0008164257013423345,1.6479545372592952,0.6596716703245235
2017-06-02,378,354,732,0.0008692575156158651,1.847196379758991,0.739400106412966
2017-06-03,311,275,586,0.0007759854149358442,0.9311742664071652,0.3729352978118276
2017-06-04,218,237,455,0.0006990834239552587,1.4388587830179613,0.5759629632615577
2017-06-05,287,93,380,0.0005026910527012871,0.48736444714705585,0.1952473934904431
2017-06-06,266,205,471,0.0007071646160541204,2.149770123360349,0.8603323481137721
2017-06-07,329,239,568,0.0006329865094750168,1.8767359796862901,0.7510741837802011
2017-06-08,298,260,558,0.0007892550540016616,1.414915735266579,0.5664398471390327
2017-06-09,177,228,405,0.0005149196898366103,1.2771900553150553,0.5111849739399241
2017-06-10,194,277,471,0.0006718738198937589,1.2217200413223142,0.48909114082086186
2017-06-11,249,250,499,0.0008165931732810714,1.1757573455537256,0.47079289412545894
2017-06-12,257,262,519,0.0006640706684224506,1.544557030271316,0.6182212545095799
2017-06-13,284,240,524,0.0007744424336491211,1.078875274136147,0.43201477511464825
2017-06-14,291,398,689,0.0007825790244095422,1.4441848330241187,0.5781434806242932
2017-06-15,234,251,485,0.0006769439059663375,1.268761485428152,0.5079107605148406
2017-06-16,340,328,668,0.000756616687106856,0.9907732559242961,0.3967632723819826
2017-06-17,368,293,661,0.000794218922265823,0.8324225287599316,0.3334455428573322
2017-06-18,309,242,551,0.0007977518189370862,1.5521767638147397,0.6213493566172581
2017-06-19,314,277,591,0.000765800643159507,1.0628063046161866,0.4255820022323703
2017-06-20,299,266,565,0.0006977590260695805,1.391006140705649,0.5568211116979014
2017-06-21,322,291,613,0.0007023992346617657,1.7320718894168237,0.6932501953075265
2017-06-22,364,259,623,0.0007934090279700914,1.2814028087964688,0.5130371689353697
2017-06-23,303,273,576,0.0008370886936381259,1.1694103604135904,0.468266397381619
2017-06-24,462,383,845,0.0012308071017569772,0.719235563782591,0.28843270977409063
2017-06-25,261,268,529,0.0007446382965629712,1.076113516113516,0.4308921894233443
2017-06-26,214,165,379,0.000513861964983538,1.2362026426732309,0.4947893742482825
2017-06-27,215,210,425,0.0005568092766193133,0.962791029718439,0.38545049745334725
2017-06-28,278,335,613,0.0007315174284027317,2.1247944083293695,0.8503566737887894
2017-06-29,239,320,559,0.0008982968706729438,2.4183105892645367,0.9678632138282184
2017-06-30,340,338,678,0.0009086818055940183,1.0944400282635576,0.43832122038877946
2017-07-01,381,521,902,0.0012052176173709584,1.9393619122603638,0.7764678954745681
2017-07-02,345,337,682,0.0010823972820176832,0.9607488887481961,0.3849489938684891
2017-07-03,387,487,874,0.0010309408121648499,2.613225281301555,1.045908677007921
2017-07-04,457,433,890,0.0009245942058763099,1.1232973177165009,0.4498736836101262
2017-07-05,490,456,946,0.0011436249320491913,1.479928670941743,0.5926576433359266
2017-07-06,562,469,1031,0.0011830323524124628,1.1885540051742054,0.4761314214811297
2017-07-07,483,430,913,0.0011701717518910085,1.110628249049605,0.4449534026709767
2017-07-08,670,713,1383,0.0017720959461474555,0.9516262407282591,0.38171375385899214
2017-07-09,414,353,767,0.001110803409335672,0.9816881271212415,0.393341732894098
2017-07-10,374,280,654,0.0008015039516008777,1.1628689366189366,0.4656284770185352
2017-07-11,640,470,1110,0.0012115757407920244,1.3841614992621183,0.5543915451493225
2017-07-12,432,370,802,0.0009048861422456723,1.2262677160738102,0.49105001811487153
2017-07-13,370,330,700,0.0008451638860295847,1.4585915948135546,0.5839437362570397
2017-07-14,477,395,872,0.001008822249475808,1.1292494459905174,0.45230507174589246
2017-07-15,854,858,1712,0.0019396946242413718,1.0010031458652304,0.40156507512063705
2017-07-16,414,433,847,0.0012055554886638653,1.6084986950870541,0.64412281132802
2017-07-17,470,412,882,0.0010829070502604726,1.4454641119813256,0.5788353890226865
2017-07-18,683,694,1377,0.00157445162768934,1.1642514924492753,0.4666452679563237
2017-07-19,597,663,1260,0.0014885073386873443,1.4135642892820663,0.5663188201160391
2017-07-20,494,367,861,0.0009765482662624437,1.274984028699199,0.5105795404394371
2017-07-21,868,747,1615,0.0017055469838632399,0.9819353332525862,0.3937974614913525
2017-07-22,575,607,1182,0.0014186450492182975,0.842880716706343,0.33800347371206824
2017-07-23,399,427,826,0.001122149912304994,0.9126902807228642,0.3657494022365287
2017-07-24,493,601,1094,0.0012595529255151172,1.2505935124777712,0.5009931367464175
2017-07-25,697,622,1319,0.0014527370072925322,2.0818584141645546,0.8336150078701975
2017-07-26,546,390,936,0.0011308040247392228,0.6250153253058971,0.2506846125372024
2017-07-27,508,610,1118,0.0011996586023580043,1.2191371452647999,0.48837465326733476
2017-07-28,825,1276,2101,0.002069860068092593,1.5715804096442407,0.6298740798985519
2017-07-29,876,912,1788,0.0017783555223053935,1.6131844065664076,0.6463407759399463
2017-07-30,1082,1452,2534,0.0023340022685629526,2.248952615099323,0.9009814474008672
2017-07-31,5921,6206,12127,0.011125265392781317,1.5553220285497948,0.6288039706555868
2017-08-01,7218,7495,14713,0.01333370986313749,2.1256639248480362,0.8582657958570972
2017-08-02,6870,7164,14034,0.012075948490722792,1.662174387369862,0.6721153240423786
2017-08-03,6216,6462,12678,0.011792046823893959,1.338921545451817,0.5426438462750631
2017-08-04,3134,4413,7547,0.0063813929317483266,3.4434521689220254,1.3812097033278594
2017-08-05,9286,8943,18229,0.014955130487531484,2.888828421083448,1.164504446725898
2017-08-06,17594,16765,34359,0.02859068508873489,3.6420473966827354,1.473973369726335
2017-08-07,6451,6533,12984,0.011455382059092942,2.538980060721609,1.0224652535240994
2017-08-08,9527,9703,19230,0.01744851258581236,1.9770309230136258,0.8012814767569377
2017-08-09,9410,9108,18518,0.016367367516633646,2.4482045123484792,0.9891022254493718
2017-08-10,9160,8968,18128,0.016664820456014032,1.4962888623971033,0.6085144372324498
2017-08-11,4558,4843,9401,0.008846636798518985,1.9960627891859184,0.8037330977534788
2017-08-12,10703,11055,21758,0.01949400640898841,2.8305302725008192,1.1439085128457207
2017-08-13,17667,17097,34764,0.028246208480622932,3.490235646223285,1.4130419835776877
2017-08-14,8921,9264,18185,0.015867479466748928,1.9092168628118837,0.7732072328048029
2017-08-15,5989,6207,12196,0.011341097397591444,1.9121834164367861,0.7716780250132693
2017-08-16,9757,9603,19360,0.016897209300695135,2.4239832893610025,0.979731641324818
2017-08-17,4729,5008,9737,0.008573340718175945,2.219485713748173,0.8929382899301749
2017-08-18,7228,8528,15756,0.014097436764288053,2.631742007154431,1.0611552649203453
2017-08-19,12959,12275,25234,0.02001149106975175,2.4418189600646873,0.988734478667726
2017-08-20,18885,17340,36225,0.027490786698762325,2.465221911924316,1.002583236788984
2017-08-21,8882,9695,18577,0.015615396045957138,2.1345412959754064,0.863185756017737
2017-08-22,2474,2585,5059,0.004539309711553878,1.506572430805737,0.6053525581492272
2017-08-23,8094,8124,16218,0.014325884583430969,2.414071399861827,0.9742240906947895
2017-08-24,6358,6644,13002,0.01147135888204844,2.6570582567986016,1.0697061180486698
2017-08-25,9114,9311,18425,0.016284820598030235,2.41684986304547,0.976510837577006
2017-08-26,14342,14001,28343,0.02386086551255986,3.038201563811264,1.2295971448320415
2017-08-27,13601,13459,27060,0.022502360591632662,2.3825018368722293,0.9665021511038713
2017-08-28,7410,7449,14859,0.013290918441846161,2.5405977278550966,1.0242136422071464
2017-08-29,7415,7124,14539,0.012835602042193014,2.1439162341622477,0.8652678548902151
2017-08-30,8406,8283,16689,0.01513376524945707,1.9577145723493934,0.7921660880894317
2017-08-31,6354,6679,13033,0.011498874521582913,2.680167172756089,1.0789661938153854
2017-09-01,7760,8522,16282,0.014021392965937412,3.423109428909574,1.377656607343392
2017-09-02,13256,12605,25861,0.021502237140197455,2.8013082123885034,1.1334246272395199
2017-09-03,10298,10016,20314,0.017293694506839527,3.075678488960917,1.2406476122884706
2017-09-04,15961,14669,30630,0.02579178796495802,1.8336051103088515,0.7489171169025155
2017-09-05,1885,1999,3884,0.003944208616292672,1.1079163122061444,0.4455330500522333
2017-09-06,2530,2352,4882,0.004691260272797126,0.8459797105091833,0.34120664036735165
2017-09-07,1471,2962,4433,0.0043787300478810715,2.0355032593633062,0.8168285417740511
2017-09-08,2442,2602,5044,0.004780916335887258,1.4760211986546703,0.5932770292634005
2017-09-09,6962,7282,14244,0.013257164669515818,2.8681726622923795,1.1552233637186613
2017-09-10,9750,7474,17224,0.0158303332410228,1.1045396424772203,0.4513140569355018
2017-09-11,2631,2541,5172,0.005196539984035707,1.1056875045854295,0.4453929258245933
2017-09-12,3623,4109,7732,0.008041506172217886,0.8494122536645681,0.344589805169158
2017-09-13,2297,2189,4486,0.004498102204049718,1.0916185495086301,0.4393462811258819
2017-09-14,3166,2911,6077,0.006028279130996673,1.3410134953070365,0.5400223656014127
2017-09-15,3991,4520,8511,0.008002564462468182,2.6708797197212117,1.0731534265659657
2017-09-16,13091,12578,25669,0.02134208392695679,2.240399692861441,0.9089651275007504
2017-09-17,12163,11010,23173,0.021321886827286994,1.403230276575182,0.574085242726445
2017-09-18,2514,2451,4965,0.0049857868929903725,1.0387714789699851,0.4185000637237883
2017-09-19,2475,2274,4749,0.004695796659964119,0.8673593683463361,0.3497612253345129
2017-09-20,3098,3002,6100,0.006141365435678565,1.2515637161543833,0.5043103057231605
2017-09-21,3244,3224,6468,0.006150189236591896,1.0675310630475983,0.43070253876099446
2017-09-22,3976,4445,8421,0.007917208832979897,2.8206221629275183,1.1329991904707952
2017-09-23,13695,13071,26766,0.02173179989248538,2.6268479835254226,1.0637782733456604
2017-09-24,12829,12051,24880,0.021196378691993943,2.006382863366805,0.8152709725619184
2017-09-25,4202,4022,8224,0.007838702729314747,0.9317401039453487,0.37739926321572836
2017-09-26,3904,3579,7483,0.007331764054278594,0.9512837842038812,0.38491257211411967
2017-09-27,2986,2957,5943,0.005981518888363986,0.8875651741244344,0.3586149809827922
2017-09-28,2342,2172,4514,0.00446000345161122,0.9335566231979804,0.37609865135015885
2017-09-29,870,1046,1916,0.0017990802750593843,1.2726071954176414,0.5101223263320922
2017-09-30,4727,4528,9255,0.008708170999571324,1.6651670737716782,0.6712917321084141
2017-10-01,5609,5357,10966,0.011095590271555867,1.3246064153404509,0.5364999202991139
2017-10-02,2201,1911,4112,0.004117321256943652,0.8693927215996419,0.350227481394023
2017-10-03,2914,2574,5488,0.005135563707545058,0.8102216901941619,0.3271700143021918
2017-10-04,1210,1016,2226,0.002230952686029834,0.821178679838094,0.3298100435468555
2017-10-05,2781,2476,5257,0.004849109702335955,0.9767045264077201,0.3935912763844896
2017-10-06,2209,2136,4345,0.004228152075008902,1.182206440328255,0.47541946737630747
2017-10-07,3932,3809,7741,0.007479103365694025,1.3026196658696936,0.5255353283672939
2017-10-08,6214,5862,12076,0.012047527883801108,1.3121856284584825,0.5321027681136736
2017-10-09,3362,3239,6601,0.006651449003860752,0.9759027137572085,0.39435195490519986
2017-10-10,2566,2290,4856,0.004874810627657321,0.8194436765005914,0.330702356976831
2017-10-11,795,612,1407,0.0014066866393091816,0.8400241490872484,0.3368536716184849
2017-10-12,1120,893,2013,0.002042370534477984,0.7800357257749457,0.3132397126306651
2017-10-13,1638,1615,3253,0.00319474712934311,0.8999771729003236,0.3619077174377354
2017-10-14,1740,1399,3139,0.003326424466906674,0.7646707890255835,0.30786417029037744
2017-10-15,1055,992,2047,0.0021802868659695023,0.8229305839364451,0.33048040569415976
2017-10-16,1314,1164,2478,0.00241713122945589,0.9080352098200499,0.3646643626656935
2017-10-17,1675,1522,3197,0.0032843667917054793,0.764107289057756,0.3076135356981257
2017-10-18,1810,1615,3425,0.003469911588554045,0.7286186511075445,0.2935294073961503
2017-10-19,1994,1678,3672,0.003615161402959556,0.8387809950179864,0.33768149484897036
2017-10-20,2468,2359,4827,0.0047048700399572735,0.9988725328151148,0.4023719351500203
2017-10-21,4133,4052,8185,0.007912052765220511,1.2987890431993556,0.5242628489388745
2017-10-22,4359,4137,8496,0.008842929432793736,1.009703394718264,0.4091871155469819
2017-10-23,1155,984,2139,0.002244660412628081,0.7558701031447962,0.3036948375054953
2017-10-24,1054,863,1917,0.0019116546869639619,0.8223552796691829,0.33008910467985153
2017-10-25,1082,833,1915,0.0019704748311782376,0.6599956363205881,0.26518053942694214
2017-10-26,1322,1063,2385,0.002432592331512298,0.8351220058117321,0.3355083577236002
2017-10-27,1380,1171,2551,0.0025280189616694085,0.7280825773264088,0.2927498423075652
2017-10-28,580,540,1120,0.0011423428413181943,1.2552799961825456,0.5027974041778092
2017-10-29,1300,1159,2459,0.0029174986760726242,0.725751290801546,0.292051015526262
2017-10-30,940,892,1832,0.0019125588479645527,0.9372025733723858,0.3760285646577331
2017-10-31,1214,981,2195,0.0022687088596808898,0.8106042465534965,0.32560292393720713
2017-11-01,741,579,1320,0.0012947585528464024,0.7806712739374876,0.3130453647067029
2017-11-02,638,467,1105,0.0011077263915812794,0.6464864595206693,0.25925921964321647
2017-11-03,1335,1155,2490,0.002582919711139041,0.828635610629943,0.33300399607866066
2017-11-04,1040,829,1869,0.0018620549977886804,0.6635718649046233,0.2665459789605225
2017-11-05,330,255,585,0.0007249091827259843,0.9206179527386957,0.3686821266051139
2017-11-06,834,550,1384,0.001360891471746777,0.5885589585092044,0.2362401182867298
2017-11-07,823,557,1380,0.0014717574436533532,0.5926655391084622,0.23794927010957687
2017-11-08,1179,900,2079,0.0020790536379305356,0.728085714704423,0.2924817180645275
2017-11-09,643,442,1085,0.0010689140085429203,0.6229031866889811,0.2498026230807182
2017-11-10,641,457,1098,0.00115685941701432,0.6339830121528789,0.25428732051136016
2017-11-11,793,639,1432,0.0016111317114842125,0.6827263216737275,0.27405720769638153
2017-11-12,658,652,1310,0.0014944756920902604,0.8315966206100855,0.33353533365928845
2017-11-13,667,427,1094,0.001133001894563789,0.5346688717782452,0.21454734984803636
2017-11-14,732,474,1206,0.0012153036661483076,0.6101133416160286,0.24477451884610044
2017-11-15,625,391,1016,0.0010652933241618353,0.5535052717300035,0.2220412846864985
2017-11-16,771,447,1218,0.0012483557186374966,0.7558179789683414,0.30307620501851906
2017-11-17,1012,712,1724,0.0017957283301024648,0.643785564973143,0.2585916629873187
2017-11-18,439,288,727,0.000742578679840273,0.5382026940706907,0.21572662483618044
2017-11-19,640,499,1139,0.0014769685221083728,0.6485530762724687,0.2603074116222525
2017-11-20,703,542,1245,0.0013673497646081417,0.7778199997411238,0.31194840975521443
2017-11-21,752,508,1260,0.0011950200474395867,0.653891077495976,0.2622734430268541
2017-11-22,669,465,1134,0.0011203141914856122,0.5802449827454397,0.23277018161306726
2017-11-23,678,424,1102,0.0011045310269901796,0.6050513855174489,0.24268327282317367
2017-11-24,1026,736,1762,0.0017247137015980584,0.5947542349906393,0.23893652221721454
2017-11-25,921,711,1632,0.0017531556802244039,0.5568916505286695,0.22380855361960247
2017-11-26,512,395,907,0.0010936233935403142,0.9802881923499293,0.39277145097609584
2017-11-27,754,405,1159,0.0012249756568192174,0.7707095811520059,0.30901881785489393
2017-11-28,975,651,1626,0.0016626547089022858,0.5112059231021625,0.20547996206620636
2017-11-29,634,419,1053,0.0011258858406235956,0.5849651891240547,0.23466160715399606
2017-11-30,558,298,856,0.0008152948908186843,0.9241694346084864,0.3701569507778858
2017-12-01,583,686,1269,0.0012619269404093552,1.2257170398795518,0.49104397211606643
2017-12-02,918,669,1587,0.0016211149692179877,0.6543054657783054,0.26269485529285297
2017-12-03,689,566,1255,0.0014034330130627225,0.8440893328652694,0.3384777929539454
2017-12-04,570,376,946,0.0009231053263177328,0.6702800491328805,0.2686658828489429
2017-12-05,548,245,793,0.0007626108775374906,0.38264284267914594,0.15351470359818087
2017-12-06,636,366,1002,0.000998018873953518,0.7129926141703353,0.2857958569925062
2017-12-07,766,414,1180,0.0011321615325720431,0.5575629805417086,0.22370448913622668
2017-12-08,626,501,1127,0.0011499151896981446,0.7403549453256735,0.2968319272440883
2017-12-09,498,266,764,0.0008123326871596049,0.44010605478636167,0.17652982152684044
2017-12-10,504,369,873,0.0010296820321744164,0.5932513184955502,0.23791833661752482
2017-12-11,507,385,892,0.0009600295393704421,0.7969954263921318,0.3193741882804751
2017-12-12,455,203,658,0.0006775744423914179,0.5336817188757883,0.2138792322157502
2017-12-13,789,250,1039,0.0010547199529216283,0.4484231046731047,0.18000207384099487
2017-12-14,550,273,823,0.0009131580706462056,0.5022380560973402,0.2014431172813238
2017-12-15,552,348,900,0.0008748520933511241,0.5032874996450327,0.2018399111140238
2017-12-16,479,288,767,0.0008623747127441978,0.5233049722105474,0.20983941371186549
2017-12-17,465,349,814,0.0009940799339544265,1.1063180975156175,0.4431236869666197
2017-12-18,506,302,808,0.0007783456274179066,0.824677572790318,0.3303380364925779
2017-12-19,671,430,1101,0.0010517291934774462,0.5369192681792477,0.21539874478778556
2017-12-20,690,434,1124,0.0011098243582320015,0.5982252701653561,0.23995600268108164
2017-12-21,729,451,1180,0.0012275102970201281,0.6099319079653598,0.24470926936435597
2017-12-22,512,246,758,0.0007140288587524852,0.5360004695923785,0.2148286051522029
2017-12-23,418,255,673,0.0007073294562909628,0.47891491860791224,0.1919903651169395
2017-12-24,535,355,890,0.0010310756814495392,0.4697278416028416,0.18850978205000637
2017-12-25,458,369,827,0.0010758792578233177,0.6311908332465608,0.25312186085331834
2017-12-26,354,330,684,0.0008242633880752209,0.8226283032315802,0.32954587932547724
2017-12-27,479,345,824,0.0008508946677267489,0.7057095979448823,0.282794375978589
2017-12-28,495,338,833,0.0008318765577402382,0.5957432078942685,0.23879640909235153
2017-12-29,447,328,775,0.0009063215931119559,0.629950479794183,0.2525239848735404
2017-12-30,543,362,905,0.0010299912062071547,0.534355808722988,0.2143603182129195
2017-12-31,441,355,796,0.0009513113223996636,0.7368926552750082,0.2953278489034431
2018-01-01,349,341,690,0.0009259900304624758,0.7675443044001158,0.3075733157783238
2018-01-02,40,48,88,0.0009461829594756762,1.1083333333333334,0.44390104310901873
2018-01-03,0,3,3,0.0,1.0,0.4000000000000001
2018-01-04,0,0,0,,,
2018-01-05,0,2,2,6.923289947382996e-05,2.0,0.8000415397396844
2018-01-06,0,14,14,0.0001730822486845749,3.5,1.4001038493492106
2018-01-07,410,425,835,0.0011105522242128643,0.8047289358898911,0.32255790569048415
2018-01-08,468,550,1018,0.0010320029077817779,1.2960610520316886,0.5190436225573445
2018-01-09,546,422,968,0.0009461829594756762,1.2248666371632833,0.4905143646409987
2018-01-10,559,390,949,0.0010258007938705805,0.7637897773735723,0.30613139142575124
2018-01-11,544,324,868,0.0008697382996399889,0.5997656831526317,0.24042811624083668
2018-01-12,438,1272,1710,0.0020448431380306205,18.70758781863676,7.484262033337522
2018-01-13,447,349,796,0.0009148633144756103,0.674677810347272,0.27042004212759424
2018-01-14,425,309,734,0.0009080161046375392,0.5333055767935856,0.21386704038021678
2018-01-15,419,308,727,0.0007696390658174097,0.5568025468683364,0.22318280218682499
2018-01-16,512,319,831,0.000889642758238715,0.47090567874391404,0.18889605715250884
2018-01-17,516,365,881,0.0009145442688559152,0.7150404740217874,0.28656491617002855
2018-01-18,546,398,944,0.0009681616577213365,0.8098423278492222,0.3245178281343217
2018-01-19,547,320,867,0.0008686565355857103,0.6022085279486595,0.24140460510081524
2018-01-20,699,604,1303,0.0014597580838210927,0.7379541727486943,0.2960575239497705
2018-01-21,493,418,911,0.0010775156718108808,0.6282343472250579,0.2519402482931097
2018-01-22,446,273,719,0.0007890163198655449,0.4413059732341234,0.1769957990855687
2018-01-23,546,273,819,0.0009807994092125912,0.5449130980634539,0.2185537188709091
2018-01-24,558,294,852,0.0008670596457912991,0.5150636374726011,0.20654569077651522
2018-01-25,558,341,899,0.0010038770423705346,0.5800448526145578,0.2326202672712455
2018-01-26,624,397,1021,0.001149504865401694,0.5915822245990288,0.23732259275885256
2018-01-27,462,380,842,0.0010737886957607745,0.8591500030568449,0.34430427444019446
2018-01-28,599,517,1116,0.0013355655698497016,0.6330939238573684,0.2540389088848572
2018-01-29,467,292,759,0.0008526578145724321,0.7456561938219268,0.29877407221751423
2018-01-30,481,250,731,0.0008509352735328919,0.6715604831211361,0.2691347544125742
2018-01-31,481,462,943,0.0009837771683297452,0.7801345976393415,0.3126441053567344
2018-02-01,522,403,925,0.0009981076340810485,0.6529331787774992,0.26177213609144834
2018-02-02,523,373,896,0.0008851159917346569,0.6891158244518569,0.27617739937578356
2018-02-03,14,17,31,0.0002884704144742915,1.138888888888889,0.4557286378042402
2018-02-04,305,267,572,0.0007072615808993217,0.8651246538501439,0.3464742184885972
2018-02-05,512,285,797,0.0008504107818702114,0.5579676670802248,0.22369731330121204
2018-02-06,547,282,829,0.0008716535540311707,0.5488311370581844,0.22005544695569249
2018-02-07,442,184,626,0.000629796053278066,0.3063362038551792,0.12291235917403852
2018-02-08,515,227,742,0.0008320094059574302,0.5061923162610747,0.20297613214800436
2018-02-09,441,231,672,0.0007469865469544811,0.33162660428425456,0.13309883364187455
2018-02-10,373,264,637,0.0007628681753342774,0.6134234466148917,0.24582709955115725
2018-02-11,372,264,636,0.0008114095818332873,0.5090150419866886,0.20409286254377537
2018-02-12,591,406,997,0.000992693266301685,0.4870823403425369,0.19542855209679577
2018-02-13,573,413,986,0.001049843147758897,0.5912156985744043,0.23711618531841705
2018-02-14,675,400,1075,0.001075772745670281,0.551718769630436,0.22133297149957656
2018-02-15,575,396,971,0.0010328186642817258,0.7862668805157308,0.3151264434048614
2018-02-16,654,426,1080,0.0011367595429735307,0.521464376862381,0.20926780647073653
2018-02-17,483,377,860,0.0010333651291834622,0.6871445098445323,0.27547782301532303
2018-02-18,903,842,1745,0.0021273381838322297,0.7757129454128608,0.31156158107544374
2018-02-19,356,250,606,0.0007375966597788808,0.7417312233987337,0.2971350473553608
2018-02-20,521,297,818,0.0009071897172432892,0.5490798296209418,0.2201762456787227
2018-02-21,573,328,901,0.001006264383731701,0.7132925981661292,0.28592079789669067
2018-02-22,675,407,1082,0.0012004280705377635,0.6109271169489374,0.24509110362189765
2018-02-23,606,333,939,0.0010516238695938655,0.4047108352899962,0.16251530843775477
2018-02-24,712,527,1239,0.001360426474660759,0.7542271744958349,0.3025071256831304
2018-02-25,687,516,1203,0.001596510661866519,0.5899054572616624,0.23692008930178493
2018-02-26,769,644,1413,0.0014357838229341966,0.7362596971056696,0.2953653491360284
2018-02-27,885,695,1580,0.0015634235358791752,0.582635416032783,0.23399222053464072
2018-02-28,623,542,1165,0.001099699388743734,0.9183895614975782,0.36801564423227756
2018-03-01,524,472,996,0.0009755544925857859,0.9823148032362417,0.39351125399004816
2018-03-02,586,364,950,0.0008979914314105593,0.5797426943822064,0.2324358726117289
2018-03-03,969,858,1827,0.0020043491880456345,0.7528583083091204,0.3023459328364756
2018-03-04,788,681,1469,0.001625819255977107,0.6107821407822163,0.24528834786647277
2018-03-05,644,415,1059,0.0010416404420835327,0.6639540539007268,0.26620660582554084
2018-03-06,576,322,898,0.0009176106517563178,0.6536503022026523,0.26201068727211474
2018-03-07,545,365,910,0.0009151723899196899,0.6141274302910469,0.24620007555037057
2018-03-08,672,574,1246,0.001300040001230807,0.9910612978077762,0.397204543123849
2018-03-09,623,376,999,0.0010114493907504847,0.611220941262554,0.2450952461394719
2018-03-10,700,499,1199,0.0012915908131347295,0.6844343653507667,0.27454870062818754
2018-03-11,760,639,1399,0.0016603532855956008,0.8078662235672468,0.3241427013982561
2018-03-12,523,446,969,0.0009628698634514197,0.7449242308813616,0.29854741427061554
2018-03-13,747,385,1132,0.0010503619891601061,0.6491199059995572,0.26027817959331895
2018-03-14,637,416,1053,0.0011663983402879152,0.6647744094061898,0.2666096027666487
2018-03-15,700,464,1164,0.0011899404597064526,0.5648366262794742,0.22664861478761356
2018-03-16,627,419,1046,0.0010116269938041723,0.5764275063683196,0.23117797874361035
2018-03-17,986,826,1812,0.0018315248860804108,0.7266715967239301,0.2917675536212203
2018-03-18,911,867,1778,0.0021688779235165276,0.8990991309432542,0.36094097913141165
2018-03-19,679,426,1105,0.0011077263915812794,0.6086175656046062,0.24411166207679125
2018-03-20,638,354,992,0.001020910533510921,0.5441274517688588,0.21826352702765012
2018-03-21,748,608,1356,0.001331958319727863,0.9311889104934394,0.3732747391892125
2018-03-22,674,463,1137,0.0011418102805530112,0.5877678363761725,0.2357922207188008
2018-03-23,812,595,1407,0.0013632772411096812,0.685695505491575,0.2750961685412958
2018-03-24,1061,831,1892,0.0019154435521092957,0.7785785890601801,0.31258070175533764
2018-03-25,871,782,1653,0.001903904735530324,0.767716879067352,0.308229094468259
2018-03-26,907,746,1653,0.0016914129902221844,0.7613027791879815,0.30553595946932594
2018-03-27,517,399,916,0.0009877226991599742,0.8677936379098619,0.34771008878344073
2018-03-28,925,740,1665,0.001625955006760389,0.6842204316063719,0.274663745646605
2018-03-29,518,373,891,0.0009099181073703367,0.7214474058056392,0.2891249131866779
2018-03-30,1462,1392,2854,0.0031177137956602138,0.8635201637567279,0.3472786937800873
2018-03-31,1369,1233,2602,0.0028839475010328185,0.8725872885028453,0.3507652839017579
2018-04-01,1222,1178,2400,0.002568210890005407,0.9219145232992066,0.3703067358536859
2018-04-02,1152,1223,2375,0.0024221024982586875,0.9827741909354976,0.3945629378731543
2018-04-03,545,407,952,0.0009447627974351874,1.036304368178655,0.4150886049499231
2018-04-04,494,231,725,0.0006912800114129386,0.515754011902772,0.20671637276795662
2018-04-05,748,572,1320,0.001358695652173913,0.9941429471586205,0.39847239625475256
2018-04-06,570,373,943,0.0009199583763416496,0.5934046708447093,0.2379138433636887
2018-04-07,753,639,1392,0.0015369703683190254,0.9778112302728671,0.39204667433013823
2018-04-08,647,605,1252,0.0013288250060299622,0.8016311700436627,0.321449763021083
2018-04-09,785,564,1349,0.0013042256503820026,0.7032752099175228,0.28209261935723834
2018-04-10,731,584,1315,0.001310180173375964,0.7762793594502584,0.3112978518841289
2018-04-11,658,473,1131,0.0010822731197159007,0.7887618299338615,0.31615409584537413
2018-04-12,622,412,1034,0.0010154158589495061,0.5134125637203489,0.20597427500350926
2018-04-13,730,487,1217,0.0011883258864911113,0.5511351383972666,0.2211670508908013
2018-04-14,301,132,433,0.000438866176325634,0.3798159467650993,0.15218969841183513
2018-04-15,134,79,213,0.0002904404563292379,0.46140147115756874,0.18473485273682502
2018-04-16,374,200,574,0.0005615557401766208,0.3534038304940842,0.14169846564173966
2018-04-17,557,596,1153,0.001104671998957434,2.572682967233498,1.0297359900927738
2018-04-18,871,628,1499,0.0014569452815742746,0.6154552181803519,0.24705625444108534
2018-04-19,726,1470,2196,0.0021999528802952835,1.3380028348865167,0.5365211056827839
2018-04-20,1260,1029,2289,0.0021016452771781807,0.7484488957707277,0.300640545474598
2018-04-21,2183,2153,4336,0.004411272356026569,1.046460870259006,0.42123111151721837
2018-04-22,2532,3001,5533,0.006011173970188094,1.0401611002286677,0.4196711444735799
2018-04-23,1902,1826,3728,0.0036179135182181424,0.7807999825334457,0.31449074112430925
2018-04-24,1222,1021,2243,0.002149187007951893,0.7226660278503898,0.2903559233449271
2018-04-25,744,991,1735,0.0018076277346995293,5.35362787407351,2.1425357262702236
2018-04-26,1823,4941,6764,0.005934502126692656,42.754034689296674,17.10517457699469
2018-04-27,2004,1604,3608,0.003550945380259192,0.8279376962298286,0.333305645720087
2018-04-28,1115,963,2078,0.0020157810875786144,0.7870238780961721,0.3160190198910161
2018-04-29,2110,2132,4242,0.004519610218775962,0.9250968850252654,0.3727505201413718
2018-04-30,2708,2701,5409,0.005604717907404144,0.9626127839881361,0.38840794433969694
2018-05-01,3206,3173,6379,0.006064609680297855,1.067641678562521,0.43069543723318715
2018-05-02,2510,2374,4884,0.004500138465798948,0.9928866537531125,0.39985474458072434
2018-05-03,1186,954,2140,0.002077990359569592,0.8242546230520297,0.3309486434365536
2018-05-04,1150,1271,2421,0.00239566194796944,1.4062133871286961,0.5639227520202601
2018-05-05,6815,6757,13572,0.01245915258931044,1.2196649888218436,0.4953414870823238
2018-05-06,2446,2336,4782,0.004728908046668995,1.041961773816221,0.4196220543544898
2018-05-07,2474,2255,4729,0.005211450674909104,0.7918447929794422,0.3198647875967224
2018-05-08,2821,2944,5765,0.005632590892906595,1.0632563479583153,0.4286820937190701
2018-05-09,2484,2334,4818,0.00462885315214466,0.9961335499127956,0.40123073185640507
2018-05-10,1703,1660,3363,0.0032569133995331728,0.9065288520536614,0.36456568886118446
2018-05-11,2127,2240,4367,0.004189077973796811,1.1229363902415392,0.4516880028808937
2018-05-12,2705,2642,5347,0.005001839888013415,1.3594768841246527,0.5467918575826691
2018-05-13,7346,5964,13310,0.014107534669705813,1.2087149045567847,0.4919504826245374
2018-05-14,4220,3122,7342,0.007297548954683555,0.9296372583854755,0.3762334327270003
2018-05-15,1284,3218,4502,0.00451439229804356,3.5805612160367972,1.4349331217935455
2018-05-16,3878,2598,6476,0.00607257884014977,1.3111403841015983,0.5280997009447291
2018-05-17,3399,3565,6964,0.006627126988522723,1.078173480897557,0.4352456685521365
2018-05-18,2967,3153,6120,0.0058155635558017164,1.118112867798562,0.45073448525290577
2018-05-19,1384,2157,3541,0.003199483061017262,3.29132103983619,1.3184481057710866
2018-05-20,15493,16404,31897,0.025911023506605634,3.5197253881377657,1.42343676935907
2018-05-21,15216,14288,29504,0.02368248182233872,2.0417415493663182,0.8309061088399304
2018-05-22,1480,1452,2932,0.0027500846179882455,1.0955404232157477,0.4398662200570921
2018-05-23,3958,4760,8718,0.008313717345149081,1.3921381167355809,0.5618434771013219
2018-05-24,4079,4350,8429,0.008035824179205515,1.112394077376277,0.44977912545803417
2018-05-25,5724,6021,11745,0.010629982946843709,1.2499723522585366,0.5063669306715209
2018-05-26,8842,8786,17628,0.01598915594164031,1.7286990521485912,0.7010731144244208
2018-05-27,10726,10700,21426,0.0199764982373678,1.6624625535764939,0.6769709203730183
2018-05-28,5616,5661,11277,0.010774369980614788,1.017323655810595,0.4133940843126068
2018-05-29,4376,6567,10943,0.010453206252500076,1.6086763159486428,0.6497424501309572
2018-05-30,4155,5199,9354,0.008565494322902243,1.3794478035449762,0.5569184180117318
2018-05-31,2667,2937,5604,0.005319394442905936,1.2584939871147456,0.5065892315116418
2018-06-01,4800,5138,9938,0.00922855838391701,2.0034002527243775,0.8068972361201013
2018-06-02,11452,10889,22341,0.01902622644799327,1.6694500481547587,0.6791957551306995
2018-06-03,3100,3217,6317,0.0059217838947204695,1.7379689628407937,0.6987406554731499
2018-06-04,2884,2798,5682,0.0054713492809529566,2.4646949414905603,0.9891607861647961
2018-06-05,2634,2993,5627,0.005417718161642243,1.135565786986233,0.4574769456914786
2018-06-06,3206,2985,6191,0.006053922538275903,1.247618747436493,0.5026798524975629
2018-06-07,4423,4803,9226,0.008447336841133574,1.663522285418348,0.6704773162720193
2018-06-08,7172,7469,14641,0.01309490841476441,2.65055814727902,1.0680802039604667
2018-06-09,11267,12464,23731,0.01948988540306735,1.976889501037842,0.8024497316569773
2018-06-10,13722,11868,25590,0.021276187552758806,2.8143159690011887,1.1384921001321309
2018-06-11,5777,6550,12327,0.010733728515892018,1.5256063091471939,0.6166827607684129
2018-06-12,5360,5959,11319,0.010108003323179175,1.6303522966270463,0.658205720644726
2018-06-13,2291,3013,5304,0.004762494716436619,2.269016330561503,0.9104640290544633
2018-06-14,6000,6998,12998,0.0117714148289583,1.9470489924377459,0.7858824458724734
2018-06-15,7840,10043,17883,0.01600988322118203,5.515671515340551,2.215874536068929
2018-06-16,21517,18968,40485,0.030731799355449313,4.879996699042495,1.970437759230268
2018-06-17,19681,17039,36720,0.02949160510842194,3.042400398452916,1.2346551224462199
2018-06-18,3536,3966,7502,0.007246051774507471,1.9028881303048164,0.7655028831866311
2018-06-19,6751,6464,13215,0.012294453134940535,1.3962848792572258,0.5658906235838547
2018-06-20,6502,6522,13024,0.010926977865735456,2.143237635320403,0.8638512408476025
2018-06-21,7465,7497,14962,0.012719194778642761,1.6249215127840293,0.6576001219807974
2018-06-22,9285,7259,16544,0.015001676164934629,1.7314701810273225,0.7015890781098899
2018-06-23,3173,2891,6064,0.005383082716231428,1.1886413286266617,0.4786863810804036
2018-06-24,1704,1951,3655,0.003494798756538121,2.1776271375502887,0.8731477342740384
2018-06-25,10112,10138,20250,0.017904692925462793,1.8404684814091734,0.7469302083189471
2018-06-26,7703,7433,15136,0.014091701782092255,1.3210723958667885,0.5368839794159708
2018-06-27,1600,2062,3662,0.0033111788055017076,1.9750903622609333,0.7920228521876744
2018-06-28,8618,9031,17649,0.015799487137066755,2.4640556377405542,0.9951019473784617
2018-06-29,10892,12991,23883,0.020599383827194683,4.066645774515984,1.6390179401027105
2018-06-30,18239,18679,36918,0.028975541904785882,3.997363104070913,1.6163305667712367
2018-07-01,25748,23729,49477,0.037163768918642315,4.725102686230125,1.9123393358432352
2018-07-02,14209,14001,28210,0.02404262011480695,2.392929476405546,0.9715973626311027
2018-07-03,8657,9051,17708,0.015449452972457575,2.2238348540307142,0.8988036133957602
2018-07-04,10286,10400,20686,0.018059270372876128,2.1171853504456086,0.8577097024019691
2018-07-05,6483,6808,13291,0.012038325875613987,3.6586614102714208,1.4706875596339366
2018-07-06,12062,13062,25124,0.021143052056385975,3.2964014240841353,1.3312464008674856
2018-07-07,20428,20136,40564,0.0337664699228929,3.7678463829710545,1.5273984351421575
2018-07-08,21285,20798,42083,0.03380900092095857,4.037825115386921,1.6354154467073436
2018-07-09,9022,9335,18357,0.01622446371130946,1.7693888507763507,0.7174902185373261
2018-07-10,8798,9843,18641,0.016267102278901668,2.757430423846405,1.112732430905903
2018-07-11,9298,9145,18443,0.015314651016138775,2.314688192191371,0.9350640674862318
2018-07-12,9866,10181,20047,0.017499272616372616,2.7113808463143765,1.0950519020955742
2018-07-13,10341,11450,21791,0.017473256779993947,3.320325814633937,1.3386142799215714
2018-07-14,18968,17059,36027,0.03072402227760854,3.7687521335056298,1.5259352667688173
2018-07-15,21582,19747,41329,0.032819577472410294,3.3192532406984516,1.347393042762827
2018-07-16,5401,6564,11965,0.010688840375907671,2.2098431455576515,0.8903505624486052
2018-07-17,9698,11301,20999,0.018569506280666625,2.366894014513852,0.9578993095739409
2018-07-18,14888,14454,29342,0.02597476372054051,4.814868825986386,1.9415323886268787
2018-07-19,12487,12483,24970,0.021013029293959512,3.2831324772420953,1.325860808473214
2018-07-20,15183,14767,29950,0.025217661481516506,4.179478696369608,1.6869220754367529
2018-07-21,21378,19778,41156,0.033851591037966006,2.9936535177385535,1.217772361718201
2018-07-22,2984,3175,6159,0.005328304162036533,2.0677306016002803,0.8302892231373342
2018-07-23,8500,8730,17230,0.016731934113682373,1.7409926697812943,0.7064362283807272
2018-07-24,6335,7255,13590,0.01247576848518416,2.5441717628079843,1.0251541662143042
2018-07-25,9709,10891,20600,0.01845281553118717,2.1458467869491553,0.8694104040983743
2018-07-26,8030,7758,15788,0.0141262088783551,2.4533353358670817,0.9898098596738459
2018-07-27,12155,12554,24709,0.020541317860753455,3.674591519097866,1.4821613983555986
2018-07-28,19893,19143,39036,0.03135606319192648,3.2102741571000806,1.3029233007551881
2018-07-29,19597,19038,38635,0.032157430608615575,4.701093051871197,1.8997316791136485
2018-07-30,12059,11879,23938,0.02064698144558294,4.674719747072699,1.88227608769643
2018-07-31,8961,8708,17669,0.016241115111234192,2.2733973851168923,0.9191036231134975
2018-08-01,7047,8326,15373,0.013934942937515486,2.5260120213279023,1.0187657742936702
2018-08-02,11877,11833,23710,0.020709400600836404,3.7976052564967393,1.5314677429591976
2018-08-03,12350,14118,26468,0.022553685412542608,4.261159625758295,1.7179960615508438
2018-08-04,20294,19702,39996,0.031043565385417218,5.546797589974194,2.237345175220928
2018-08-05,23399,22634,46033,0.03698888409446587,6.344955614955695,2.5601755764389575
2018-08-06,14345,13756,28101,0.022819163666574358,3.2085402443008944,1.2971075959203022
2018-08-07,7993,8399,16392,0.015266789913702125,1.9627933917736873,0.7942774306576961
2018-08-08,2698,3493,6191,0.005497272043935018,2.4037231377364714,0.9647876183209495
2018-08-09,11259,11658,22917,0.020807219169496714,2.8175524420703644,1.139505308329844
2018-08-10,13537,15271,28808,0.02486153420105234,3.963207837724011,1.600200055610236
2018-08-11,23260,21792,45052,0.03662583283105544,4.047650085647639,1.6410355339576892
2018-08-12,19094,18081,37175,0.02985789544866139,2.898479242620024,1.1773064343172066
2018-08-13,9568,9828,19396,0.016509054979469456,3.08795397592941,1.2450870233594458
2018-08-14,10380,10448,20828,0.0179555524785378,2.5711990867256915,1.0392529661773993
2018-08-15,11664,12191,23855,0.020836473644174448,2.476667406470992,1.0031688467749014
2018-08-16,8023,8038,16061,0.014756761746515279,2.173418703636774,0.8782215385026189
2018-08-17,3910,6492,10402,0.00916359556625411,4.420771905241153,1.773806919436214
2018-08-18,19891,18663,38554,0.030262644445003904,3.0591028368987865,1.241798721426517
2018-08-19,20548,19084,39632,0.032989059533620496,3.3608378329309874,1.3641285688925673
2018-08-20,10315,9666,19981,0.018132642947718228,1.5863130281817606,0.6454047970413352
2018-08-21,1088,1819,2907,0.002650497354180544,3.9882920129674138,1.596907103599474
2018-08-22,8663,9231,17894,0.015813504320843007,3.673954042347929,1.4790697195316773
2018-08-23,12984,12357,25341,0.021861153420105233,3.261417669034395,1.317683759665821
2018-08-24,12868,12339,25207,0.022021320227574675,2.647007348384457,1.0720157314903278
2018-08-25,8682,8790,17472,0.014864559935177494,2.54205836264762,1.0257420810201545
2018-08-26,16512,15468,31980,0.02597862739668008,3.0854670232867716,1.2497739857527166
2018-08-27,4760,5666,10426,0.009818742578802213,3.0522615765734558,1.2267958761766637
2018-08-28,9676,9002,18678,0.01609491830517862,1.8632051160999272,0.7549389974230781
2018-08-29,5184,5992,11176,0.009850598953340575,4.107916676384374,1.6490770299257538
2018-08-30,10982,10458,21440,0.018960938443076357,4.907413624315981,1.9743420127922384
2018-08-31,11754,12109,23863,0.019598679959383365,4.020462962519325,1.6199443929833601
2018-09-01,20969,19722,40691,0.03231186954293554,3.598032008204646,1.4585999250076198
2018-09-02,15976,15353,31329,0.026708514108126403,2.5010360467655657,1.0164395271711022
2018-09-03,14468,13441,27909,0.023494437727539834,1.9448850932074602,0.7920506999195079
2018-09-04,3757,3953,7710,0.007448874916627987,1.2156409580561862,0.4907257081724513
2018-09-05,4243,4343,8586,0.008186790362780394,1.1586924730907748,0.4683890634539781
2018-09-06,2699,2861,5560,0.005277085448783039,1.113082629808778,0.44839930319278104
2018-09-07,4223,4735,8958,0.008665813769351082,2.1873416295080506,0.880136140064831
2018-09-08,9019,8857,17876,0.015209869705392644,3.1821009493353234,1.2819663015573648
2018-09-09,5642,3907,9549,0.008864617871818093,1.1456516916200854,0.463579447371125
2018-09-10,786,704,1490,0.001542595541401274,0.8012152487619894,0.3214116568296365
2018-09-11,2596,2635,5231,0.005179423580926236,0.9451544955514758,0.3811694523691461
2018-09-12,3515,3482,6997,0.006951384457314406,1.065653055150269,0.4304320527344963
2018-09-13,3755,3578,7333,0.007288518576491316,0.9616713571861513,0.38904165402035534
2018-09-14,4909,5241,10150,0.009177003017096882,2.204371078819424,0.8872546333380278
2018-09-15,13387,12909,26296,0.023271130235959923,3.1039471747243303,1.2555415480313081
2018-09-16,12963,12187,25150,0.021427155023573376,2.3192566940739594,0.9405589706437278
2018-09-17,3762,3964,7726,0.007258073694153708,1.0775109177861386,0.4353592113309477
2018-09-18,4063,3881,7944,0.007787712149384817,0.8959593357153149,0.3630563615757569
2018-09-19,3483,3663,7146,0.006998457095383155,1.1159132643794032,0.4505643800089912
2018-09-20,2020,1790,3810,0.0035943413643496724,1.1415008825535664,0.4587569578400364
2018-09-21,3011,3201,6212,0.005822202326984139,1.6879166002608024,0.6786599615005116
2018-09-22,6834,6347,13181,0.011782180710455427,1.977412713033255,0.7980343936395753
2018-09-23,7761,7441,15202,0.01434828131698046,2.1293629451275016,0.8603541468411892
2018-09-24,2067,1895,3962,0.00396460162575138,0.84487620782439,0.3403292441052069
2018-09-25,1193,1094,2287,0.0022254865367094907,0.81289350296448,0.3264926931078177
2018-09-26,2629,2479,5108,0.0050560084122989735,0.9529606763477131,0.38421787558646464
2018-09-27,2935,2736,5671,0.005620908736991239,1.4650460496135695,0.5893909650876227
2018-09-28,3635,3656,7291,0.007040303298606371,1.9074958685076395,0.7672225293822197
2018-09-29,6023,5819,11842,0.011812738050802902,1.4201928910280817,0.5751647992417145
2018-09-30,2873,2509,5382,0.0062462156593084215,0.9654402840429922,0.38992384301278193
2018-10-01,1334,1376,2710,0.0026899017707332174,0.9903302546648775,0.39774604292839094
2018-10-02,936,776,1712,0.0016998226811111984,0.7752181134115892,0.31110713897330244
2018-10-03,2332,2146,4478,0.004297315323678432,1.4682486387329727,0.5898778446873962
2018-10-04,2800,2521,5321,0.005269727362848623,0.9058765719349422,0.36551246519168606
2018-10-05,2166,1833,3999,0.0037760777254684757,1.0263764268883904,0.4128162173906373
2018-10-06,1902,1741,3643,0.0035860635176734536,1.0649527263116458,0.4281327286352624
2018-10-07,2215,2147,4362,0.004307490397697855,1.2085303512867067,0.4859966347533014
2018-10-08,2608,2321,4929,0.004670336010338779,0.8998349475304411,0.36273618061837976
2018-10-09,3906,3716,7622,0.007469240811805199,0.8837136485172808,0.35796700389399544
2018-10-10,4379,4030,8409,0.00790582808238146,1.0637179607891312,0.43023068116508134
2018-10-11,2177,2100,4277,0.004160897258377181,0.8786663262013271,0.35396306883555717
2018-10-12,1918,1751,3669,0.003458760269546755,1.1314703040443135,0.4546633777794535
2018-10-13,2168,1917,4085,0.003971001305534676,0.9684952534917249,0.3897807021800108
2018-10-14,3200,2982,6182,0.006415582017908244,0.8640198631951681,0.3494572944888122
2018-10-15,1145,965,2110,0.0020478890989287964,0.6963598075853702,0.27977265649350536
2018-10-16,1841,1601,3442,0.0033350476717964946,0.8120449519845166,0.3268190093968846
2018-10-17,1361,992,2353,0.0022917093101192413,0.7286493286662428,0.2928347570525687
2018-10-18,1535,1336,2871,0.002616816484166249,0.7794243234358339,0.31333981926483334
2018-10-19,2402,2056,4458,0.004537338232680408,0.6926800019056489,0.27979440370186787
2018-10-20,2162,2077,4239,0.004246623878019776,1.0261203780470975,0.41299612554565085
2018-10-21,1383,1297,2680,0.002875912665444651,0.9153975669960588,0.3678845743976903
2018-10-22,1576,1379,2955,0.002984247965379417,0.7034509908557925,0.2831709451215446
2018-10-23,1202,1969,3171,0.003361040916643589,1.640578276698191,0.6582479352292626
2018-10-24,1512,1198,2710,0.002862347687621158,0.7447341236377958,0.299611058067691
2018-10-25,1502,1236,2738,0.002718409435222441,0.7014182036935698,0.28219832713856136
2018-10-26,1272,991,2263,0.0022014055281968543,0.6504423293792548,0.26149777506862
2018-10-27,916,791,1707,0.0018066489957932772,0.7920136750766352,0.3178894594281301
2018-10-28,744,641,1385,0.0016430450607271432,0.877972696099017,0.3521749054760431
2018-10-29,886,626,1512,0.001516829888472093,0.5949201117163957,0.23887814261964152
2018-10-30,1828,1623,3451,0.0034967780868573224,1.0333861300844038,0.415452518885876
2018-10-31,1157,893,2050,0.002183583670706351,0.9771940511317612,0.3921877706551283
2018-11-01,729,705,1434,0.0014350091890939303,0.9525392812329908,0.3818767180066527
2018-11-02,823,642,1465,0.001444590947230064,0.78433553963245,0.314600970421318
2018-11-03,1167,1004,2171,0.002279276862364996,0.7777927976696544,0.3124846851852807
2018-11-04,1916,1762,3678,0.004105170449128574,0.7720864110225472,0.31129766667849607
2018-11-05,856,662,1518,0.0015476215836226913,0.941937794466761,0.37770369073687804
2018-11-06,900,655,1555,0.001587031080246256,0.540429959031424,0.21712420226071735
2018-11-07,973,785,1758,0.001803250750910679,0.8576754603886663,0.34415213460601296
2018-11-08,1051,844,1895,0.0020468371731537146,0.6634136715642841,0.2665935709296059
2018-11-09,837,431,1268,0.0014186877197264478,0.36657133616395066,0.14747974709741618
2018-11-10,926,796,1722,0.0017649063758174808,0.7111668061977228,0.28552566630457965
2018-11-11,982,905,1887,0.002183223674786811,0.9609787144415204,0.38570141998148033
2018-11-12,1030,790,1820,0.0018692882857934089,0.9299263573902533,0.37309211592757735
2018-11-13,860,594,1454,0.001411129392216593,0.603481289979747,0.2422391936272288
2018-11-14,949,720,1669,0.001736231307117142,0.589313897848983,0.2367672979238635
2018-11-15,1125,858,1983,0.0019798542595799735,0.8982029616887549,0.36046909723125
2018-11-16,581,420,1001,0.0009969537524231516,0.666692528521933,0.26727518366022707
2018-11-17,748,518,1266,0.0013444582413950207,0.6843025569215653,0.27452769771346314
2018-11-18,690,545,1235,0.0013799642335800685,0.8346479772810173,0.33468716945255494
2018-11-19,967,720,1687,0.0017276271222546494,0.6121695423108988,0.24590439319771235
2018-11-20,897,567,1464,0.0015144696759900305,0.5179534379697486,0.20809005699349348
2018-11-21,895,527,1422,0.0014690355857103295,0.45343900183101304,0.1822570220838314
2018-11-22,817,563,1380,0.00149701958042593,0.5676554350145921,0.22796038575409244
2018-11-23,971,721,1692,0.001883134865688175,0.8385641540508586,0.33655554253975634
2018-11-24,353,239,592,0.0008622642934467913,0.8790222396859203,0.3521262544504362
2018-11-25,700,588,1288,0.001495187706180433,1.1335414535579962,0.4543136940469068
2018-11-26,672,521,1193,0.0012213116172805317,0.5697443309392173,0.22863051934605522
2018-11-27,746,608,1354,0.0013729416526425664,0.6327941075670729,0.25394140801841475
2018-11-28,859,653,1512,0.001675436167266685,0.8168020006588667,0.32772606196390675
2018-11-29,765,526,1291,0.00130583899622947,0.8348271047269413,0.3347143452885142
2018-11-30,813,597,1410,0.0014098335892852646,0.5376864114817956,0.21592046474628945
2018-12-01,727,693,1420,0.00154241820303172,0.8549163633267616,0.34289199625252365
2018-12-02,561,580,1141,0.0014498966832115546,0.8090212216574891,0.3244784266729226
2018-12-03,745,619,1364,0.0013835928679462326,0.7145845443156809,0.28666397344704003
2018-12-04,792,623,1415,0.00143791406599493,0.7300622593965318,0.2928876521982097
2018-12-05,910,497,1407,0.0014528091248961507,0.6024713453118272,0.2418602235996686
2018-12-06,755,468,1223,0.0012537645389088894,0.40184886014916593,0.1614918027830117
2018-12-07,554,360,914,0.0009194994461368042,0.6262363317286643,0.2510462323591478
2018-12-08,544,453,997,0.001163359971515607,0.8716726098775787,0.3493670599339408
2018-12-09,727,604,1331,0.0014665835871872982,0.6756586165942909,0.2711433967900288
2018-12-10,712,476,1188,0.0012573587872182668,0.4539222987593453,0.1823233347760691
2018-12-11,725,430,1155,0.0012205090181434863,0.48136329801857547,0.1932776246183163
2018-12-12,1033,586,1619,0.0016551988581897195,0.4735321623891366,0.19040598427056848
2018-12-13,850,611,1461,0.0015363110073716554,0.5636948294501023,0.22639971838446396
2018-12-14,733,503,1236,0.001289050652107977,0.5216189929946112,0.2094210275891093
2018-12-15,606,461,1067,0.001050032308686421,0.9922478840844015,0.3975291730189725
2018-12-16,620,511,1131,0.0014081710496752584,0.6008861654138832,0.24119936879535844
2018-12-17,736,477,1213,0.001203183874189136,0.4518876908844696,0.18147698667830134
2018-12-18,867,550,1417,0.001417176472562792,0.3889638289402337,0.15643583745963113
2018-12-19,976,727,1703,0.0018324385167186286,0.616244075912115,0.24759709347487724
2018-12-20,921,767,1688,0.0017857692324599,0.8099157342754427,0.32503775524965306
2018-12-21,826,504,1330,0.00132591492325638,0.44231815043527034,0.177722809128062
2018-12-22,659,532,1191,0.0012607087662250649,0.7299681503382304,0.2927436853950272
2018-12-23,563,388,951,0.0011278668714282119,0.6496812230946826,0.26054920936073
2018-12-24,644,540,1184,0.0012969629834764145,0.6548653912959966,0.26272433430848446
2018-12-25,669,540,1209,0.001510060977202782,0.6568403355677976,0.26364217081344077
2018-12-26,602,485,1087,0.0013506946803007582,0.6746952695449395,0.2706885246261563
2018-12-27,656,517,1173,0.0011801546556462093,0.7166476250853483,0.28736714282752707
2018-12-28,754,582,1336,0.001447081095559561,0.7838042080862718,0.3143899318918445
2018-12-29,935,724,1659,0.0019110667596138238,0.6478155645736315,0.26027286588522097
2018-12-30,740,666,1406,0.0016690073980298295,1.0706035279945905,0.42924281563665406
2018-12-31,591,590,1181,0.0012935013385027233,0.7799766312432609,0.312766753300406
2019-01-01,712,698,1410,0.001673952605135103,0.7940458793632953,0.3186227233083992
2019-01-02,615,654,1269,0.0013710384026948623,1.1423549709287817,0.45776461141312963
2019-01-03,580,455,1035,0.0010002603983681703,0.9510934996364386,0.38103755609359635
2019-01-04,1009,823,1832,0.001852504552587632,0.6985522520994394,0.28053240357132836
2019-01-05,792,703,1495,0.0016558201790824332,0.8268658693214302,0.33173983983602157
2019-01-06,562,433,995,0.0011832531910072757,0.7393197239412433,0.29643784149110175
2019-01-07,615,404,1019,0.0011905586105946115,0.46062933140069917,0.18496606772663646
2019-01-08,786,2517,3303,0.0035038337718083633,3.109180859254933,1.2457746439650583
2019-01-09,738,518,1256,0.0013562838503479804,0.9390717206320431,0.3764424585630261
2019-01-10,727,549,1276,0.0014806123589227846,0.5989640241091304,0.24047397705900583
2019-01-11,732,503,1235,0.0013098417916581056,0.44419141307265336,0.1784624703040562
2019-01-12,441,337,778,0.0008757354477303754,0.579992982111281,0.2325226341131506
2019-01-13,413,291,704,0.0008864526148315876,0.672796853741346,0.26965061306543736
2019-01-14,729,414,1143,0.001167223414566602,0.4015926347178142,0.16133738793586563
2019-01-15,713,450,1163,0.0012954766274425131,0.4815310324066915,0.19338969893914212
2019-01-16,756,500,1256,0.0012894627527000832,0.5265440941298708,0.21139131530356836
2019-01-17,498,210,708,0.0006848731440257334,0.47266814624327286,0.18947818238372457
2019-01-18,764,606,1370,0.0013678742562708223,0.7346435778923175,0.2946781557106895
2019-01-19,358,323,681,0.0007436568340033804,0.7502766978759826,0.3005568732507951
2019-01-20,276,195,471,0.0005962506852644131,0.6570083774145834,0.263161101376992
2019-01-21,356,222,578,0.0005867771971798376,0.7313295511945463,0.2928838867961264
2019-01-22,712,560,1272,0.001351158199408617,0.652467961824017,0.261797879649252
2019-01-23,664,401,1065,0.0011804796079775077,0.40335627559812,0.1620507980040345
2019-01-24,784,497,1281,0.0014088895042924398,0.45007054550449715,0.18087355190437435
2019-01-25,821,427,1248,0.001324358367354231,0.46232879067738397,0.18572613129136611
2019-01-26,593,398,991,0.0010742638235022616,0.6222743707821323,0.24955430660695427
2019-01-27,341,223,564,0.0006407190151305355,0.6259185127564574,0.2507518365116613
2019-01-28,599,434,1033,0.0012078668354630693,0.5045606294063715,0.20254897186382645
2019-01-29,363,199,562,0.0005902398039887538,0.5024800361579498,0.20134615834557318
2019-01-30,757,536,1293,0.0013982775762583363,0.6675650856729148,0.26786500081492093
2019-01-31,617,465,1082,0.0012449775782574686,0.540799581456439,0.21706681912953013
2019-02-01,723,672,1395,0.0015140440639031013,0.7209622017847248,0.2892933071522318
2019-02-02,562,486,1048,0.0011817339737774425,0.7710845107980746,0.3091428447034963
2019-02-03,507,519,1026,0.0011992127230288404,1.3715291057007002,0.5493311699140974
2019-02-04,755,609,1364,0.0014788601313836139,0.5789931057987598,0.23248455839833418
2019-02-05,616,412,1028,0.0011370623659345972,0.571312432414928,0.22920721038553202
2019-02-06,360,137,497,0.0005799888182335944,0.27436027549730985,0.11009210348986412
2019-02-07,712,515,1227,0.0014477093800688374,0.5131369365232864,0.2061234002373559
2019-02-08,802,444,1246,0.001300040001230807,0.4154164606715112,0.166946608269343
2019-02-09,535,381,916,0.0010433519411933321,0.523327581270866,0.20995704367306242
2019-02-10,452,370,822,0.0010251794729778667,0.5890039470403862,0.2362166864999412
2019-02-11,743,537,1280,0.0014854708080086674,0.49870970008957355,0.2003751625206346
2019-02-12,56,45,101,0.0006300193852118527,0.8886363636363637,0.3558325570856726
2019-02-13,294,128,422,0.0005523901553763029,0.4916376163347322,0.19698648062711868
2019-02-14,757,491,1248,0.001324358367354231,0.5740885305821838,0.23043002725328607
2019-02-15,527,314,841,0.0008852731408129078,0.46615419403697617,0.18699284149927822
2019-02-16,615,481,1096,0.0012390301664454398,1.075198869441115,0.4308229658763133
2019-02-17,404,289,693,0.0008360199181745505,0.6971982071038675,0.2793808947924517
2019-02-18,563,439,1002,0.0012396607849182008,0.6324444219099682,0.2537215652349382
2019-02-19,796,560,1356,0.0014697804068624558,0.5786842058451026,0.2323555505821585
2019-02-20,745,473,1218,0.0012280851245127069,0.48415118905129173,0.19439732669522433
2019-02-21,762,571,1333,0.0013727585848795347,0.6310050729110416,0.25322568431534437
2019-02-22,843,612,1455,0.0015555069188233086,0.5822125679702304,0.23381833133938615
2019-02-23,681,576,1257,0.001357418815913125,0.6627565660869972,0.26591707772434675
2019-02-24,194,102,296,0.00044309055663251177,0.3649266486437539,0.1462365137914811
2019-02-25,602,409,1011,0.0010973414566602048,0.47953391080596963,0.19247196919638399
2019-02-26,702,483,1185,0.0012330049715815433,0.829155910155464,0.33240216704513453
2019-02-27,554,312,866,0.0009300286162651159,0.4345539448730938,0.17437959511899662
2019-02-28,768,657,1425,0.0014255683391656805,1.999797182183615,0.8007742138769454
2019-03-01,944,669,1613,0.001549211547646282,0.7042250802223208,0.28261955901751606
2019-03-02,399,372,771,0.0008672331618300805,1.161733140677144,0.46521359616795566
2019-03-03,552,409,961,0.0010980094934095138,0.586284289704843,0.2351725215779829
2019-03-04,706,483,1189,0.001197196600132075,0.6273138026406876,0.2516438390163543
2019-03-05,660,471,1131,0.0012144131547048862,0.5107208345652047,0.2050169817189048
2019-03-06,849,508,1357,0.001398720922182221,0.5303975955642857,0.2129982707790236
2019-03-07,746,459,1205,0.001298400606525598,0.45936616043533224,0.18452550453804825
2019-03-08,782,593,1375,0.0014181926751592356,0.6745188518543729,0.2706584563468447
2019-03-09,837,652,1489,0.00156708118491558,0.5977031498072454,0.24002150863384755
2019-03-10,333,271,604,0.000750701831549568,0.7362283056806902,0.2949417433712058
2019-03-11,468,271,739,0.0007979385024102436,0.5256093125459569,0.21072248811982888
2019-03-12,645,435,1080,0.001198081192589498,0.5598316816934704,0.22465152139294192
2019-03-13,467,307,774,0.0007950616842801119,0.6570320908982497,0.2632898733698679
2019-03-14,523,399,922,0.0009772053515896327,0.7072017928633568,0.2834670403562965
2019-03-15,666,608,1274,0.0012671718570361605,0.9048060023834069,0.36268270406758446
2019-03-16,617,418,1035,0.0011054564604509897,0.5999148023144139,0.24062919480203615
2019-03-17,638,558,1196,0.0014362679690843635,0.7312665643418724,0.29336838651819963
2019-03-18,591,384,975,0.001055801716975907,0.5492744088245577,0.22034324456000867
2019-03-19,1019,844,1863,0.0020111040637478673,0.7179588584591863,0.2883902058219232
2019-03-20,941,721,1662,0.0015745539423191045,0.6145601963480315,0.2467688109046041
2019-03-21,1020,667,1687,0.0016739895096657394,0.6180109341488836,0.2482087673653529
2019-03-22,812,637,1449,0.0014982432151758515,0.6803604059955313,0.27304310832731804
2019-03-23,1068,946,2014,0.0021440220138641626,0.717720486788731,0.2883746079238109
2019-03-24,898,753,1651,0.0018358257177143913,0.8479912824568492,0.3402980084133683
2019-03-25,937,645,1582,0.0016421178343949045,0.5126124876581342,0.2060302657638906
2019-03-26,983,764,1747,0.0017915344140766462,0.9145372583956382,0.3668898240067013
2019-03-27,1126,796,1922,0.0019469130518701273,0.6343206694520017,0.25489641561192283
2019-03-28,803,619,1422,0.0014224213891895975,0.8177103967349202,0.3279376115274819
2019-03-29,1437,1239,2676,0.0027810323157872316,0.7209743237671581,0.2900583488963356
2019-03-30,325,204,529,0.0005311638844877447,0.5547254483970974,0.22220887768953163
2019-03-31,404,305,709,0.0008073050599359101,0.5951916197714517,0.23856103094454226
2019-04-01,908,926,1834,0.0018841999872185415,1.0685732523580804,0.4285598209355633
2019-04-02,904,712,1616,0.00173528912552148,0.6239956807154874,0.2506394457615078
2019-04-03,987,881,1868,0.0018902679523006302,0.8942060693875575,0.3588165885264034
2019-04-04,1024,1765,2789,0.0029013910487186586,2.1630360575611856,0.8669552576537054
2019-04-05,759,587,1346,0.0015102159597087995,0.5963393534660454,0.23944187096224345
2019-04-06,1716,1562,3278,0.0033180125404547465,0.8481006040517448,0.34123104914497077
2019-04-07,1065,1083,2148,0.0026346265199768382,0.9952992110542341,0.3997004603336798
2019-04-08,1342,1131,2473,0.0025648126451228086,0.795304887279956,0.31966084249905613
2019-04-09,1036,1324,2360,0.002406367748378272,1.1817904779494677,0.47416001182881407
2019-04-10,1156,1953,3109,0.003050261078267291,1.9880679571560076,0.7970573395093634
2019-04-11,803,2516,3319,0.003309943473373841,4.391522753933348,1.7585950676573634
2019-04-12,1070,892,1962,0.0018439353930283446,0.7717954070333565,0.3098245240491596
2019-04-13,3032,3009,6041,0.00608129571407627,0.8732934137508386,0.3529661429287812
2019-04-14,254,153,407,0.0004525780280418885,0.8450794696709729,0.33830333468521434
2019-04-15,1200,929,2129,0.002098367732581817,0.7310479353534618,0.2936781947809339
2019-04-16,1122,845,1967,0.00196332102985488,0.599707871173363,0.24106114108725815
2019-04-17,1995,1656,3651,0.0035417573287969298,0.9304448971786118,0.37430301326872284
2019-04-18,1527,1263,2790,0.0027301843401201643,0.7727629555805057,0.3107432928362744
2019-04-19,548,604,1152,0.0012825687987270535,0.9570068934862712,0.3835722986737447
2019-04-20,2226,2096,4322,0.004331128740612833,1.0941327184237366,0.4402517646138624
2019-04-21,5936,6467,12403,0.012375631624785778,1.311777607603203,0.5321364220161526
2019-04-22,3186,3024,6210,0.006072714325275942,0.9918816616772641,0.4003962932660713
2019-04-23,1062,735,1797,0.001874697106064802,0.6240202617296916,0.2507329229555156
2019-04-24,1953,1710,3663,0.003660180494241452,0.7447484904770731,0.30009550448737415
2019-04-25,2201,1999,4200,0.004144943590237559,0.7877708272643108,0.3175952970598669
2019-04-26,885,685,1570,0.0015292325736719502,0.6943643284058281,0.2786632709065344
2019-04-27,1580,1450,3030,0.002885354218916378,0.888340976038449,0.35706760294672946
2019-04-28,2493,2769,5262,0.006002492384381057,0.9937975277358245,0.4011205065249585
2019-04-29,1028,885,1913,0.0019075213795326884,0.6325356645990023,0.25415877866732056
2019-04-30,1683,1358,3041,0.0029384420619535546,0.7804859642000532,0.31395745091719346
2019-05-01,987,833,1820,0.0018399167526832992,0.9932247065994814,0.39839383269140255
2019-05-02,1366,1323,2689,0.0027093830211997335,0.9999904485768364,0.4016218092434544
2019-05-03,1660,1204,2864,0.00276338173042687,0.8399292222903227,0.33762971795438523
2019-05-04,1999,1984,3983,0.0038146352498820116,0.9508450686833825,0.3826268086232822
2019-05-05,5399,5386,10785,0.01044734204172696,1.2006177385590333,0.48651550064864957
2019-05-06,1889,1705,3594,0.003435316969666239,0.9787052459395893,0.3935432885576355
2019-05-07,1412,1516,2928,0.002911854301399319,1.2898651369682461,0.5176931673681381
2019-05-08,1704,1548,3252,0.003193743753988417,0.8038091433772768,0.32343990360330377
2019-05-09,891,2278,3169,0.0031572238421815695,4.000137671679433,1.601949402977082
2019-05-10,1781,1672,3453,0.003297826281978774,1.085965027875061,0.43636470691921175
2019-05-11,3906,3740,7646,0.007084209659673521,0.9895897085586433,0.4000864092192615
2019-05-12,858,947,1805,0.002013523493030555,1.054287810414554,0.42292323826163997
2019-05-13,696,569,1265,0.0012781458364399378,0.8243651235889938,0.33051293693746153
2019-05-14,1237,1279,2516,0.00241919531589983,1.4877207795817013,0.5965398290222205
2019-05-15,1913,1849,3762,0.003548186098033786,1.0974348360804038,0.4411028460909818
2019-05-16,2000,2089,4089,0.0038626188498107634,1.0234765778929147,0.4117082024670523
2019-05-17,3078,3218,6296,0.006157771887486648,1.3259708308807554,0.5340829954847942
2019-05-18,5121,5386,10507,0.009023643035170312,2.5390417261910754,1.0210308762975324
2019-05-19,13075,13409,26484,0.0217589112632037,2.598663540871957,1.052520763106705
2019-05-20,5664,5259,10923,0.01029009533275418,1.5654179282012695,0.6323412284801604
2019-05-21,3078,3886,6964,0.0067214419165226745,1.0084758372361264,0.4074232000443642
2019-05-22,1521,1981,3502,0.003252049483503602,1.2254435578942005,0.4921286528477824
2019-05-23,1881,1690,3571,0.0035138204921355437,1.0007874488258524,0.4024232718256223
2019-05-24,3515,3308,6823,0.006776797145597791,0.8980316837506855,0.3632787517876329
2019-05-25,1296,1340,2636,0.002537880286426396,1.5748054287953563,0.6314448996899984
2019-05-26,8837,8497,17334,0.016370261339969574,1.5121558958708934,0.6146845151523391
2019-05-27,3636,3637,7273,0.007228316055209725,1.019025258338279,0.41194709296843757
2019-05-28,1000,935,1935,0.00199177726178557,1.05910530174951,0.42483718705687534
2019-05-29,1597,3013,4610,0.004490248051588401,1.3792468093302581,0.5543928725630564
2019-05-30,2002,1995,3997,0.0038282868075247387,1.147169898707777,0.46116493156762556
2019-05-31,3474,3427,6901,0.0066600099071304035,1.0424195879573595,0.42096384112722196
2019-06-01,3372,3291,6663,0.006337695006000185,1.4686288395130382,0.5912541528088154
2019-06-02,4677,4639,9316,0.00927821190484791,1.3529611511478967,0.5467513876020675
2019-06-03,2606,2703,5309,0.005181588004905645,1.055469358359757,0.4252966961468462
2019-06-04,1679,2350,4029,0.003915614985955611,1.5913791632832475,0.6389010343048724
2019-06-05,953,1017,1970,0.001851736283109903,1.6013676571477626,0.641658104628971
2019-06-06,3884,3908,7792,0.0076373778533845,1.077821884786031,0.4357111806264431
2019-06-07,5474,5484,10958,0.009913058053608127,1.8560194234591176,0.748355604215812
2019-06-08,11243,11007,22250,0.01918616726668513,2.198460905529886,0.8908960625719656
2019-06-09,7997,7777,15774,0.0143002375781603,1.7445698316750644,0.706408075216922
2019-06-10,770,1213,1983,0.0019798542595799735,2.192110301282996,0.8780320330689464
2019-06-11,4442,4650,9092,0.008323640727406996,1.4714865373726853,0.5935887993855183
2019-06-12,4521,5150,9671,0.009361068097869968,1.5541129671799734,0.6272618277307114
2019-06-13,848,1505,2353,0.00207425410660409,3.280769728525315,1.3135524438740884
2019-06-14,4144,5514,9658,0.008503220217426808,3.3881584510552725,1.360365312552565
2019-06-15,8054,6636,14690,0.011106935158444436,2.8812539055645243,1.1591657233208765
2019-06-16,11592,9641,21233,0.017225145389088894,1.8643417943458784,0.7560718049718048
2019-06-17,2765,3532,6297,0.005985761100341549,1.4169960546604612,0.5703898785243895
2019-06-18,5026,4551,9577,0.009269407639411656,1.0246728492750137,0.4154307842936525
2019-06-19,4841,4689,9530,0.008846841857088325,1.3476051707354122,0.5443501734084178
2019-06-20,1897,1891,3788,0.003427490076617742,1.7788616541867426,0.7136011557206677
2019-06-21,7255,6971,14226,0.013422646934974185,1.65794584707058,0.6712319269892165
2019-06-22,12519,11963,24482,0.02138595501088446,2.190181731509547,0.8889042656103496
2019-06-23,10013,9763,19776,0.017711933593960734,1.8113280988934117,0.7351583997137411
2019-06-24,3478,3580,7058,0.006624545244174005,1.303246371201364,0.52527327562705
2019-06-25,5156,7389,12545,0.011828393455309689,1.6754066072640488,0.6772596789788053
2019-06-26,5281,5734,11015,0.010522439151973907,1.4879962582640007,0.6015119667967848
2019-06-27,6469,6903,13372,0.011503046247576847,1.912262824349705,0.7718069574884281
2019-06-28,4862,5665,10527,0.008928479850662072,2.7648551896032734,1.1112991637517067
2019-06-29,14333,14613,28946,0.024980960952644696,3.5157395440350903,1.421284394185623
2019-06-30,20925,20324,41249,0.03313760280280538,4.843738927578465,1.9573781327130697
2019-07-01,17432,16795,34227,0.02848057975463193,2.253816195836377,0.91861482618733
2019-07-02,3923,5628,9551,0.00863133845413867,2.1917627366568375,0.8818838977352182
2019-07-03,8221,7878,16099,0.014405837861944205,2.152740609218365,0.8697397464045127
2019-07-04,8804,8756,17560,0.015719464694817782,1.4806110503691037,0.6016760989645322
2019-07-05,8311,8462,16773,0.015011850514481364,1.941097641897971,0.7854461670678773
2019-07-06,11193,11368,22561,0.019955939472693834,3.443743369186907,1.389470911358379
2019-07-07,15604,14973,30577,0.02707095129554282,3.0158618216500814,1.2225872994373583
2019-07-08,7648,7941,15589,0.014321056032493307,1.6273348537290324,0.659526575111109
2019-07-09,7192,7580,14772,0.01356687898089172,2.069954708752078,0.8361220108893662
2019-07-10,7863,8730,16593,0.0139402976001513,2.3556601772275183,0.950628249451098
2019-07-11,3578,4028,7606,0.00714426618816933,2.1393661153538135,0.8600330058544271
2019-07-12,9357,10566,19923,0.016751828761710493,4.002248408344844,1.6109504605949638
2019-07-13,18371,17027,35398,0.028427350537440506,4.522158982325944,1.8259200032528422
2019-07-14,20739,19162,39901,0.032430319122941344,3.623980170639417,1.4690502597295316
2019-07-15,8489,8541,17030,0.0154444023378857,1.4552556310530351,0.5913688938239454
2019-07-16,6146,5742,11888,0.011361888058094094,1.3140066420109033,0.5324197896392178
2019-07-17,2250,2759,5009,0.00432048347349344,4.291254302178021,1.7190940109553043
2019-07-18,8266,7824,16090,0.014783531800978493,1.4177849885179905,0.5759841144877833
2019-07-19,5506,6448,11954,0.011114687104717568,2.3024563025781255,0.9276513332940808
2019-07-20,10477,10412,20889,0.017567426089658292,2.768943587450318,1.1181178906339222
2019-07-21,14463,14246,28709,0.024469128964651903,2.803578510655003,1.1361128816407924
2019-07-22,6981,6937,13918,0.012778547032216375,2.191792515172689,0.8843841342884053
2019-07-23,9421,9059,18480,0.016333638668172036,2.5924337782557743,1.046773694503213
2019-07-24,10052,9810,19862,0.01756030363064426,2.6291321934752014,1.062189059568467
2019-07-25,8977,8525,17502,0.016305283405809577,2.318188380851153,0.9370585223839469
2019-07-26,10264,11738,22002,0.01897154527831626,3.77258458069893,1.5204167594465618
2019-07-27,18553,17389,35942,0.028865288878298225,3.374940036327771,1.3672951878580875
2019-07-28,12628,12215,24843,0.02143017862088064,3.4381519269150203,1.388118877938537
2019-07-29,8321,8405,16726,0.01537062678851657,1.9947886109781283,0.8071378204643613
2019-07-30,3953,4734,8687,0.008169482137911936,2.02576517493773,0.8152077592578393
2019-07-31,11091,10445,21536,0.01833817108902496,2.7851455977443713,1.1250611417511636
2019-08-01,11012,11935,22947,0.018843711674644933,3.326497547467239,1.341905245991683
2019-08-02,10513,11736,22249,0.01993547853420465,3.9114691167072584,1.5765489338034264
2019-08-03,17075,16587,33662,0.027675027363479317,4.883623747094516,1.970054515255894
2019-08-04,21487,20944,42431,0.03408915265371314,5.532694030261495,2.2335311036968264
2019-08-05,19108,18166,37274,0.030652042040854005,2.6019841378780946,1.0591848803757504
2019-08-06,3094,3298,6392,0.006163678275691257,2.0086170158130217,0.8071450132906235
2019-08-07,8282,8604,16886,0.014918802235335052,2.136212834528343,0.8634364151525381
2019-08-08,5952,5975,11927,0.011089426452206846,2.5231537535252118,1.015915157281409
2019-08-09,12081,12675,24756,0.0221895938456448,3.6007422369043147,1.453610651069113
2019-08-10,18148,17193,35341,0.028716177692345284,3.400863355389386,1.3775750487711615
2019-08-11,16111,15415,31526,0.02654828403725743,3.4018788968511395,1.3766805291628106
2019-08-12,6545,6316,12861,0.011494459569784964,2.2690595678486933,0.9145205028813483
2019-08-13,9314,9697,19011,0.017249012520223293,2.9131578079348768,1.1756125306860847
2019-08-14,10313,11234,21547,0.01834757308771894,3.6559669310287983,1.4733953162641509
2019-08-15,9108,8863,17971,0.015483072556078647,2.3255341951592925,0.9395035215973643
2019-08-16,10139,10259,20398,0.018036057914208013,1.8389468113766991,0.7464003592992045
2019-08-17,7052,6985,14037,0.011782257465332893,2.5024031558215407,1.0080306168078161
2019-08-18,11845,11356,23201,0.020524004288889362,2.4267703949874595,0.9830225605683174
2019-08-19,9577,10772,20349,0.017763935092842194,2.508995516122327,1.0142565675046364
2019-08-20,11252,10845,22097,0.019295822539427698,2.5140889595921037,1.0172130773604982
2019-08-21,7039,8652,15691,0.014610948528145979,4.203291655470448,1.6900832313050667
2019-08-22,11289,11201,22490,0.019640234305164598,3.221023349150707,1.3001934802433819
2019-08-23,10377,10557,20934,0.018511812197771767,4.351076391010444,1.7515376437228407
2019-08-24,17254,16574,33828,0.02781184476005855,3.9038401240068574,1.578223156458778
2019-08-25,17204,15885,33089,0.027202760084925687,4.02287505543844,1.6254716782263312
2019-08-26,9457,9090,18547,0.016606904588073238,2.4334361027283373,0.9833385838441789
2019-08-27,1746,2198,3944,0.0036206935265367833,2.712292243680526,1.0870893135881325
2019-08-28,11467,11352,22819,0.020184940601722656,3.8743427027719255,1.5618480454698038
2019-08-29,10131,9643,19774,0.01642487980167694,12.279367950081626,4.921602107913657
2019-08-30,10781,11501,22282,0.018743541077061283,8.138063827183352,3.2664716555195783
2019-08-31,18311,17304,35615,0.03075238853503185,3.350434822158659,1.3586253619844828
2019-09-01,8703,8199,16902,0.01420118742865634,2.708855005848985,1.092062714796788
2019-09-02,12686,11995,24681,0.02241415120465245,1.580937674300617,0.6458235604430383
2019-09-03,2924,2964,5888,0.005514922060826318,1.3825123234613617,0.5563138826210405
2019-09-04,2390,2407,4797,0.0045434090279700915,1.0283548944182326,0.4140680031840751
2019-09-05,3357,3614,6971,0.006633857964860457,1.180682762885851,0.47625341993325665
2019-09-06,2346,2958,5304,0.005030924028431644,1.8162184038507345,0.7295059159573529
2019-09-07,7666,7993,15659,0.013829715470535188,2.7808567254168723,1.12064051944907
2019-09-08,8325,6400,14725,0.013344641373580726,1.6453469224043833,0.6661455537859018
2019-09-09,2767,2937,5704,0.005196159881842519,1.0893692773156456,0.43886540685536374
2019-09-10,2568,2399,4967,0.004706875596172191,0.9905009669810253,0.3990245121501134
2019-09-11,4184,3769,7953,0.008027961946340431,0.9649836909584885,0.3908102535511997
2019-09-12,2320,2296,4616,0.004562347737789925,0.9227849254614234,0.37185137882724334
2019-09-13,2197,2400,4597,0.004118446559489279,1.5501260112333466,0.6225214724290322
2019-09-14,8721,8087,16808,0.016092802855472474,1.7989206739546064,0.7292239512951261
2019-09-15,2149,2035,4184,0.004010632613181164,1.2004012235766053,0.4825668689985509
2019-09-16,2182,2202,4384,0.004394252854838972,1.0705838428171555,0.4308700888397656
2019-09-17,3457,3418,6875,0.006730426870277328,1.0167452027555521,0.41073633722438724
2019-09-18,3370,3450,6820,0.006773787019533711,1.484356630126523,0.5978069242623295
2019-09-19,3601,4669,8270,0.00799493722233707,1.3784509895742558,0.5561773581631047
2019-09-20,4301,4232,8533,0.00791406887363686,1.8129678536088498,0.7299355827677221
2019-09-21,12339,11879,24218,0.021705862677892585,1.872833734178899,0.7621570112782952
2019-09-22,9817,8162,17979,0.015686948108627297,1.2875260986264019,0.5244226083157372
2019-09-23,2299,2253,4552,0.0045652988417743175,0.9264686056779065,0.3733266215762272
2019-09-24,2886,2854,5740,0.0056078648573802264,0.9161613992511051,0.36982927861487014
2019-09-25,2862,2738,5600,0.005549669086808023,0.8663845469794246,0.34988362024385466
2019-09-26,2294,2118,4412,0.004232957980505575,1.0756569019247402,0.4328025355581995
2019-09-27,3568,3108,6676,0.0061766973287327755,1.17343459051077,0.47307985460154767
2019-09-28,2556,2493,5049,0.0047192179148188755,1.4746548728046516,0.5926934798707519
2019-09-29,5375,5217,10592,0.010259145568509367,1.3506445454659453,0.5464133055274838
2019-09-30,1935,1883,3818,0.003935785436754697,0.905207177452253,0.364444342242954
2019-10-01,2684,2616,5300,0.005172686632116153,0.8885448770586148,0.35852156280271563
2019-10-02,977,1919,2896,0.0029232816807681335,1.5342092516768957,0.6154376696792192
2019-10-03,1384,812,2196,0.0021999528802952835,0.6766934424277075,0.27199734869926023
2019-10-04,2715,2571,5286,0.005312606903741835,0.8768724543146726,0.3539365458681142
2019-10-05,3023,2947,5970,0.006009008421978594,1.142219462521533,0.46049319006180034
2019-10-06,1881,1688,3569,0.0038528658024642518,0.9301048343045585,0.37435365320330194
2019-10-07,1896,1779,3675,0.0036181715290236355,0.8096012324940125,0.32601139591501915
2019-10-08,2331,2138,4469,0.004169148302561048,0.9360425667704663,0.3769185156897231
2019-10-09,2413,2225,4638,0.004517941211377933,0.8602542582269075,0.34681246801758975
2019-10-10,2278,2698,4976,0.004996986332611139,1.2133290646892787,0.4883298176752782
2019-10-11,2917,2705,5622,0.005491157969695771,0.9008176264321518,0.36362174535467817
2019-10-12,2633,2721,5354,0.005463199097285657,1.0314844585593246,0.41587170288210124
2019-10-13,4745,4605,9350,0.00973876119265208,1.1963804567652305,0.4843954394216835
2019-10-14,3351,2981,6332,0.006473792764232011,1.0772509562689923,0.43478465816613615
2019-10-15,2244,1853,4097,0.004164307237007982,0.8452841087916355,0.34061222785885903
2019-10-16,883,830,1713,0.0017008560079690167,0.763736987434984,0.306515308578775
2019-10-17,1255,1086,2341,0.002279668805862923,0.9278372900269147,0.3725027172942837
2019-10-18,2156,1960,4116,0.0037302686236499586,0.9439597479881993,0.3798220603694697
2019-10-19,2967,2752,5719,0.005840363400389357,0.8185657812982272,0.33093053055952454
2019-10-20,3349,3196,6545,0.007010912835779562,0.9250904399881181,0.374242723696715
2019-10-21,1652,1469,3121,0.0031557802237772645,0.7946150884901397,0.31973950353032227
2019-10-22,870,699,1569,0.0015050630320397817,0.6017067572251574,0.24158574070928687
2019-10-23,1632,1415,3047,0.00312701929290132,0.7981667967313666,0.32114293026828744
2019-10-24,1706,1526,3232,0.003321081208093116,0.7472271902397285,0.3008835248207473
2019-10-25,1447,1283,2730,0.0027517494223702867,0.8226497557719543,0.3307109519622039
2019-10-26,2109,1991,4100,0.003985836926850497,1.043283684907589,0.41970497611914587
2019-10-27,630,569,1199,0.001361978246545517,1.0808428927394444,0.4331543440437051
2019-10-28,1756,1609,3365,0.003514901050209829,0.8776601681405295,0.3531730078863377
2019-10-29,1339,1162,2501,0.0025151175719298827,0.677245192427,0.2724071475139579
2019-10-30,724,651,1375,0.0014661741453086893,0.6433927657420866,0.2582368107840199
2019-10-31,804,679,1483,0.0015350231930213237,0.6981503105349414,0.28018113812978934
2019-11-01,1070,826,1896,0.001889954822949776,0.7035745509376087,0.28256379326881337
2019-11-02,769,647,1416,0.0015923566878980893,0.7354464062383061,0.2951339765080613
2019-11-03,1267,1144,2411,0.0029114906832298135,0.914881813804649,0.36769961993179745
2019-11-04,968,795,1763,0.001780124703137719,0.6032642880426525,0.24237379003894366
2019-11-05,1097,913,2010,0.0021051128496261426,0.6579316196027831,0.26443571555088896
2019-11-06,961,705,1666,0.0017329860149543064,0.5542735275131591,0.2227492026142362
2019-11-07,818,631,1449,0.0015488069608097122,0.5605392903935776,0.2251450003339169
2019-11-08,1146,910,2056,0.0020552871202007134,0.6309801116392025,0.25362521692780143
2019-11-09,849,678,1527,0.001635906414986466,0.67967298021533,0.27285073593512393
2019-11-10,871,682,1553,0.0018856524256690415,0.5915532225375962,0.23775268047043993
2019-11-11,594,452,1046,0.0012474509705193725,0.634169377598178,0.25441622162158284
2019-11-12,767,602,1369,0.0014117020908335641,0.5695439791792017,0.22866461292618087
2019-11-13,753,540,1293,0.0013516899421081086,0.5023325320411967,0.20174402678174352
2019-11-14,826,509,1335,0.001374922112988092,0.466144942753701,0.18728293036927326
2019-11-15,809,417,1226,0.0012570098310717252,0.6345129816063848,0.25455939854119697
2019-11-16,527,305,832,0.0008598279450782109,0.47264258719818664,0.18957293164632158
2019-11-17,710,564,1274,0.0014515035475892628,0.6248322746294349,0.25080381198032753
2019-11-18,705,457,1162,0.0012495970872243736,0.44090110352670725,0.17711019966301755
2019-11-19,803,551,1354,0.0014187249717573728,0.562759423431529,0.225955004355666
2019-11-20,815,591,1406,0.0014056376559838206,0.5288979436471212,0.21240256005243877
2019-11-21,780,678,1458,0.0015079790916643588,0.7169197432377011,0.28767268475007907
2019-11-22,719,432,1151,0.0011567219819781439,0.5444458225556368,0.21847236221144162
2019-11-23,926,816,1742,0.0018451117177231827,0.7105175766200544,0.2853140976786557
2019-11-24,702,523,1225,0.0014727725888069284,0.6258125416171162,0.25120868020013065
2019-11-25,568,370,938,0.0009615680482476384,0.5163146974225679,0.20710281979797573
2019-11-26,1045,763,1808,0.0018565068274290098,0.5663157376472464,0.22764019915535597
2019-11-27,770,567,1337,0.0013123251094293142,0.5570364115176608,0.22360195967272192
2019-11-28,986,714,1700,0.0017697659927997786,0.5812744633776692,0.23357164494674756
2019-11-29,931,765,1696,0.0016575170638734585,0.8561970105954801,0.34347331447651613
2019-11-30,680,619,1299,0.001358283551581807,0.8495196612557363,0.34062283463324367
2019-12-01,184,134,318,0.00040937714471482063,0.5689135140222097,0.22781103189571275
2019-12-02,627,535,1162,0.0012495970872243734,0.6700673637905361,0.2687767037685491
2019-12-03,961,592,1553,0.0016107466768208252,0.621402990768413,0.24952764431345767
2019-12-04,729,456,1185,0.001233004971581543,0.43455700184357626,0.17456260372037946
2019-12-05,787,594,1381,0.0015242776700821565,0.5614880937881799,0.22550980411732127
2019-12-06,589,380,969,0.0009956350305284118,0.5828998168263357,0.23375730774885134
2019-12-07,664,471,1135,0.0012189530169654653,0.6821235583837865,0.2735807951636939
2019-12-08,579,416,995,0.0011832531910072757,0.7122928487204236,0.28562709140277387
2019-12-09,675,447,1122,0.0011637720721077132,0.49711654031964725,0.19954487937112353
2019-12-10,706,518,1224,0.0012548463029631682,0.5270168984497425,0.21155966716167496
2019-12-11,874,632,1506,0.0015857630784243911,0.4938238512158446,0.1984809983333925
2019-12-12,856,635,1491,0.0015436773054555524,0.5960714692016124,0.2393547940639183
2019-12-13,929,616,1545,0.00157637986494259,0.5017030408422768,0.20162704425587633
2019-12-14,297,77,374,0.0004384750300009231,0.20002192796310445,0.08027185620324234
2019-12-15,505,396,901,0.0010446750009890414,0.6962988280834858,0.2791463362339877
2019-12-16,812,568,1380,0.0014006348124320986,0.5180921532621212,0.20807724219230778
2019-12-17,798,584,1382,0.0013378239692443026,0.8314406135029365,0.33337893978272115
2019-12-18,758,524,1282,0.001275563723639049,0.6044271816235147,0.24253621088358934
2019-12-19,759,682,1441,0.0014423520723714576,0.8754436321056576,0.3510428640856859
2019-12-20,903,553,1456,0.0015566235784922413,0.47289685277825694,0.19009271525839813
2019-12-21,767,709,1476,0.0015527950310559007,0.6453812301301581,0.2590841690706968
2019-12-22,742,655,1397,0.0017907355729288711,0.795038766096096,0.31908994778219574
2019-12-23,869,710,1579,0.0016939727177709687,0.8547419183944808,0.34291315098845493
2019-12-24,575,422,997,0.001100685757736483,0.5888953184332265,0.23621853882793248
2019-12-25,568,455,1023,0.001242345918335949,0.6625487038461594,0.26576488908946533
2019-12-26,484,404,888,0.0010485637320309157,0.8179591978807452,0.3278128173915167
2019-12-27,932,742,1674,0.001800055386319579,0.7028603164407203,0.28222415980807997
2019-12-28,1283,1047,2330,0.0025752368673134457,0.6646959873574262,0.26742353706335853
2019-12-29,325,235,560,0.0006487379098844067,0.8811245070906907,0.3528390455822069
2019-12-30,697,509,1206,0.00134593450333022,0.8383859150423701,0.3361619267189462
2019-12-31,526,361,887,0.0009055223677212047,0.5721542658303038,0.22940501975275424
2020-01-01,642,628,1270,0.0015294176883764257,0.8126746687041378,0.325987518094681
2020-01-02,822,791,1613,0.0016488081290075198,0.821806119905655,0.3297117328396665
2020-01-03,706,618,1324,0.0013630227083910275,0.7527659197166733,0.30192418151170397
2020-01-04,564,519,1083,0.0012461921905289393,0.7588012190539738,0.3042682029359069
2020-01-05,523,441,964,0.0011016533302239259,0.7217302253241018,0.2893530821277751
2020-01-06,739,481,1220,0.0012105267574666634,0.4336359232622591,0.17418068535938366
2020-01-07,730,459,1189,0.0013027323917659006,0.4609026868745539,0.1851427141848811
2020-01-08,678,434,1112,0.0011336887288839657,0.48702746865068347,0.19549120069760376
2020-01-09,739,547,1286,0.001390332817302323,0.5889889333011664,0.23642977301084797
2020-01-10,759,550,1309,0.0013250111837760689,0.7241223643144292,0.2904439524360374
2020-01-11,286,119,405,0.0004314693199351189,0.38496571705605315,0.15424516841438235
2020-01-12,415,297,712,0.0008608392594953575,0.5644226696287272,0.22628557140718814
2020-01-13,744,455,1199,0.0012915908131347295,0.5117392470868569,0.20547065332262357
2020-01-14,702,480,1182,0.0013664388054045388,0.491877374242258,0.19757081298014595
2020-01-15,753,543,1296,0.001377958031463003,0.5008854033672856,0.20118093616579205
2020-01-16,744,559,1303,0.0013403056632511768,0.7222838809926007,0.289717735794991
2020-01-17,503,319,822,0.0008199771531431737,0.5377027606725677,0.215573090560913
2020-01-18,318,172,490,0.0005831540378757217,0.40404158534963486,0.1619665265625794
2020-01-19,375,294,669,0.0008389398406828808,0.6364359777194416,0.2550777549921864
2020-01-20,496,272,768,0.0008024206545573408,0.600789235204721,0.24079714647462278
2020-01-21,707,495,1202,0.001272992022583325,0.5472379711874618,0.21965898368853476
2020-01-22,776,551,1327,0.0013227679732802965,0.5615357705324602,0.22540796899695223
2020-01-23,776,531,1307,0.0013446327194682913,0.5411659852839166,0.2172731737452476
2020-01-24,749,567,1316,0.0013769654450906182,1.1694761517814605,0.46861663997963854
2020-01-25,366,231,597,0.0006688392609882502,0.4550995055784143,0.18244110578795866
2020-01-26,437,295,732,0.0008521940535233252,0.5229721288112431,0.20970016795661128
2020-01-27,730,442,1172,0.0013060375782097075,0.354350698140979,0.14252390180331745
2020-01-28,767,532,1299,0.0013359786070340626,0.5337229886617212,0.2142907826289089
2020-01-29,846,588,1434,0.0014820167543616726,0.5113354972790245,0.20542340896422678
2020-01-30,773,529,1302,0.0013615803563186558,0.5765547989670797,0.23143886780062306
2020-01-31,805,608,1413,0.0015086072127281336,0.6569572183337501,0.26368805166113696
2020-02-01,615,539,1154,0.0011791228191636665,0.7909454820251508,0.31708566650155856
2020-02-02,393,247,640,0.0008940074410316304,0.5059911742136807,0.20293287415009123
2020-02-03,879,717,1596,0.001903904735530324,0.5555144786318079,0.22334813429404138
2020-02-04,797,569,1366,0.0014319121907047688,0.6941605542704679,0.27852336902261005
2020-02-05,826,585,1411,0.0014813642617575045,0.5690989649976846,0.22852840455612836
2020-02-06,449,260,709,0.0006859382655560999,0.6182677801574122,0.2477186750222986
2020-02-07,435,185,620,0.0006838267088380047,0.45546039405688526,0.18259445364805693
2020-02-08,499,308,807,0.0008619495984491831,0.4899231390815281,0.19648642539168076
2020-02-09,394,289,683,0.0008401146070766675,0.7416949498806786,0.29718204871651743
2020-02-10,805,614,1419,0.0015958770048204872,0.6179812462309096,0.2481500246952561
2020-02-11,503,211,714,0.0006912638732079331,0.31509231868015314,0.12645168579598604
2020-02-12,534,244,778,0.0007995283229558428,0.37937963264089297,0.15223157005013072
2020-02-13,710,493,1203,0.0012741086822522579,0.44085928500692784,0.1771081792121225
2020-02-14,448,222,670,0.000644398525871802,0.48414278176877645,0.19404375182303368
2020-02-15,478,429,907,0.0010134264078152007,0.7470223553210369,0.2994169979731039
2020-02-16,677,523,1200,0.0014143292321082408,0.6911370721442456,0.2773034263969632
2020-02-17,835,692,1527,0.0017535022297768313,0.6563365297323762,0.2635867132308166
2020-02-18,752,584,1336,0.0013760038770423706,0.5495289069981417,0.22063716512548212
2020-02-19,823,560,1383,0.0014038301770231984,0.5358834553803876,0.215195680258369
2020-02-20,663,407,1070,0.001070447138018448,0.4228384302453716,0.1697776403809597
2020-02-21,650,413,1063,0.001117776328601674,0.7289312632069901,0.292243171079957
2020-02-22,800,664,1464,0.0014664786888547619,0.8147311918348459,0.32677236394725123
2020-02-23,1069,927,1996,0.002398425446057681,0.7529574139453769,0.3026220208457854
2020-02-24,925,1742,2667,0.002728405629264117,1.481386823945827,0.5941917729558893
2020-02-25,767,617,1384,0.001501559442686509,0.6133547320868492,0.24624282850035156
2020-02-26,719,683,1402,0.0015219888228591146,0.6306950434299108,0.25319121066567984
2020-02-27,670,666,1336,0.001447081095559561,1.0365064599280782,0.415470832628567
2020-02-28,740,683,1423,0.001446435038237863,1.7126279731397962,0.6859190502788612
2020-02-29,546,397,943,0.0010010396284576726,0.6298786113551268,0.25255206831912536
2020-03-01,542,524,1066,0.0012974758197688134,0.7142955546559504,0.2864967073542415
2020-03-02,680,628,1308,0.0013913579474901956,0.8165957085046639,0.3274730981703597
2020-03-03,720,584,1304,0.0014354287824240746,0.6997252541602401,0.2807513589335505
2020-03-04,929,738,1667,0.0017626915993019564,0.7620283392714516,0.3058689506681619
2020-03-05,939,696,1635,0.0016202565130591848,0.613229264582803,0.24626385974095677
2020-03-06,726,453,1179,0.001131143401697428,0.6345084519419527,0.25448206681779956
2020-03-07,855,726,1581,0.0016681831968456172,0.697082403017875,0.2798338711252575
2020-03-08,1549,1395,2944,0.003636615392361723,0.7811805040385582,0.3146541708508403
2020-03-09,1144,903,2047,0.0021451381196344503,0.6527809559922674,0.2623994652686876
2020-03-10,732,538,1270,0.0012629759237347165,0.7680904961968276,0.30799398403297185
2020-03-11,768,571,1339,0.0014022409480731275,0.7957697184795431,0.31914923196066114
2020-03-12,811,517,1328,0.0013673497646081417,0.4322521024591559,0.17372125084242726
2020-03-13,728,462,1190,0.0013271594797440965,0.41889165721876265,0.1683529585753515
2020-03-14,531,385,916,0.0010241694439404503,0.5866071069823854,0.23525734445931842
2020-03-15,706,669,1375,0.0016615895873719193,0.8102007673414682,0.3250772606890105
2020-03-16,301,160,461,0.00048104928427505987,0.5044393059048231,0.2020643519324943
2020-03-17,268,195,463,0.0005355752600805714,0.5117555646967412,0.2050235710347448
2020-03-18,231,151,382,0.00044933509266348467,0.6979006015770722,0.279429841686427
2020-03-19,222,127,349,0.00040453733418041826,0.406271397447868,0.16275128137965544
2020-03-20,194,93,287,0.0003362740831586027,0.3333214970970073,0.13353036328869808
2020-03-21,200,195,395,0.0004888690452641871,0.6720281419261012,0.269104578197599
2020-03-22,98,129,227,0.00036731899443059787,0.647979797979798,0.25941231058857755
2020-03-23,151,105,256,0.0003160632367283542,0.4737107095802748,0.18967392177414696
2020-03-24,207,109,316,0.000328541577503084,0.3671067821067821,0.1470398377892147
2020-03-25,157,134,291,0.0003337025754638604,0.9692222222222222,0.38788911043416724
2020-03-26,166,94,260,0.00029812534263220657,0.4353174603174603,0.17430585933256348
2020-03-27,168,108,276,0.00033732625488312897,0.8469488375621042,0.33898193077777156
2020-03-28,124,105,229,0.0002910928727876942,0.5778860028860029,0.2313290568780738
2020-03-29,76,31,107,0.00016973226967777666,0.2595796676441838,0.10393370641948019
2020-03-30,108,65,173,0.00024595898497281696,0.3977671451355662,0.15925443344521018
2020-03-31,152,76,228,0.00025962337302686233,0.3278108465608465,0.13128011264815476
2020-04-01,150,177,327,0.00042292271200317875,1.0722653554175294,0.4291598957942136
2020-04-02,159,139,298,0.0003433951813901966,0.7015317460317461,0.2808187355215325
2020-04-03,149,224,373,0.00044724453060094156,1.368113553113553,0.5475137679637818
2020-04-04,117,170,287,0.0004038585802640081,0.8765022675736961,0.3508432221776369
2020-04-05,71,64,135,0.0002322652111380102,0.6207885304659498,0.24845477131306276
2020-04-06,126,105,231,0.00027103943623797266,0.48267866884888166,0.19323409120129545
2020-04-07,140,110,250,0.0003241358475365676,0.7727174340810705,0.3092814551409501
2020-04-08,156,101,257,0.0002796466135609602,0.49675618785525905,0.1988702631102402
2020-04-09,166,108,274,0.00033438017405445537,0.35493076663289425,0.1421729347575904
2020-04-10,47,27,74,0.00013569648296870673,0.38066666666666665,0.1523480845564479
2020-04-11,146,109,255,0.0003511097044744234,0.6760204081632653,0.2706188290879908
2020-04-12,32,12,44,0.00013385027231607125,0.20277777777777778,0.08119142127450076
2020-04-13,62,24,86,0.0001360784575864934,0.236247947454844,0.09458082605648951
2020-04-14,143,95,238,0.0002889721021516381,0.4588509316770186,0.18371375593209843
2020-04-15,155,141,296,0.0003762657580099454,0.6638371290545204,0.26576061107661414
2020-04-16,174,156,330,0.000427437901099298,0.6994824016563147,0.28004942340318545
2020-04-17,159,150,309,0.00038593658855624364,0.6515075350181733,0.2608345759604031
2020-04-18,136,128,264,0.00031154804763223483,0.717335557960558,0.2871211520128025
2020-04-19,64,37,101,0.00017188857800399163,0.5028735632183907,0.2012525584341587
2020-04-20,156,161,317,0.00040787208168278086,0.8077945605119519,0.3233625474537904
2020-04-21,133,76,209,0.00026727119331757616,0.453875968992248,0.18171075031288977
2020-04-22,191,126,317,0.0003786615726323761,0.4175979915775834,0.16726639357461281
2020-04-23,178,127,305,0.0003706844825994646,0.5813801786663629,0.23277448215610486
2020-04-24,160,139,299,0.0003807809471060648,0.5842665788317962,0.23393510010098212
2020-04-25,134,93,227,0.00027241640879920053,0.5101025785808394,0.2042044812776153
2020-04-26,54,40,94,0.00017180015795357806,0.39609053497942387,0.1585392940865417
2020-04-27,153,129,282,0.00031358430938146516,0.6382913927031574,0.2555047076668919
2020-04-28,166,115,281,0.0003122268015486449,0.44696545284780576,0.1789735172200515
2020-04-29,161,124,285,0.0003792074721180232,0.724322001527884,0.28995632509442437
2020-04-30,151,227,378,0.000525540646005891,1.3222592466013519,0.5292190230281443
2020-05-01,200,178,378,0.0004439050613322039,0.7067039442039441,0.28294792071837704
2020-05-02,147,168,315,0.0004379383408577152,0.9883997785160575,0.3956226744109376
2020-05-03,131,110,241,0.0003187933510655426,0.5495016611295681,0.2199919404624666
2020-05-04,138,112,250,0.0003241358475365676,0.5590097402597403,0.22379837761241805
2020-05-05,205,175,380,0.0004569371365272778,0.9254994303941672,0.37047393443958326
2020-05-06,186,172,358,0.0004471291424351519,0.6388195163331033,0.2557960840187024
2020-05-07,174,138,312,0.0003807809471060648,0.7000611139591403,0.2802529141519198
2020-05-08,231,168,399,0.0005446321425274624,0.6529703901762726,0.2615149353560255
2020-05-09,121,80,201,0.0002620959765794992,0.5781273620559335,0.23140820240832105
2020-05-10,115,71,186,0.0002884704144742915,0.3095182980599647,0.12398040147267048
2020-05-11,141,109,250,0.00034286769263230075,0.5815476190476191,0.23282476823462703
2020-05-12,187,133,320,0.0003738576571586818,0.6210567765567765,0.24864702521700582
2020-05-13,236,224,460,0.0005316564167141282,0.7464862546076656,0.2989134956930947
2020-05-14,185,214,399,0.00045197326826311636,0.9417329002234663,0.37696434405034435
2020-05-15,170,138,308,0.0003844635481419068,0.9901553529213103,0.3962928192974094
2020-05-16,232,351,583,0.0007069744157808406,1.281456043956044,0.5130066022318861
2020-05-17,97,80,177,0.000271162189605834,0.6477402998236331,0.25925881724321675
2020-05-18,68,51,119,0.00018822694544447523,0.29110863095238093,0.11655638854821906
2020-05-19,205,167,372,0.00043576001433528273,0.5674054703466469,0.22722364414725993
2020-05-20,255,213,468,0.0005538631957906397,0.9755001942501943,0.3905323956175521
2020-05-21,275,163,438,0.0005253555313014157,0.48202075702075703,0.19312351612708367
2020-05-22,261,299,560,0.0006230960952644697,0.981213924963925,0.3928594276427287
2020-05-23,185,192,377,0.000463436551579923,0.7967525105280208,0.3189790661421562
2020-05-24,105,74,179,0.0002952579536383925,0.5174019607843138,0.20713793908590855
2020-05-25,214,293,507,0.0005930516294550718,1.1799690006302541,0.47234343122977474
2020-05-26,226,191,417,0.0005081694821379119,0.6996059757236227,0.2801472919787319
2020-05-27,200,189,389,0.0005037798217031882,0.7658242894303057,0.30663198366514416
2020-05-28,245,164,409,0.0004859878041496299,0.5618754755432956,0.22504178289980803
2020-05-29,208,164,372,0.0004167036779651275,0.7205709384954668,0.2884783976049658
2020-05-30,213,211,424,0.0005063504216419329,1.1816986390515802,0.4729832658736173
2020-05-31,160,263,423,0.000611825623257102,1.2230343300110742,0.489580827378384
2020-06-01,222,214,436,0.0005226405156357753,0.7155270655270655,0.2865244105202077
2020-06-02,234,165,399,0.00045197326826311636,0.7868147313902032,0.3149970765170392
2020-06-03,239,143,382,0.00044933509266348467,0.4620259322944745,0.1850799739733879
2020-06-04,308,225,533,0.0005669935732770557,0.5702885844983101,0.2284556299432903
2020-06-05,275,262,537,0.0006322400631195038,0.8006223749768934,0.3206282940286291
2020-06-06,228,284,512,0.0006124448799608035,1.259372571872572,0.5041164956770052
2020-06-07,199,158,357,0.00045664252844441046,0.7618487304657517,0.30501347770336734
2020-06-08,225,141,366,0.00045866795901412354,0.48159722222222223,0.19291408966429738
2020-06-09,276,246,522,0.0006000184621065265,0.7677347127639526,0.3074538961828449
2020-06-10,236,135,371,0.0004549590536851683,0.32991749813478505,0.1322399746861251
2020-06-11,287,243,530,0.0006502462519208736,0.6992037982522412,0.280071667052049
2020-06-12,313,248,561,0.0006500200006154035,0.636526513609847,0.255000617444308
2020-06-13,259,248,507,0.0005930516294550718,1.2621722617005635,0.5052247356578985
2020-06-14,209,212,421,0.0005643986370149182,1.095092063938813,0.4383754647577342
2020-06-15,268,176,444,0.0005711714206590972,0.5656756438006437,0.226612960372653
2020-06-16,298,288,586,0.0006962478381047428,1.120270636072523,0.448526003131872
2020-06-17,319,272,591,0.0006486029529653544,0.905110080980824,0.3624331941641088
2020-06-18,336,299,635,0.0006514702343930886,0.6950962684137835,0.2784293895061493
2020-06-19,347,305,652,0.0007514916542886634,0.6637284180465999,0.26594226221121314
2020-06-20,330,327,657,0.000788993797777232,0.9006011529367222,0.36071385745335516
2020-06-21,269,283,552,0.0007106969068436013,1.1527645257237094,0.46153222843358993
2020-06-22,245,314,559,0.0006750207698698422,1.24020127520068,0.49648552254219386
2020-06-23,264,281,545,0.0006706088694131765,0.9225754637519344,0.36943255082242166
2020-06-24,345,2661,3006,0.0028619515486717033,10.147105483580214,4.060559364361288
2020-06-25,342,1956,2298,0.001870976893097649,6.964235510424534,2.786816790305673
2020-06-26,434,2339,2773,0.0022162769843467713,7.435385315742459,2.975483892487592
2020-06-27,1753,2848,4601,0.0036783032238096014,5.110650668792932,2.0464672494514584
2020-06-28,4192,3345,7537,0.005602597136768087,4.48711658692651,1.7982081930526652
2020-06-29,2008,3001,5009,0.004010621141283985,4.502571949624355,1.8034351525345123
2020-06-30,1923,4121,6044,0.004912239057905078,7.421108096150639,2.971390581894999
2020-07-01,5697,3919,9616,0.007327917782085603,5.833045168951529,2.337614818249863
2020-07-02,2674,3142,5816,0.004506432365751114,4.5354179241775405,1.816871029090467
2020-07-03,2750,3697,6447,0.0050611636856730865,5.520643850657867,2.2112942384745504
2020-07-04,5226,3967,9193,0.006924811549569234,4.743222165746828,1.901443753228473
2020-07-05,4025,3159,7184,0.005519184514233973,3.6903333212663525,1.4794448392150816
2020-07-06,1956,2173,4129,0.003293857005554922,3.5033910333847498,1.4033327275572327
2020-07-07,1783,1966,3749,0.0029488384973562695,3.6497305923941834,1.461661540056087
2020-07-08,1812,1981,3793,0.0029842599808079964,3.2186496199858605,1.289250403982829
2020-07-09,2099,2196,4295,0.0033486441492629484,3.244628284233683,1.2998605001830312
2020-07-10,2353,2299,4652,0.0037649510094816103,2.3270694628793747,0.9330867557574388
2020-07-11,1067,1719,2786,0.002372322264248832,5.02367435518447,2.010893135432337
2020-07-12,3846,3247,7093,0.005448395819266349,2.8782142915856723,1.1545547541258288
2020-07-13,1408,1920,3328,0.002706756130031063,3.767747843546249,1.5087231910965182
2020-07-14,2213,2502,4715,0.0037265010658646385,4.085957305090239,1.6366188226756149
2020-07-15,2495,2596,5091,0.003982085390425806,2.821176563098132,1.1308598764735083
2020-07-16,542,1626,2168,0.001830728189883934,6.655279614279987,2.663210282625925
2020-07-17,3208,4453,7661,0.005824025354626297,7.055993928222938,2.825891986501951
2020-07-18,5201,3130,8331,0.006411433229924793,4.8416299060597945,1.940498822361873
2020-07-19,1827,1780,3607,0.002868685552315637,3.3386170865574756,1.3371680459543798
2020-07-20,2443,2822,5265,0.004322468494860083,3.734670487999967,1.496461676296903
2020-07-21,2199,2176,4375,0.003716941290501246,2.4158095200054923,0.9685539727764978
2020-07-22,623,1463,2086,0.0017360149543062865,4.751720118379519,1.9017296563243917
2020-07-23,1824,2572,4396,0.0034696953108396184,4.459397107798242,1.785840660305801
2020-07-24,3239,4059,7298,0.005544785993415182,6.499950098039653,2.6033069108119107
2020-07-25,5923,4921,10844,0.008272562232684083,4.902883003717229,1.9661167388265022
2020-07-26,4995,3967,8962,0.007062551526784378,3.003703726609749,1.2057190215599702
2020-07-27,1002,1828,2830,0.0023201464360254236,4.367403482778109,1.7483534809728591
2020-07-28,2587,2684,5271,0.004174099811300097,3.4356440968276987,1.3767620986178597
2020-07-29,1649,2461,4110,0.003359046821459196,3.6280560811321405,1.453237860545732
2020-07-30,2566,3214,5780,0.004810842209779063,5.957116702931448,2.385733186498447
2020-07-31,3710,4615,8325,0.006632672776335872,6.27932660703307,2.51571024647903
2020-08-01,5137,3011,8148,0.006414786237454522,3.610618531625481,1.448096284392665
2020-08-02,1213,1230,2443,0.0020717287893181526,2.697076106836936,1.0800734800083656
2020-08-03,2083,1984,4067,0.0034069424358356324,2.4608998632600634,0.9864041107655267
2020-08-04,637,1470,2107,0.0018757500230776332,4.776286394100756,1.9116400076541493
2020-08-05,2820,3200,6020,0.0050134750862878335,5.68050273107771,2.275209177482857
2020-08-06,2980,3476,6456,0.005128064763352289,4.7338005244721755,1.8965970486468817
2020-08-07,3282,4282,7564,0.005814785658054819,6.620186033844759,2.651563284932737
2020-08-08,5445,4641,10086,0.007520799971102789,5.906286345064652,2.3670270180085224
2020-08-09,5059,4146,9205,0.007341102445370412,4.165407383010304,1.6705676146713437
2020-08-10,2479,2588,5067,0.0040098729334784545,2.71955140259142,1.090226484796655
2020-08-11,1201,2237,3438,0.003062644842513373,5.10356774695037,2.043264685685656
2020-08-12,3297,3624,6921,0.005375777296644093,4.1904076495985345,1.6793885262174006
2020-08-13,2923,3716,6639,0.005213953532787746,6.302545792706899,2.5241466892024325
2020-08-14,3821,4841,8662,0.006745487273734297,7.169015853525769,2.8716536337745486
2020-08-15,5230,3170,8400,0.0065393620503008485,4.019422894079911,1.611692774862145
2020-08-16,2363,2021,4384,0.003632194311419714,2.177589780774033,0.8732152288964652
2020-08-17,1381,1846,3227,0.002832254978474862,3.1313278595282803,1.254230496798397
2020-08-18,2690,2934,5624,0.004737752614610365,4.702248968812043,1.8837422390935838
2020-08-19,2795,3326,6121,0.004975702549089423,5.04841956684373,2.022353248266946
2020-08-20,3135,3531,6666,0.005297121843462804,4.942888082352078,1.9803335060469092
2020-08-21,2727,3720,6447,0.005441193062350636,7.57898315350897,3.0348579772409985
2020-08-22,5449,4493,9942,0.007842416371432119,6.238475876755243,2.5000958005249565
2020-08-23,5487,4524,10011,0.007718301444711696,3.8684215271211126,1.5519995917152722
2020-08-24,2421,2942,5363,0.00440421336411834,4.2263515013108774,1.693183128542822
2020-08-25,3094,3288,6382,0.004895310521222606,3.5404261615764474,1.4191076509433125
2020-08-26,2287,1936,4223,0.003330424478177146,2.5831866107331796,1.0352728989801783
2020-08-27,1626,2127,3753,0.0031786554970922184,3.554191281303767,1.4235837058197622
2020-08-28,2676,3131,5807,0.0048336384083863,4.561935354138295,1.8276743247003495
2020-08-29,3865,3933,7798,0.006208420008629961,4.302168183712762,1.724592325490283
2020-08-30,5284,4610,9894,0.007895770674875863,4.640752040896694,1.8610382787636033
2020-08-31,2835,2861,5696,0.004681979093332621,3.6418095256637613,1.4595329977215044
2020-09-01,2610,2693,5303,0.004354165484980631,2.4699602749259393,0.9905966092613641
2020-09-02,986,1881,2867,0.0024433078953549105,4.9435215363727325,1.9788745992863062
2020-09-03,3112,3688,6800,0.005469399058432568,4.994366803794192,2.0010283609527364
2020-09-04,3318,4311,7629,0.005932787442410815,7.287014622030318,2.9183655212775736
2020-09-05,5483,5034,10517,0.008496913027188167,7.5372105140293675,3.01998235342806
2020-09-06,5367,3633,9000,0.006854057047909166,3.663830778322956,1.4696447455579276
2020-09-07,2214,1736,3950,0.003529055954758122,2.1778664445080183,0.8732640113760622
2020-09-08,583,813,1396,0.0012547277534777676,2.0305621797400812,0.8129777085481192
2020-09-09,1073,1005,2078,0.0019015337458223162,1.47602593983798,0.5915512961826854
2020-09-10,932,1162,2094,0.001838315672870906,2.4857383732602374,0.9953983387078176
2020-09-11,1604,1868,3472,0.0029354749376903906,3.1459937969074536,1.2601588037255955
2020-09-12,3204,2554,5758,0.004913805040155082,1.7459187111671768,0.7013157674909637
2020-09-13,1734,1639,3373,0.0027786033191265175,1.9112248995803618,0.7661571218236207
2020-09-14,933,1100,2033,0.0019414883095304032,1.4842288716938523,0.5948564416632591
2020-09-15,840,938,1778,0.0016170149808613712,1.852952081810404,0.7421510417126784
2020-09-16,1900,1649,3549,0.003163761314113309,1.2599850191499997,0.5058922644484679
2020-09-17,892,1048,1940,0.0016980279555160402,1.996201747884698,0.7994995159271889
2020-09-18,1086,1257,2343,0.0020651445145680597,2.4159941735548025,0.9676367561306619
2020-09-19,2159,1878,4037,0.00386729125793253,2.067913584802026,0.8294858086755698
2020-09-20,1943,1673,3616,0.003360166614188761,1.5166809943482678,0.6086884977078205
2020-09-21,844,732,1576,0.001609398632383955,0.9823274776147051,0.3938966302253124
2020-09-22,922,1023,1945,0.0017753970933562973,1.6954616904576063,0.6792499144390562
2020-09-23,1657,1610,3267,0.0029068708186972556,1.618272174260643,0.6490529921954756
2020-09-24,904,1135,2039,0.0017640902437357714,2.478824127881755,0.9925881052989435
2020-09-25,1611,2123,3734,0.0031223182935543317,3.6271334616110202,1.4527267756205409
2020-09-26,3641,3162,6803,0.005892683747620667,2.994878690800483,1.2014870865687657
2020-09-27,2832,2345,5177,0.004525878902782807,1.9992607012889316,0.8024198078572423
2020-09-28,1041,972,2013,0.0019802645511264602,1.0977616787013964,0.44029283021123444
2020-09-29,650,606,1256,0.0012894627527000832,1.14346647464854,0.458160267511036
2020-09-30,497,436,933,0.000989689972806225,1.0190323565323565,0.4082067565966264
2020-10-01,744,784,1528,0.0016370230746553989,1.3499241171331653,0.5409518606980593
2020-10-02,539,684,1223,0.0011578951593159388,1.8017476682842144,0.7213938044092753
2020-10-03,1271,1064,2335,0.0026250807717160527,1.1861320140222817,0.4760278540719424
2020-10-04,354,309,663,0.0007221707617528815,0.8710168476115417,0.3488400415016684
2020-10-05,782,720,1502,0.0015305796391368255,1.0735253984036637,0.43032850714494764
2020-10-06,823,741,1564,0.0015966171740195555,0.842530335907197,0.33797010466729055
2020-10-07,553,567,1120,0.0010710736800951341,1.5441449538881566,0.6183006257633198
2020-10-08,712,732,1444,0.0013796411127031333,1.3539327157407752,0.542400870963932
2020-10-09,937,1020,1957,0.0017616966176921868,1.9862533948514884,0.7955583759112106
2020-10-10,1638,1342,2980,0.0029647971068793065,1.4984802098107743,0.6011709621884375
2020-10-11,1092,977,2069,0.0021689369288285794,1.363223803995083,0.5465908837553304
2020-10-12,765,751,1516,0.0016236231586282059,1.0310121356163546,0.41337902814171873
2020-10-13,903,834,1737,0.0016992604297326795,1.0195578989726195,0.40884271584688736
2020-10-14,848,725,1573,0.0016872727597573721,1.0828789498653235,0.43416394360198385
2020-10-15,475,502,977,0.001004426509826676,1.1138970098869847,0.44616145986069
2020-10-16,735,844,1579,0.0015383957515434864,1.5760403166004378,0.6313391640911012
2020-10-17,1231,1068,2299,0.002204573327530957,1.5425072690994215,0.6183256516362873
2020-10-18,539,436,975,0.0010748701003055635,1.052131482731447,0.42149751515276224
2020-10-19,500,470,970,0.0011299798235550106,0.9056783564936823,0.362949330491606
2020-10-20,600,510,1110,0.0011905788778368465,0.7359143204005258,0.2950800754869125
2020-10-21,540,389,929,0.0009516776340370913,0.900060338119948,0.36059514182840147
2020-10-22,524,465,989,0.0008951521368588156,1.2135280031483338,0.4859482925414489
2020-10-23,1193,1084,2277,0.0020326779285516476,1.1345618179699732,0.45504433394512034
2020-10-24,799,752,1551,0.0016627062470408519,1.5857209556608305,0.6352860060125567
2020-10-25,536,419,955,0.0011114352969102347,1.0775295669508684,0.43167868795849357
2020-10-26,538,505,1043,0.0012679877329558858,1.2709993412478793,0.5091605291389253
2020-10-27,509,389,898,0.0009845152992973448,1.2241092212758538,0.49023439768992005
2020-10-28,754,611,1365,0.001430813255792486,0.7575184974552275,0.3038658869355665
2020-10-29,532,503,1035,0.0011452764387535261,1.0176064110832175,0.40772973029653914
2020-10-30,627,623,1250,0.0012829721683744115,1.1981874462839315,0.4800447618145973
2020-10-31,748,710,1458,0.001733295090398386,1.0907118234348652,0.4373247064281851
2020-11-01,197,196,393,0.0005222568721178043,0.9956381959898585,0.39856863251921404
2020-11-02,475,386,861,0.00105547514669537,0.7910210015592207,0.31704168571170555
2020-11-03,517,479,996,0.0011196630983871124,0.9506295116162203,0.3809236025055204
2020-11-04,799,717,1516,0.0015707214068125172,1.197943804198304,0.4801199545234091
2020-11-05,665,638,1303,0.0012771919962634901,1.6885552453503276,0.6761884133378893
2020-11-06,1047,1292,2339,0.0021490650713383384,2.745401092703348,1.0994498761241422
2020-11-07,1368,1305,2673,0.002365761051757058,3.4573075085154086,1.3843424600372178
2020-11-08,1241,880,2121,0.0018629115713681879,1.7015633415134188,0.6817430835481885
2020-11-09,1119,998,2117,0.0019950776383585367,1.6921950193026247,0.678075054304065
2020-11-10,1376,1235,2611,0.0025505801516300837,1.5049141412669131,0.6034960045977434
2020-11-11,955,790,1745,0.0017894041710159129,1.18691338384655,0.47583899604122953
2020-11-12,694,541,1235,0.0012667457075602327,0.8248438185143947,0.33069757483029405
2020-11-13,645,507,1152,0.0011967401194762036,0.9503451760131433,0.380856114476943
2020-11-14,712,631,1343,0.0015066956427864013,1.272507256541421,0.5099069200022402
2020-11-15,105,99,204,0.0002752429905910801,0.8272357723577235,0.33105945473744414
2020-11-16,452,351,803,0.0009602859575166415,0.5748879665565332,0.2305313581971233
2020-11-17,515,481,996,0.0011621236697392887,1.0642756625290175,0.4264075392134506
2020-11-18,545,464,1009,0.0012008761108733416,0.6720158578100324,0.26952686879053694
2020-11-19,569,471,1040,0.0011939638628556994,1.3224983304121367,0.5297157104825682
2020-11-20,672,644,1316,0.0014002912248416576,1.0484406065967227,0.42021641737359405
2020-11-21,430,383,813,0.001034420968608989,1.0065772518978358,0.4032515533402997
2020-11-22,123,71,194,0.000229237822702237,0.6081528964862298,0.24339870128811328
2020-11-23,462,390,852,0.0010873637740889766,0.7436258442041763,0.2981027559461239
2020-11-24,492,395,887,0.001210133388719653,0.6582871659040831,0.26404094639486503
2020-11-25,474,317,791,0.0009449008687446793,0.43283681243777566,0.17370166549635707
2020-11-26,527,522,1049,0.0012048953732989355,0.9757090163840736,0.39100654377760885
2020-11-27,541,493,1034,0.0011238807347918396,0.8992088412864467,0.3603578649554538
2020-11-28,429,425,854,0.0009501618617442871,1.694985631526732,0.6785643497277395
2020-11-29,445,358,803,0.0010208458902807869,1.0838171783200221,0.4341393788621773
2020-11-30,418,320,738,0.0009734993415809968,0.540629439007902,0.2168358752081094
2020-12-01,256,244,500,0.0006372252584223941,0.7804841417086315,0.31257599183850604
2020-12-02,481,392,873,0.0010930809705387385,0.7529301529554566,0.30182790976450585
2020-12-03,532,379,911,0.001272706917987002,0.5232107868285389,0.2100479388822078
2020-12-04,474,380,854,0.0010057652123561843,0.8150014672748754,0.3266040460373639
2020-12-05,339,343,682,0.0008051529790660225,1.0383215367285832,0.41581170647887294
2020-12-06,228,273,501,0.0006533854887842703,1.406371128871129,0.5629404828417222
2020-12-07,493,413,906,0.0011142577971920181,0.9859072029043754,0.39503143584006545
2020-12-08,507,493,1000,0.0011670688768445623,1.658570074453533,0.66412827110752
2020-12-09,473,419,892,0.0010743920325753612,0.7966671431230817,0.319311492468778
2020-12-10,545,417,962,0.0011641383837451408,0.6046753675084466,0.24256863003362575
2020-12-11,589,492,1081,0.001199254631563631,0.7420421990978301,0.29753643241807026
2020-12-12,177,113,290,0.00034051283210598,0.6932929881909473,0.2775215029756426
2020-12-13,245,195,440,0.0005654020123696114,0.8335427689594357,0.33375634879119603
2020-12-14,480,333,813,0.0009731068648266101,0.4476230771334666,0.1796330949722826
2020-12-15,536,336,872,0.0011381888673497645,0.5467427557655988,0.2193800156266494
2020-12-16,458,307,765,0.0009492895639392454,0.45232262563144915,0.18149862399094324
2020-12-17,525,406,931,0.0010232387854437243,0.7074201049689033,0.2835819852588275
2020-12-18,577,478,1055,0.001258779990433272,0.9842570641516268,0.39445809365491075
2020-12-19,275,230,505,0.0006442898400013565,0.9204215762930302,0.36855520442121287
2020-12-20,186,151,337,0.0003882472401865759,0.7369772384478267,0.29502384372324264
2020-12-21,302,262,564,0.0006039973643751373,0.8433411704918057,0.33769886661534737
2020-12-22,344,346,690,0.0007543998701286298,1.1878674450525188,0.47559961794308475
2020-12-23,441,367,808,0.0008478192771631309,0.777367653771683,0.3114557530749711
2020-12-24,240,130,370,0.00044309055663251177,0.5521899766899767,0.2211418450099702
2020-12-25,138,99,237,0.0002953937044216745,0.9890550807217473,0.395799268511352
2020-12-26,228,261,489,0.0005463105158480401,1.399396049712255,0.560086206194411
2020-12-27,295,267,562,0.0006648970911731973,1.5313163644531567,0.6129254840359667
2020-12-28,188,262,450,0.0006725481663172054,1.6063167574722197,0.6429302318886783
2020-12-29,360,271,631,0.0007250572744895647,1.1353681152094988,0.45458228044849325
2020-12-30,228,241,469,0.000510592633619496,1.312085827920912,0.5251406867485365
2020-12-31,378,288,666,0.0008007503278765617,1.134251607023089,0.4541810930059616
2021-01-01,206,200,406,0.0004929382442536693,1.3145705963544838,0.5261240014883457
2021-01-02,347,324,671,0.0008598726114649681,1.3676142440383927,0.5475616211822361
2021-01-03,160,124,284,0.0003677036216498969,0.733021978021978,0.2934294133817812
2021-01-04,225,217,442,0.000581850963663039,0.896521799713289,0.3589578304635135
2021-01-05,241,187,428,0.00047950193339282236,0.845063388481263,0.33831305655254085
2021-01-06,266,254,520,0.0006230960952644698,0.7703042075091062,0.3084955406608012
2021-01-07,295,254,549,0.0005642481307117142,0.8431211448987507,0.33758700683792736
2021-01-08,286,240,526,0.0005088068643870361,1.005803349979968,0.4026266241106195
2021-01-09,505,470,975,0.00100222864000211,1.4894907404870883,0.5963976333788366
2021-01-10,293,197,490,0.0006092495153697037,1.0629065355009626,0.4255281639096069
2021-01-11,252,209,461,0.0005690944336748823,0.9643764443159181,0.3860920343865722
2021-01-12,253,158,411,0.0005235738022708391,0.6083796445928799,0.2436660021185145
2021-01-13,286,153,439,0.0005042245131490257,0.39853681433870114,0.15971726044336987
2021-01-14,225,145,370,0.0004757920538307889,0.5494227994227995,0.22005459500141825
2021-01-15,204,147,351,0.00043703267792855163,0.6687049062049062,0.26774418208871964
2021-01-16,309,211,520,0.000680790178159328,1.046542956087793,0.4190256565420129
2021-01-17,163,131,294,0.0004396289116588203,0.9436117281840966,0.37770846862063395
2021-01-18,202,116,318,0.0004549590536851683,0.41485019558880676,0.16621305366773384
2021-01-19,221,180,401,0.0005617305707308476,0.8487169359161338,0.33982381270889206
2021-01-20,227,138,365,0.0004923228407027908,0.7066927208593875,0.2829724820481767
2021-01-21,249,175,424,0.0004846302963168097,0.8054459609299642,0.3224691625497758
2021-01-22,241,208,449,0.0005172873243705032,0.8288374869673427,0.3318453671815594
2021-01-23,318,336,654,0.0008941355315024423,1.1128502101576998,0.44567656538198147
2021-01-24,205,189,394,0.0005507162458145566,1.2621286623119468,0.5051818946722675
2021-01-25,242,229,471,0.0005578574015295145,1.3308378150929303,0.5326698404780899
2021-01-26,176,119,295,0.00040573699226523603,0.5166675429833324,0.20691045938869215
2021-01-27,251,197,448,0.0006050353388799923,0.6893303635723544,0.2760951666322698
2021-01-28,231,158,389,0.0005292470537555002,0.6769494086160752,0.2710973116786834
2021-01-29,255,280,535,0.0005805846657629952,1.3319552884486892,0.5331304661789334
2021-01-30,522,482,1004,0.0012179861944470085,1.8491093578368567,0.7403745348514109
2021-01-31,247,193,440,0.0006230960952644697,1.069942706765902,0.4283509403635195
2021-02-01,232,193,425,0.0005077079294747531,0.6932966271201566,0.27762327560574745
2021-02-02,267,191,458,0.0004969933140799937,0.9025037866023603,0.3612997106293921
2021-02-03,397,377,774,0.0009231053263177328,0.9316881309672903,0.3732291155827068
2021-02-04,303,224,527,0.0006324159086551775,0.855260591414263,0.34248368611089836
2021-02-05,244,295,539,0.0005326466620809177,1.4475415307863124,0.5793362003117736
2021-02-06,471,475,946,0.001100308580923369,1.5350218567012415,0.6146689278290507
2021-02-07,447,384,831,0.0011814744801512287,1.8786914077081525,0.7521854477713517
2021-02-08,283,205,488,0.0005804912340498051,1.0249561336099797,0.41033074818442183
2021-02-09,307,284,591,0.0006614214503303398,0.9078805939625267,0.36354909045520895
2021-02-10,326,287,613,0.0006624872277237178,1.0082095519716783,0.40368131312530553
2021-02-11,347,278,625,0.0006176014207030547,0.9667681944572701,0.3870778386353299
2021-02-12,321,354,675,0.0006725481663172054,1.3727685881397367,0.549510964155685
2021-02-13,557,584,1141,0.0010279162435767254,2.1328376133216818,0.8537517950748189
2021-02-14,885,1080,1965,0.001961254376139243,4.107084211530173,1.6440104372377529
2021-02-15,680,595,1275,0.0014526972182698462,1.4766375829124012,0.5915266514959224
2021-02-16,219,235,454,0.00048220107177386834,1.0580779571125016,0.423520503488065
2021-02-17,526,458,984,0.000978846686406919,1.3174571676890494,0.527570175087464
2021-02-18,407,346,753,0.0006974196491113753,1.2276257746761563,0.49146876165992937
2021-02-19,426,682,1108,0.0009961844979845533,2.7299730162110283,1.092586917183202
2021-02-20,355,548,903,0.0014192744392135142,4.320729834607482,1.729143498506521
2021-02-21,0,0,0,,,
2021-02-22,0,0,0,,,
2021-02-23,62,61,123,0.0004038585802640081,0.9273828023828025,0.3711954361012794
2021-02-24,347,317,664,0.0007516714800015825,1.0495350577648714,0.4202650259939496
2021-02-25,400,467,867,0.0009656795805918696,1.4173132194630496,0.5675046955335751
2021-02-26,466,542,1008,0.0011769592910551093,1.4115683161632133,0.5653335020399185
2021-02-27,633,659,1292,0.0013971426106931914,1.784112727272406,0.7144833764753783
2021-02-28,224,262,486,0.0006466647418938585,1.4214680118935437,0.5689752036025539
2021-03-01,301,383,684,0.0008972018605282046,1.4907427025176756,0.5968354021233873
2021-03-02,344,343,687,0.000795548953953828,0.9172489479177642,0.367376908539478
2021-03-03,497,482,979,0.0010418983888028836,1.191333235585421,0.4771584332674501
2021-03-04,397,335,732,0.0008521940535233252,0.8659511831633981,0.3468917896974733
2021-03-05,401,382,783,0.0008051116213005064,1.0990371102289467,0.440097911064359
2021-03-06,498,533,1031,0.0010820432191958264,1.5999399070822014,0.6406251887643981
2021-03-07,650,624,1274,0.0014257283535712444,1.7229664276804435,0.6900420080843203
2021-03-08,397,360,757,0.0009196219099920055,1.0366337524595943,0.41520527412983294
2021-03-09,534,539,1073,0.0012340460678142325,1.1767510760578468,0.4714408580638273
2021-03-10,567,476,1043,0.0011757656203745261,1.029096210832858,0.412343943705368
2021-03-11,412,488,900,0.001023918144849801,1.6474982285589956,0.6596136423105081
2021-03-12,580,708,1288,0.001223114557370996,1.6368425036994,0.6554708702141827
2021-03-13,867,791,1658,0.0015943634386074755,1.4677926080520565,0.5880736612839872
2021-03-14,372,314,686,0.0008441088128155422,0.9407494904296743,0.3768062614595591
2021-03-15,362,333,695,0.0007068455704344253,0.8943172040020051,0.35815098894306274
2021-03-16,330,255,585,0.0006290644486673859,0.7206167699643002,0.2886241466549205
2021-03-17,432,438,870,0.0009692605926336196,1.2240847215117625,0.4902154449602852
2021-03-18,324,316,640,0.0007220002373699411,1.221423682045918,0.4890026729607891
2021-03-19,459,723,1182,0.0011341977943212732,3.1045419198417687,1.2424972866133004
2021-03-20,1809,1582,3391,0.003061017262069602,2.3928614981185943,0.9589812096046795
2021-03-21,1461,1307,2768,0.002629875068745344,1.5728848700530151,0.6307318730624533
2021-03-22,637,546,1183,0.0012734313640924136,1.0201295375329476,0.4088158738316345
2021-03-23,515,470,985,0.0010132179891249402,0.9538731780093905,0.38215720199723124
2021-03-24,423,425,848,0.0009258433505907091,1.15643950329071,0.46313130732663843
2021-03-25,672,639,1311,0.0014187069564309419,1.5433162705533674,0.6181777323952056
2021-03-26,353,365,718,0.0007325287428198783,1.4596225818371404,0.5842885499805481
2021-03-27,803,683,1486,0.0015382684851841595,1.7562993991604958,0.7034427207553089
2021-03-28,195,207,402,0.000465990669535394,1.275047175047175,0.5102984644205913
2021-03-29,406,464,870,0.0009181871422021056,1.303738236406485,0.5220462068479153
2021-03-30,893,2186,3079,0.003261518623649958,2.3363847819129147,0.9365108239393559
2021-03-31,378,1470,1848,0.0018991116886436742,4.4495711011175905,1.7809679074602225
2021-04-01,393,476,869,0.0008708200636942675,1.8361522947994988,0.7349834099580161
2021-04-02,862,776,1638,0.0015058155635558018,1.4800889770352987,0.592939080152253
2021-04-03,718,766,1484,0.0013778322106552357,2.39358799365693,0.9582618967891652
2021-04-04,1662,1408,3070,0.003103080554028528,2.4145217504461556,0.9676705485108793
2021-04-05,541,427,968,0.0011065117793098089,0.9750177752030929,0.390671017148823
2021-04-06,460,324,784,0.0008507432562462157,0.8167185806597662,0.3271978782176542
2021-04-07,556,434,990,0.0010187126636863552,1.1286780731811286,0.45208245687066323
2021-04-08,606,541,1147,0.0011159930064438262,1.3129712041274757,0.5258580774548566
2021-04-09,427,467,894,0.0008685581933989577,2.2283808688548303,0.8918734824579716
2021-04-10,1691,1434,3125,0.003159913531208538,1.67361430967543,0.6713416719888972
2021-04-11,146,144,290,0.0003579488206838443,1.1208708828809613,0.44856312244479485
2021-04-12,260,205,465,0.0005160997960776415,1.1607057540614854,0.46459196150224075
2021-04-13,429,398,827,0.0007982763105997667,1.6031827550544129,0.6417520678081251
2021-04-14,727,583,1310,0.0012844252842682186,1.2742944124605444,0.5104884201547787
2021-04-15,315,241,556,0.0005618079547466529,1.080299543768305,0.43245690228017
2021-04-16,419,343,762,0.0008100249238438105,1.1972866901034809,0.47940069099569865
2021-04-17,409,367,776,0.0008901372789492424,1.1274332606125061,0.4515073866123721
2021-04-18,490,397,887,0.0011840238726340715,0.9997367970451853,0.4006051331416546
2021-04-19,340,267,607,0.0006311732668697498,0.9151264062448272,0.36642926645805285
2021-04-20,300,194,494,0.0006287477605276395,0.5905883043638146,0.23661257040184244
2021-04-21,217,107,324,0.00040803219477129573,0.4580257744619447,0.18345512910164066
2021-04-22,279,222,501,0.0004993848486636916,1.0249158427557656,0.4102659680115045
2021-04-23,771,680,1451,0.0013456535390688076,1.2714163662696345,0.5093739386312951
2021-04-24,1064,975,2039,0.0020696441009373716,1.4459070370048015,0.5796046012624831
2021-04-25,531,472,1003,0.0011077263915812794,1.2968892744565725,0.5194203456175779
2021-04-26,375,286,661,0.0006809793390868521,0.8326906467395335,0.33348484629926556
2021-04-27,359,227,586,0.0006069417520539094,0.7319930411778237,0.2931613815223619
2021-04-28,271,158,429,0.0004807840241238192,0.5926067379569795,0.2373311655972661
2021-04-29,288,162,450,0.00044150160484130916,0.658862261361717,0.2638098055075916
2021-04-30,349,264,613,0.0006265009919599039,1.006294169393256,0.4028935683524784
2021-05-01,858,767,1625,0.0018704819564739925,1.152031871877512,0.46193503792488927
2021-05-02,438,402,840,0.0009692605926336196,1.0322883568396448,0.4134968990914381
2021-05-03,290,239,529,0.000596661715465371,0.7823657180609052,0.3133042842536413
2021-05-04,287,192,479,0.00052295565138268,0.897810715195169,0.35943805946889723
2021-05-05,388,296,684,0.0006945623140761651,0.8490349432462186,0.34003071468693313
2021-05-06,587,545,1132,0.0011747614212305434,0.9602305258893982,0.3847970672084976
2021-05-07,383,317,700,0.000665055428278912,1.0537931571429593,0.42191629611415116
2021-05-08,1176,1139,2315,0.0022203979902678324,1.5871409494016135,0.6361886185548062
2021-05-09,871,827,1698,0.0016853561051017414,1.1638666836351057,0.4665578871171034
2021-05-10,412,362,774,0.0007950616842801119,0.9041539347703431,0.36213861091870536
2021-05-11,398,345,743,0.0007345177928551647,1.1542471985305287,0.4621395900879246
2021-05-12,864,1022,1886,0.0017442844395212159,1.5972830500633555,0.6399597906890551
2021-05-13,1043,1218,2261,0.0021048724576140806,1.9970444889941552,0.8000807190722306
2021-05-14,1176,1468,2644,0.002473153020092926,2.5176689853054275,1.0085514859342268
2021-05-15,2388,2271,4659,0.004473810461773688,2.4287238865323943,0.9741738408900221
2021-05-16,2629,2271,4900,0.004171282193298255,1.7802409530120489,0.7145991505207985
2021-05-17,939,1169,2108,0.0018261301146928397,2.141073768786921,0.8575251855835841
2021-05-18,1261,1318,2579,0.0022496196686171764,2.1294507854880407,0.8531300859963866
2021-05-19,1271,1335,2606,0.002336379580910182,2.1255242619913246,0.8516115325450762
2021-05-20,1058,1548,2606,0.002336379580910182,3.2477310947298705,1.3004942656404945
2021-05-21,2413,2985,5398,0.004488318214669269,3.538656621805723,1.4181556396510908
2021-05-22,2382,3630,6012,0.004945564590124552,6.271588219274067,2.5116026264637017
2021-05-23,5865,5387,11252,0.008586418043632112,7.340566171524011,2.9413783194357834
2021-05-24,5898,4594,10492,0.00818521688779235,3.235739897959115,1.2992070893163215
2021-05-25,1532,1541,3073,0.0025253122234905542,1.955286748732438,0.7836298868270696
2021-05-26,663,951,1614,0.0014206590972029908,2.588302980938172,1.0361735878335907
2021-05-27,1560,1729,3289,0.0027419647100252655,2.326260679771773,0.9321494507347243
2021-05-28,322,1035,1357,0.0011834210283393335,6.013505543418856,2.406112269984546
2021-05-29,3583,3412,6995,0.005628227474872531,4.42809254515854,1.7746139545483395
2021-05-30,4391,3662,8053,0.0075681991479611375,2.547507372784598,1.023543868602616
2021-05-31,1778,2096,3874,0.0031237224881644713,3.2616775126521267,1.3065452385537495
2021-06-01,1695,2027,3722,0.0031120615677063565,3.2782164138998375,1.3131538025005587
2021-06-02,1534,2081,3615,0.0029829248029395274,3.3139250254726167,1.3273597650708107
2021-06-03,628,1876,2504,0.002153320693891173,5.8890492857471415,2.3569117067151915
2021-06-04,1859,5064,6923,0.005504015508169482,11.279630404046518,4.515154570923509
2021-06-05,5810,5593,11403,0.008606181965362248,14.856122336613858,5.947612643824761
2021-06-06,6392,2593,8985,0.00800943725341399,2.760960759299537,1.109189966071863
2021-06-07,1891,2551,4442,0.0036811639232426662,2.6198569361115824,1.0501514727985786
2021-06-08,623,1342,1965,0.0015698351422861203,4.833777895008892,1.9344530590889286
2021-06-09,1449,2683,4132,0.0033363663936912345,4.306348184130652,1.7245410934884755
2021-06-10,2202,3296,5498,0.004207648912965688,5.240279124076375,2.0986362389783295
2021-06-11,2449,4157,6606,0.005127954986027542,8.044503438729706,3.2208781484834996
2021-06-12,5899,3338,9237,0.008572716998360864,5.083067166845153,2.0383704969370777
2021-06-13,5151,3317,8468,0.0067477925975539844,3.1407179118108606,1.2603358402828768
2021-06-14,844,1286,2130,0.0018711102042006152,3.2694573638729825,1.3089056116717135
2021-06-15,1766,2024,3790,0.003130677942060506,3.3869053319309885,1.3566405395376318
2021-06-16,2025,2467,4492,0.0036330788200076482,2.753035703033965,1.1033941285055906
2021-06-17,2171,2894,5065,0.004105346098561275,4.090269200335357,1.6385708877932799
2021-06-18,733,2601,3334,0.002890029752394748,7.041856275562757,2.81847652807654
2021-06-19,6731,5645,12376,0.00945106003261639,4.887934485830465,1.9608444303517558
2021-06-20,6317,4502,10819,0.008346842824204443,3.5433679171438706,1.4223552725520712
2021-06-21,1101,1661,2762,0.002207210771320436,3.0947864251382295,1.2392388965180843
2021-06-22,1428,1776,3204,0.002635916001918258,3.6221575365336642,1.4504445642146166
2021-06-23,2192,2477,4669,0.0038728208522738785,2.9917532401420814,1.1990249885681972
2021-06-24,2787,2920,5707,0.004634483258825546,2.9014427873793323,1.1633578049070283
2021-06-25,1701,1776,3477,0.0029398019939075046,2.573642930972688,1.0312210535854196
2021-06-26,2081,2784,4865,0.00398881596727536,3.5789816421975993,1.433985946459405
2021-06-27,6449,5689,12138,0.00948018680295058,4.375826812731515,1.7560188371743763
2021-06-28,2293,2749,5042,0.004086389471324393,3.0053126791043563,1.2045769053245374
2021-06-29,1029,1758,2787,0.002404511854802633,4.008079612361732,1.6046745520575745
2021-06-30,1756,3009,4765,0.003766752751605237,3.2437360318499686,1.2997544643909507
2021-07-01,5907,5605,11512,0.009198315225441641,3.7042393392592037,1.4872147248389465
2021-07-02,2525,4643,7168,0.005769136787919266,8.180531706318277,3.2756741646000624
2021-07-03,7838,6248,14086,0.010530926035182353,7.040591877253632,2.8225553065225624
2021-07-04,7312,6274,13586,0.010154660277172408,6.087646329790598,2.441151328082543
2021-07-05,3546,3707,7253,0.005769676634057435,6.732989510453452,2.6966576101618154
2021-07-06,2797,3005,5802,0.0048294168901257,3.676248148358542,1.4733969094774924
2021-07-07,1699,2052,3751,0.0032180152768089064,6.283218927696497,2.515218380244684
2021-07-08,717,2054,2771,0.0024550350537101548,12.033383473603534,4.81482641047364
2021-07-09,2277,4951,7228,0.0058180070699007935,9.866681263219911,3.950163309529905
2021-07-10,7968,5539,13507,0.010321086802670852,5.994271519097771,2.4039012597207114
2021-07-11,2952,2463,5415,0.004502671376755307,6.572030744268872,2.6315139005336023
2021-07-12,2255,2845,5100,0.004516322779961662,4.576810496428974,1.8334339922395666
2021-07-13,1824,3730,5554,0.00462002958439997,17.086654551180246,6.837433838222738
2021-07-14,4036,5605,9641,0.007515703280380656,9.342978071635473,3.7417006506224184
2021-07-15,3648,4005,7653,0.006238378763302607,6.442472021216709,2.5807318357446647
2021-07-16,3167,4384,7551,0.006465487399612296,6.139099190095935,2.4595189684781418
2021-07-17,2670,3772,6442,0.00530424105727813,6.500668116515979,2.6034497912407586
2021-07-18,7713,5926,13639,0.010540514470453888,11.108665806581216,4.449790631314759
2021-07-19,4735,4985,9720,0.008038523520834933,8.136918379942582,3.2595904660895334
2021-07-20,3244,5114,8358,0.006902436664408951,9.920743527077185,3.9724388728295192
2021-07-21,6367,6191,12558,0.00969960700605827,7.953239890633858,3.1871157204571783
2021-07-22,4830,5680,10510,0.008294419669146319,7.243804661066287,2.9024985162280026
2021-07-23,6779,7165,13944,0.011288220633033053,6.813613805655127,2.7322184546418704
2021-07-24,4914,6453,11367,0.009189242021926466,11.146913388009372,4.464278900416905
2021-07-25,10831,8529,19360,0.014823533031785593,8.621064029623223,3.457319731668361
2021-07-26,5831,5412,11243,0.008776056745801968,6.872744609668208,2.7543634779147643
2021-07-27,1719,3695,5414,0.004340495544659292,10.270900010884436,4.1109643016805695
2021-07-28,7278,7279,14557,0.011928663739104062,9.74240711849883,3.904120045642995
2021-07-29,1632,4323,5955,0.005216432694970496,12.251780216049498,4.903841946036782
2021-07-30,8425,8468,16893,0.01322112358701946,8.946966011812968,3.5867190788773993
2021-07-31,9986,7992,17978,0.013915812794239823,5.518335510309091,2.2156836918001805
2021-08-01,4502,8196,12698,0.010396473737653466,12.622784115494131,5.055351530440245
2021-08-02,14311,10822,25133,0.019051980973886263,10.739163916686126,4.307096755258782
2021-08-03,6235,6784,13019,0.010790322742089933,8.452048711280371,3.387293678157403
2021-08-04,7278,8068,15346,0.012430156222001401,7.516183083412363,3.0139313270981463
2021-08-05,7892,8324,16216,0.012688502303567384,8.890514521576003,3.5638189100125426
2021-08-06,7077,7340,14417,0.011273161551823972,7.565772621550499,3.033072945551294
2021-08-07,6436,7350,13786,0.010654865439247742,7.0643158687139715,2.8321192667491375
2021-08-08,11348,9070,20418,0.015130738514038646,8.323651856679115,3.338539185780069
2021-08-09,6062,5461,11523,0.009428037346204059,7.282483387193795,2.9186501772852407
2021-08-10,2021,2892,4913,0.0040788309433911285,4.183470865673407,1.675835644835398
2021-08-11,3602,4519,8121,0.006872006318143123,6.29920645038718,2.523805783945758
2021-08-12,5282,7124,12406,0.010155806991863485,7.4831500149576655,2.999353490178185
2021-08-13,4319,7820,12139,0.0094809735404446,12.56851686866397,5.0330953315898554
2021-08-14,13318,10981,24299,0.018216530408293498,10.888234865710494,4.366223864529174
2021-08-15,12923,10804,23727,0.018182867165143543,13.311849574184887,5.335649549973041
2021-08-16,7350,6048,13398,0.010013184352160668,8.177778941701723,3.2771194872919853
2021-08-17,3504,4582,8086,0.0067578064315675,5.888734367960789,2.3595484310432564
2021-08-18,3968,5499,9467,0.007733479711463649,8.61589969981758,3.4509999677539107
2021-08-19,5513,7720,13233,0.010461329844631823,9.026324760249281,3.6168067020064916
2021-08-20,7965,8851,16816,0.013312611210318407,8.813812717658271,3.5335126537895003
2021-08-21,12990,10692,23682,0.017752218462909225,7.393259858678338,2.9679552745490807
2021-08-22,9833,8731,18564,0.014535761939528208,7.0327958331694305,2.8218397904314894
2021-08-23,6446,6949,13395,0.010350707420211028,6.5632468819300795,2.6315091772241583
2021-08-24,8965,8771,17736,0.013727561539490757,6.546519911311369,2.6268445014482418
2021-08-25,4086,4891,8977,0.007242575789662307,9.555685541042044,3.826619761890615
2021-08-26,5038,6174,11212,0.008751667883487324,7.819135401336351,3.132905161264633
2021-08-27,7803,8370,16173,0.012371919135973415,7.930418496845642,3.179590550219841
2021-08-28,11917,9155,21072,0.015617602129693322,6.5703474388414005,2.637509536814376
2021-08-29,6353,6897,13250,0.011255901890998355,4.710243492708479,1.8908509382179906
2021-08-30,5363,6713,12076,0.009883820601073439,8.4883099723198,3.4012542812885647
2021-08-31,6621,7102,13723,0.011241279951471034,7.172163828841365,2.875610299507429
2021-09-01,6331,7321,13652,0.010921087375139272,7.470229661911814,2.9946445171898093
2021-09-02,7098,7772,14870,0.01176402244737504,9.660060796692601,3.8710827321454655
2021-09-03,8130,9207,17337,0.013267331302501614,11.001249934579835,4.408460372613434
2021-09-04,14603,12257,26860,0.019926419572215123,8.199308402382018,3.2916792126961365
2021-09-05,14016,12402,26418,0.01981114469073965,6.557590161427817,2.6349227513855706
2021-09-06,10896,8343,19239,0.015066809747992245,4.2678850022105115,1.7161940867330001
2021-09-07,4995,4837,9832,0.00833444447863353,2.3189886971347384,0.9325961455410755
2021-09-08,1979,1996,3975,0.0037530000923105327,1.5040946999233795,0.6038896800247381
2021-09-09,1170,1574,2744,0.002533165404035614,2.29002930810339,0.9175316224837774
2021-09-10,2689,2918,5607,0.0047232222529924,3.0618252776873143,1.227564044426721
2021-09-11,6598,5464,12062,0.009755322788212489,2.746839983838388,1.1045891872082827
2021-09-12,2338,2019,4357,0.0038482702564674315,1.6422404975067812,0.6592051611565929
2021-09-13,1684,1641,3325,0.0030841834121766443,1.3696353845992197,0.5497046638869939
2021-09-14,1244,1244,2488,0.002197233599090498,1.4537807695576455,0.5828306479825125
2021-09-15,1355,1701,3056,0.002829064919594997,1.8370775589134722,0.736528462517146
2021-09-16,2001,2279,4280,0.003634727222376073,2.6475915517454363,1.0612174570316002
2021-09-17,2893,3762,6655,0.0058377535876843545,4.813094842749858,1.928740589252554
2021-09-18,6999,6378,13377,0.010956106341733593,2.7953541231669132,1.1247153130718055
2021-09-19,6124,5263,11387,0.009097686011090145,2.974824656087209,1.1953884740415377
2021-09-20,2269,2100,4369,0.003963814271208345,1.2460914803412793,0.5008148806992367
2021-09-21,1238,1104,2342,0.0022144776719023643,0.9946093760478234,0.3991724370222709
2021-09-22,553,561,1114,0.0010818932201358204,1.0533134613601842,0.42197452047615525
2021-09-23,1084,1126,2210,0.0019708298716883594,1.667773260956278,0.6682918023055242
2021-09-24,1744,1695,3439,0.0031923005428618036,1.3052977477698475,0.5240344794336561
2021-09-25,1983,2168,4151,0.0035685616032586787,2.03493144233519,0.8161137138960314
2021-09-26,3567,3094,6661,0.005624104673306187,1.7408926808744247,0.6997315351537536
2021-09-27,1260,1261,2521,0.0022893635812494856,1.508267190207309,0.6046804942316734
2021-09-28,1617,1677,3294,0.002931466717194537,1.5798651352282314,0.6337049341216092
2021-09-29,1731,1617,3348,0.0029806585141891008,1.5183765352049838,0.609139009190507
2021-09-30,1907,2063,3970,0.0035472751388301825,1.8082168986055147,0.725415124525504
2021-10-01,2067,2346,4413,0.003702678031118906,2.4694183109509567,0.989988931199054
2021-10-02,5223,4628,9851,0.008350684294559492,2.1469890330042496,0.8638060237784355
2021-10-03,691,575,1266,0.0012197207877889455,1.3789011013032297,0.5522922729939654
2021-10-04,760,671,1431,0.0014094578340642398,0.9645097804461292,0.3866495868788903
2021-10-05,1117,1029,2146,0.0020840106116977513,1.3242292988296764,0.5309421258988892
2021-10-06,1256,1225,2481,0.0022519403923447127,1.4780518328957761,0.5925718973937173
2021-10-07,1265,1028,2293,0.002300185585503664,1.227757061346769,0.4924829358900099
2021-10-08,1244,1164,2408,0.0021536047262992707,1.5326015969997637,0.614332801635685
2021-10-09,1087,1397,2484,0.0021935897622760866,3.047149416057775,1.2201759202804758
2021-10-10,3913,3948,7861,0.0071872980707098685,2.8452940171349868,1.1424299856964206
2021-10-11,4748,4151,8899,0.007444225300740961,2.1854645875591583,0.8786523702041078
2021-10-12,1494,1441,2935,0.0027529693221329888,1.3951847143313263,0.5597256673258104
2021-10-13,1980,1766,3746,0.0032989027034997682,1.1523436731688574,0.46291681088964287
2021-10-14,1491,1425,2916,0.002734699529216284,1.220133473894977,0.48969420927552065
2021-10-15,909,746,1655,0.0015676306523717213,1.0722419966522345,0.4298373770523168
2021-10-16,1169,1123,2292,0.0021346810671097572,1.4458297455150362,0.5796127068462804
2021-10-17,1795,1678,3473,0.003365707955849191,2.040154373431892,0.8180811741462665
2021-10-18,1139,1093,2232,0.0020769869842148987,1.425623879723381,0.5714957440798814
2021-10-19,1845,1737,3582,0.003524857621037169,1.396446567134933,0.5606935414265954
2021-10-20,1269,1069,2338,0.002178913197329149,1.1547059675980023,0.4631897349575984
2021-10-21,705,609,1314,0.001330336791427902,1.133655324173602,0.45426033174429764
2021-10-22,1178,1117,2295,0.0020214184727951143,1.0812901157425698,0.433728897380705
2021-10-23,1737,1669,3406,0.002993198991537402,1.981615442249053,0.7944420962945438
2021-10-24,2498,1923,4421,0.00449910513894113,1.0996870719994551,0.4425742918831468
2021-10-25,551,491,1042,0.0010406237351681827,0.8555522617283751,0.342845278932451
2021-10-26,636,537,1173,0.0011077263915812794,1.0474316529280532,0.41963729700617014
2021-10-27,1787,1622,3409,0.003120158374935445,1.1000231071934112,0.4418813379023258
2021-10-28,1158,966,2124,0.0020019034171799,0.984406017296767,0.3949635489690148
2021-10-29,875,756,1631,0.0015438936582664081,0.8582773168253083,0.34423726292508317
2021-10-30,486,638,1124,0.0010585609992013133,1.7668055473470572,0.7073573555383437
2021-10-31,1729,1564,3293,0.003333512443322022,1.4821757955593489,0.5948704256897328
2021-11-01,1088,1147,2235,0.0021412746765834554,1.651728977705307,0.6619763558880728
2021-11-02,1014,901,1915,0.0017721699129203976,1.217293544481188,0.4879807197402275
2021-11-03,826,780,1606,0.0016680801716975908,0.9852270385667218,0.3950916635297073
2021-11-04,827,798,1625,0.0016099232444810013,1.091473997007613,0.4375555527497338
2021-11-05,1227,1206,2433,0.0022382142843594345,1.2960853501155214,0.5197770686168243
2021-11-06,1906,1870,3776,0.0033258765604376236,1.6629845012941435,0.66718932645392
2021-11-07,2206,2036,4242,0.004249678270643621,1.5308715241017974,0.6148984166031051
2021-11-08,1455,1382,2837,0.0028623153961568506,1.07986237859364,0.43366234067515025
2021-11-09,873,781,1654,0.0015436011248883498,1.3168666061703165,0.5276728031430596
2021-11-10,1115,946,2061,0.0019691814693199353,1.1242106098632998,0.4508657528269119
2021-11-11,1210,1011,2221,0.0021274280966886894,0.9623476347835973,0.38621551077145216
2021-11-12,1338,1245,2583,0.0023473695240518832,1.0498030660146374,0.42132964812028606
2021-11-13,1362,1231,2593,0.002532519395245606,1.1474890484443028,0.4605151310148685
2021-11-14,342,374,716,0.0007709494060051913,1.172618049220999,0.4695097893320027
2021-11-15,772,623,1395,0.0014398279562448076,0.8497775711315972,0.3407749252263858
2021-11-16,824,649,1473,0.001602571377984392,0.9259175781284287,0.3713285740781621
2021-11-17,619,431,1050,0.0011224809439281612,0.6085664889872425,0.2441000841612539
2021-11-18,675,504,1179,0.0012061669205206316,0.8176165946399029,0.32777033800827354
2021-11-19,814,656,1470,0.0014497575815191558,0.9497225637719405,0.38075888005768777
2021-11-20,869,732,1601,0.0018094428981126408,0.874383117689228,0.35083891281455876
2021-11-21,483,423,906,0.0010122327371346173,1.07338349240938,0.42996073660603285
2021-11-22,658,583,1241,0.0014121124151300147,0.7730304288809733,0.31005943900146743
2021-11-23,724,592,1316,0.0014002912248416576,0.836594654662233,0.33547803659979825
2021-11-24,842,660,1502,0.001555576710052617,0.7553620141554575,0.30307815168821456
2021-11-25,640,569,1209,0.0012184990307394074,0.7647627930432325,0.30663621663573665
2021-11-26,772,649,1421,0.0014443047951771299,0.8823876467089137,0.35382164156067175
2021-11-27,817,737,1554,0.0015859659587158894,0.9732019795254881,0.39023237138542477
2021-11-28,244,171,415,0.0004941328511465511,0.6467168452462569,0.25898321780919076
2021-11-29,597,479,1076,0.0010262759216120676,0.8448223862323511,0.3385447200459077
2021-11-30,605,612,1217,0.0013350410781870212,1.0067495102728818,0.403500828756065
2021-12-01,648,671,1319,0.0014527370072925322,1.202925323072023,0.4820417714331847
2021-12-02,642,478,1120,0.0011814259297308403,0.6136755400201976,0.2461790715659176
2021-12-03,715,588,1303,0.001362679291230939,0.8926539052225038,0.35787916966374006
2021-12-04,711,516,1227,0.0011986591550692948,1.0305862450638468,0.41295369351858036
2021-12-05,285,245,530,0.0005979204954558041,0.8385032346706988,0.335760046165553
2021-12-06,567,397,964,0.0013507780599468526,0.9514334980135981,0.38138386604140734
2021-12-07,655,498,1153,0.0011780410551093879,0.7972750596267868,0.31961684848378036
2021-12-08,573,422,995,0.0010983388797882179,0.673650582450433,0.2701192363080461
2021-12-09,597,497,1094,0.001114216975906951,0.7457964991239713,0.2989871298351327
2021-12-10,658,550,1208,0.0012174339092090407,0.6611762228051821,0.26520094946759826
2021-12-11,481,498,979,0.0010604172436074956,1.0357519176731396,0.41493701741542033
2021-12-12,690,558,1248,0.0012600387704237053,0.846990762139002,0.3395523281178551
2021-12-13,736,548,1284,0.0014634402543950954,0.58421207424731,0.2345628938515611
2021-12-14,699,480,1179,0.0012688915018318344,0.5574633851763161,0.22374668897162553
2021-12-15,547,606,1153,0.0011780410551093879,0.8171687287071903,0.32757431611594173
2021-12-16,637,546,1183,0.0012308071017569772,0.9483968485952612,0.38009722369915877
2021-12-17,680,439,1119,0.0010870598544249124,0.55376870249656,0.22215971691127895
2021-12-18,318,258,576,0.0005954029354749376,0.8920046644388749,0.35715910753683494
2021-12-19,552,561,1113,0.0013067709775685405,1.0568538628678745,0.42352560773369097
2021-12-20,485,343,828,0.0008861811132650235,0.7047321283536854,0.2824245600094332
2021-12-21,541,1426,1967,0.0020258611507573015,1.2340011698847,0.4948159846443344
2021-12-22,431,324,755,0.0006994559108606057,0.7703722337171746,0.3085685670333862
2021-12-23,461,482,943,0.0009837771683297452,1.5591249920012142,0.6242402631014836
2021-12-24,336,271,607,0.0006948465547191662,0.9649487197484847,0.38639639583222546
2021-12-25,471,449,920,0.0010482103902792151,1.4814693399588301,0.5932166622176995
2021-12-26,723,609,1332,0.0015486306461251441,1.0911550244058201,0.4373911881500031
2021-12-27,282,214,496,0.0006040909856049869,0.9537330316742082,0.38185566726104625
2021-12-28,667,680,1347,0.001459565716776153,1.4684222775708844,0.5882446504584194
2021-12-29,576,484,1060,0.0011960580219444418,1.098496405213014,0.4401161968983722
2021-12-30,727,640,1367,0.0013867882325373324,1.6017922150007704,0.6415489589398307
2021-12-31,715,617,1332,0.0013945484036871464,1.28936011413749,0.5165807746972083
2022-01-01,503,471,974,0.001134925030660284,1.256271102830412,0.503189396150561
2022-01-02,345,322,667,0.0008020566089987093,1.1434874384115565,0.4578762093300219
2022-01-03,532,503,1035,0.0011452764387535261,0.8957596871064656,0.35899104070583837
2022-01-04,475,412,887,0.001008128185320682,0.9952545977700776,0.3987067160192235
2022-01-05,225,201,426,0.0004481919281726887,0.7118281815650237,0.2850001877829131
2022-01-06,358,324,682,0.0007448505046839638,0.7478034392508077,0.29956828600313345
2022-01-07,369,339,708,0.0007615618942121297,0.774650008399418,0.31031694049629455
2022-01-08,543,477,1020,0.0011077263915812796,0.9603392015631044,0.3848003164601906
2022-01-09,313,289,602,0.0007813427226332239,0.8016221240410916,0.3211176552500166
2022-01-10,224,198,422,0.0004344961277323122,1.0696699851872267,0.42812869175153
2022-01-11,247,159,406,0.0004611172361181505,0.36610934139236023,0.146720406898615
2022-01-12,394,282,676,0.0007665071013174032,0.8759799057949765,0.3508518665787811
2022-01-13,379,299,678,0.0006758449710540543,0.7436897099247829,0.2978813909525456
2022-01-14,405,414,819,0.0008167318609803378,1.2247662289711923,0.4903965307050651
2022-01-15,401,439,840,0.0009334504722161213,1.4418544247194351,0.5773018401711038
2022-01-16,1068,940,2008,0.0023276578271373867,1.4405437058800439,0.5776140770483
2022-01-17,129,90,219,0.0002753581229072783,0.58132215007215,0.2326940749026044
2022-01-18,303,262,565,0.0006292776041460617,1.3934698534797627,0.5577655079543927
2022-01-19,541,410,951,0.0010467075649263785,0.550902647530736,0.22098908355125024
2022-01-20,469,329,798,0.0008515646635281085,0.6866552144227513,0.2751730245672174
2022-01-21,537,506,1043,0.0010416888566985494,0.9570864159495825,0.3834595796938522
2022-01-22,813,767,1580,0.0015881607545966449,1.4524292403400867,0.5819245925887928
2022-01-23,715,645,1360,0.0015541592261194242,1.2299583369090719,0.4929158302993005
2022-01-24,474,467,941,0.0010165697406074032,0.9756889571677375,0.39088552471145943
2022-01-25,565,448,1013,0.0011399554999570278,0.8143457171361373,0.3264222601544292
2022-01-26,542,415,957,0.0011139079004628713,0.7597977315989739,0.30458743737986727
2022-01-27,521,469,990,0.0010362601727695838,1.2062990243451297,0.48314136584171363
2022-01-28,632,509,1141,0.0011097930452969162,1.3419772697741912,0.5374567837368546
2022-01-29,1143,1198,2341,0.002279668805862923,1.6542539640557627,0.6630693869058228
2022-01-30,916,767,1683,0.001939714855947822,1.5433169566371387,0.6184906115684242
2022-01-31,478,357,835,0.0008483777522824878,0.7536621818441297,0.3019738993890214
2022-02-01,686,605,1291,0.0015268326937532145,0.8305145898567642,0.33312193555895764
2022-02-02,490,398,888,0.0010093427975921528,0.5886464603381775,0.2360641898138263
2022-02-03,469,354,823,0.000966743032652753,0.7821312319434849,0.31343253859698567
2022-02-04,568,446,1014,0.0010450871015811475,0.7548708664527092,0.3025753988420324
2022-02-05,810,744,1554,0.0015608871881372572,1.1929931135250478,0.4781337777229015
2022-02-06,950,883,1833,0.0022808394104433982,1.2662658416293269,0.5078748402979968
2022-02-07,636,526,1162,0.0012495970872243734,0.9750551266996291,0.39077180893218627
2022-02-08,566,405,971,0.0011756772003241125,0.6485108402954092,0.2601097424383582
2022-02-09,638,484,1122,0.0012700656041406046,1.21169391870524,0.48543960684458043
2022-02-10,363,259,622,0.0011973219085474123,0.8265733019550531,0.33134771392714973
2022-02-11,0,2,2,6.923289947382996e-05,2.0,0.8000415397396844
2022-02-12,0,7,7,5.192467460537247e-05,1.75,0.7000311548047633
2022-02-13,87,87,174,0.00033231791747438384,0.9586507936507936,0.3836597082108021
2022-02-14,304,224,528,0.0005300289189225999,0.6440561930639583,0.2579404945769369
2022-02-15,566,469,1035,0.0012336043906246066,0.7306791784599992,0.29301183401837444
2022-02-16,647,598,1245,0.001321008388347433,1.094095537706372,0.4384308201155573
2022-02-17,444,281,725,0.0009346441428967046,0.5270757008469783,0.21139106682452938
2022-02-18,367,314,681,0.0006561148627058347,0.8902790042274599,0.3565052706086075
2022-02-19,435,418,853,0.0008988927275946448,1.1443834627394325,0.4582927207323298
2022-02-20,622,553,1175,0.0011822848987069424,1.3319106894666553,0.5334736467258863
2022-02-21,998,949,1947,0.002140545055863005,1.6447825595606635,0.6591973508577833
2022-02-22,539,439,978,0.001022860256742391,0.733008518968314,0.29381712374137103
2022-02-23,682,562,1244,0.0013198917286785005,0.786488292229942,0.3153872519291839
2022-02-24,726,626,1352,0.0013708114095818333,1.1100849199091944,0.4448564548094269
2022-02-25,562,487,1049,0.001083549823511053,0.9347962095236758,0.37456861370357697
2022-02-26,630,519,1149,0.001234842534877492,1.1387922757609128,0.4562578158252917
2022-02-27,387,339,726,0.0008446413735807256,0.9825371097902447,0.39352162874024627
2022-02-28,526,462,988,0.0009671626259828974,0.9256681815865161,0.3708475702101962
2022-03-01,685,742,1427,0.0014506955243593293,1.0852653871642772,0.4349765721803266
2022-03-02,685,581,1266,0.0013915812794239822,0.7511664850302711,0.30130154277976284
2022-03-03,693,493,1186,0.001234103906493826,0.8621874983006005,0.34561546166413654
2022-03-04,758,667,1425,0.0015750484630296317,0.8622703766582765,0.34585317974112845
2022-03-05,683,601,1284,0.0013417995278975617,0.9966409389223297,0.39946145528567045
2022-03-06,1476,1401,2877,0.0033067510291059803,0.9786161644288589,0.3934305163890072
2022-03-07,486,311,797,0.000865997962909941,0.38663867516954353,0.1551750688455634
2022-03-08,737,666,1403,0.0013805246820453258,1.055131070343144,0.42288074294648476
2022-03-09,769,588,1357,0.0013761370172336663,0.7856785349799211,0.3150970962023087
2022-03-10,764,630,1394,0.0014626823682486933,0.676880947618892,0.271629988468506
2022-03-11,548,437,985,0.0011065327209006963,0.6493692696008866,0.26041162747289504
2022-03-12,497,455,952,0.0009938271053501397,0.7856828047746001,0.31486941817305014
2022-03-13,306,246,552,0.0006384811840364319,0.8862720248568626,0.3548918986531669
2022-03-14,679,625,1304,0.0012986413567969925,0.9470051120573748,0.3795812296370282
2022-03-15,356,395,751,0.0007431719052893935,1.179535288547237,0.4722600185620685
2022-03-16,551,614,1165,0.0011345928898845567,1.240423480873899,0.49685014808349043
2022-03-17,1591,1421,3012,0.002952933668862052,1.0926350713872683,0.43882578875622463
2022-03-18,1032,936,1968,0.0019344486617687783,1.0426667840875663,0.41822738283208777
2022-03-19,470,357,827,0.0008253859734145666,0.8345152484493459,0.3343013309637871
2022-03-20,1366,1442,2808,0.003016576334216877,1.9714684991413707,0.7903973454570785
2022-03-21,1005,870,1875,0.0018976108355781575,1.0678238871432455,0.42826812135864517
2022-03-22,824,787,1611,0.001595456668471544,1.3339557690385397,0.5345395816164987
2022-03-23,496,405,901,0.000988035616219743,0.7531807355710646,0.3018651155981577
2022-03-24,788,874,1662,0.0015983769400262483,1.1121677998051647,0.4458261460860816
2022-03-25,732,672,1404,0.0014035396893330983,0.8996857548442148,0.3607164257512858
2022-03-26,759,652,1411,0.001457136181113265,0.9144962654532967,0.36667278788998664
2022-03-27,326,302,628,0.0008180785468438276,0.8602334573523048,0.3445842300690283
2022-03-28,578,451,1029,0.0010986466670601213,0.6008758668547359,0.24100953474213047
2022-03-29,881,818,1699,0.001797857516495013,1.0372171459448476,0.41596557288783603
2022-03-30,527,465,992,0.0010754177051601587,0.6558206902388488,0.2629735267186356
2022-03-31,865,675,1540,0.0014986886474334957,0.8144879554418467,0.3266943953651988
2022-04-01,495,449,944,0.0008918826461628684,1.087355976446306,0.4354775201662202
2022-04-02,1602,1446,3048,0.0029029062215998845,1.0333337875224624,0.41507525874194495
2022-04-03,588,569,1157,0.001288435993597717,0.9952786580722024,0.39888452482503967
2022-04-04,911,773,1684,0.0016708895290922844,0.8569857903104913,0.3437968498416519
2022-04-05,821,767,1588,0.0015716901507417222,0.8618593989247992,0.34568677366036477
2022-04-06,680,591,1271,0.0012845365656221374,0.9885426305762048,0.3961877741698552
2022-04-07,940,814,1754,0.0017432224091395694,0.8541035165472902,0.3426873400643998
2022-04-08,859,740,1599,0.0015587583690357895,1.018334526488459,0.4082690656168051
2022-04-09,876,701,1577,0.0015363594897942563,0.8749390720195218,0.3508974445016853
2022-04-10,1555,1592,3147,0.0031826467220805415,1.3009943220401328,0.5223073168493014
2022-04-11,933,828,1761,0.0016977111001408739,1.0536732447961483,0.4224879245785439
2022-04-12,2068,1914,3982,0.003984964243243684,1.0486720708540371,0.42185980688756103
2022-04-13,952,782,1734,0.0017225558719832022,0.8000516293339748,0.32105418525677987
2022-04-14,1226,1525,2751,0.0026516200498476875,1.9396819842507889,0.7774637657302242
2022-04-15,1879,1895,3774,0.0034145666020492936,1.3999023201057752,0.5620096680035397
2022-04-16,2930,2779,5709,0.005271991736959889,1.5244148642847113,0.6129291407560604
2022-04-17,3019,2914,5933,0.006250133140191296,0.9951159041320957,0.40179644153695315
2022-04-18,780,676,1456,0.0015308163328102403,0.9376363818056388,0.3759730425219417
2022-04-19,825,693,1518,0.0014321319776872256,1.010469986891499,0.40504727394321194
2022-04-20,1714,1420,3134,0.003030422914111643,0.9783539147946831,0.3931598196663403
2022-04-21,901,774,1675,0.0015874114807928157,1.1325062469368643,0.45395494566322137
2022-04-22,2313,2240,4553,0.004308786424197668,1.23828843920786,0.49790064753766256
2022-04-23,961,1213,2174,0.0019925797506098186,2.796229387162196,1.1196873027152443
2022-04-24,4324,3862,8186,0.008027060173280058,1.470723236617875,0.5931055307511182
2022-04-25,940,833,1773,0.0016843375400561777,1.1949146458660116,0.4789764608704384
2022-04-26,1331,2133,3464,0.0032160104399418825,14.693388504793898,5.879285008181526
2022-04-27,1056,1007,2063,0.001942421630308018,1.1954884969093718,0.4793608517419335
2022-04-28,1691,2039,3730,0.003284516646466245,1.5121965500258303,0.606849329998212
2022-04-29,2274,2182,4456,0.0037394312987408156,1.5700178647080314,0.6302508046624571
2022-04-30,4161,3937,8098,0.0069388673497646075,1.4795744519899663,0.5959931012058454
2022-05-01,660,742,1402,0.001297873087319263,1.3553999254274902,0.5429386940233877
2022-05-02,1366,1348,2714,0.0026939742942316777,1.18248327509903,0.47460969461615105
2022-05-03,1002,826,1828,0.001688513492722853,0.9987421371229809,0.40050996294482605
2022-05-04,1838,1758,3596,0.0033411986965246982,1.4192042638998426,0.5696864247778519
2022-05-05,2343,2341,4684,0.003984353364718914,2.0446235744070953,0.8202400417816695
2022-05-06,1775,2037,3812,0.0032714735915924968,2.043790991919898,0.8194792809229149
2022-05-07,4911,4816,9727,0.008244698127463751,2.517403465348096,1.0119082050157167
2022-05-08,6368,5809,12177,0.010739087829921393,2.6777482146180724,1.077542738545182
2022-05-09,2098,2347,4445,0.0040339702760084925,1.6909011088688655,0.6787808257131512
2022-05-10,1894,1907,3801,0.0033933230334212716,1.5873870941084687,0.6369908314634403
2022-05-11,2464,2827,5291,0.0045096579894766,1.6107979372019998,0.6470249696744859
2022-05-12,2977,3190,6167,0.005335315088565529,2.0081939986688244,0.8064787885206692
2022-05-13,3516,5366,8882,0.007714648279343356,4.980787334722314,1.9969437228565317
2022-05-14,10406,9337,19743,0.01639902173078912,3.0177656286876338,1.216945664513527
2022-05-15,7024,6774,13798,0.013978936908465961,1.1737441852828474,0.47788503625821854
2022-05-16,1057,2177,3234,0.0029978793868051575,6.222910880592921,2.4909630798692515
2022-05-17,2037,2009,4046,0.003616508038304013,1.283042393900783,0.5153868623832956
2022-05-18,2086,2120,4206,0.004342790966994789,1.1645134398889319,0.46841105053576965
2022-05-19,2275,2180,4455,0.004098774764795257,1.5325358290579978,0.6154735964820763
2022-05-20,3250,3599,6849,0.005932996575162391,2.6349818444922546,1.0575525357419993
2022-05-21,5363,5758,11121,0.008988873865802206,2.958353884995342,1.1887348783176184
2022-05-22,5680,6231,11911,0.00986610524068025,4.664531213409609,1.8717321485082523
2022-05-23,11998,10690,22688,0.018410249727140924,3.452924700329304,1.3922160299680062
2022-05-24,2503,2354,4857,0.004297834538765029,1.2984859275235796,0.5219730717326908
2022-05-25,2087,1988,4075,0.003795480324579007,1.3071639632444927,0.5251428734925445
2022-05-26,2106,2055,4161,0.003877042370534478,1.2822524291526958,0.515227197083399
2022-05-27,1416,2558,3974,0.0035039040162274725,4.525507629827624,1.812305394340786
2022-05-28,10292,10263,20555,0.015742792085910336,3.467168020747372,1.396312883550495
2022-05-29,10647,9771,20418,0.01805380993971412,3.2899068617146816,1.3267950306497012
2022-05-30,4225,4313,8538,0.008028171151314666,1.5814301051525357,0.6373889447518032
2022-05-31,4060,4123,8183,0.007012427305455553,1.4730837784500106,0.5934409677632776
2022-06-01,1240,1781,3021,0.0026470344941682523,2.8140828892757983,1.1272213764068204
2022-06-02,2666,3223,5889,0.005091685391682937,2.5925439109331037,1.0400725756082514
2022-06-03,5156,5762,10918,0.009379327056217114,4.844172855971268,1.9432967386222377
2022-06-04,13256,12459,25715,0.01971214498907659,4.666120331896968,1.8782754197522333
2022-06-05,9464,8730,18194,0.014577550507815267,2.573672142061656,1.0382153871293516
2022-06-06,2286,2240,4526,0.004282824086894981,1.0219739857634524,0.4113592887575179
2022-06-07,1159,1532,2691,0.002554791501710345,1.7094352595199367,0.6853069787090009
2022-06-08,4138,4043,8181,0.0072865378874794546,1.7897228053853562,0.7202610448866302
2022-06-09,2473,2883,5356,0.004809864595023977,4.270583016756172,1.7111191254594833
2022-06-10,6159,6695,12854,0.010917429938015186,3.292902754471632,1.323711559751462
2022-06-11,7885,7353,15238,0.012955099473146181,1.790188011552794,0.7238482643050054
2022-06-12,3403,3720,7123,0.006686190976582209,2.6891648715805814,1.079677663218182
2022-06-13,5280,5467,10747,0.009349070526415417,2.2203454867185335,0.8937476370032628
2022-06-14,4724,4897,9621,0.008470378970240503,2.472556086884208,0.9941046621358274
2022-06-15,3393,3830,7223,0.006104461333853008,2.088299771047956,0.8389825852194941
2022-06-16,3159,4210,7369,0.0065564454930281575,2.3322839882979833,0.9368474626150102
2022-06-17,6613,8674,15287,0.01268213257349531,4.388125059353433,1.7628593032854705
2022-06-18,16610,15132,31742,0.023817622482029545,5.383788503833005,2.1678059750224197
2022-06-19,19240,16842,36082,0.027083609261555876,4.1094408442799635,1.660026503268919
2022-06-20,3886,4310,8196,0.007113461329481998,2.052608741233844,0.8253115732912266
2022-06-21,6193,6379,12572,0.010417466042514005,1.8753591661410214,0.756394146081917
2022-06-22,4526,4700,9226,0.008016118120090161,1.7836841410574569,0.718283327295037
2022-06-23,6652,6612,13264,0.011129610742244226,2.299264822363579,0.9263836953907781
2022-06-24,8326,9659,17985,0.014409298461419563,3.2074886691862736,1.2916410467513613
2022-06-25,18147,16558,34705,0.02604737336399648,3.5698274349698966,1.4435593980063566
2022-06-26,6543,6564,13107,0.010863726298158571,2.2533147183952114,0.9078441231369798
2022-06-27,6853,7524,14377,0.01221917939355399,2.3468404854496074,0.9460677018159753
2022-06-28,6800,7021,13821,0.011188036554970924,2.81984187495783,1.1346495719161145
2022-06-29,3042,3963,7005,0.006148414034041284,3.2629209796865206,1.3088574402950333
2022-06-30,8077,9873,17950,0.016500507707929473,2.9162932579817276,1.1764176078174486
2022-07-01,14738,15507,30245,0.022691082802547773,7.4043381559340435,2.975349912055146
2022-07-02,19897,19239,39136,0.02970547868083177,7.5403574723993865,3.0339662761682544
2022-07-03,17196,17455,34651,0.026293285778193006,5.553174419337488,2.237045739201911
2022-07-04,9473,9522,18995,0.015968314972543245,1.953241737348446,0.7908776839229044
2022-07-05,2385,3304,5689,0.00498033075573923,2.7898932100300473,1.1189454824654625
2022-07-06,8156,8288,16444,0.013324482382263345,2.6707764230824504,1.0763052586623383
2022-07-07,7551,8529,16080,0.013846579894765992,3.5500848549175985,1.428341889903899
2022-07-08,7373,8226,15599,0.012636225911023506,6.016523182220819,2.414191008434942
2022-07-09,17059,17032,34091,0.026155420166774364,4.920691943714142,1.9839700295857214
2022-07-10,17760,16791,34551,0.02742577755708133,4.203041267116172,1.6976719733807175
2022-07-11,8783,8864,17647,0.014650682486245174,2.2367506704477944,0.9034906776708649
2022-07-12,5921,7349,13270,0.012515980470631974,1.9483282581237027,0.7868408915318603
2022-07-13,5052,5941,10993,0.009100372689873312,3.259423776583828,1.309229734247455
2022-07-14,9498,9738,19236,0.015598579503803736,3.214974675587572,1.295349017937311
2022-07-15,9978,12617,22595,0.017911426452378906,8.12332576423214,3.2600771615642836
2022-07-16,22798,20498,43296,0.03251237161812336,5.832945335707699,2.3526855572539533
2022-07-17,17550,16123,33673,0.025270760839463956,3.785150531091546,1.529222668940297
2022-07-18,3348,4195,7543,0.006987844948243729,1.8901269215985557,0.7602434756083685
2022-07-19,6371,7127,13498,0.011911609114599975,2.5112192692666357,1.0116346731754142
2022-07-20,7321,7563,14884,0.012345977651953704,2.7444220183181356,1.1051763939184265
2022-07-21,9356,9105,18461,0.015329665379880087,3.021395658259068,1.2177560625315553
2022-07-22,10235,11115,21350,0.017118236911761866,3.821266299060431,1.5387774617712295
2022-07-23,18578,16509,35087,0.027852315880276424,4.022358786211559,1.6256549040127897
2022-07-24,4434,5119,9553,0.00819804070894489,2.896649914052231,1.1635787900462593
2022-07-25,10205,10411,20616,0.01799792476574742,3.470888580234168,1.3991541869531159
2022-07-26,9404,9699,19103,0.015490250378744685,3.896819113546967,1.568021795646034
2022-07-27,9075,8606,17681,0.014164568212116724,2.615368323972495,1.0546460705162681
2022-07-28,10955,11314,22269,0.019202610080310163,3.273032036797686,1.3207343807672605
2022-07-29,10887,12061,22948,0.018192336952542836,3.6100007138804107,1.45491568772369
2022-07-30,17565,17227,34792,0.02730293799249767,5.456709313768518,2.199065488302906
2022-07-31,20180,19425,39605,0.031447651970193245,5.956133893348421,2.4013221485214844
2022-08-01,14793,14337,29130,0.022590928467634785,4.630412327718196,1.8657194881678598
2022-08-02,9497,9741,19238,0.015977785414713407,3.3528066544697737,1.3507093330367377
2022-08-03,9155,8922,18077,0.015009358953398753,2.793185743420814,1.1262799127403649
2022-08-04,3395,4138,7533,0.006884519523677651,2.6962549034264116,1.0826326730847713
2022-08-05,10291,11095,21386,0.017557133626089592,4.909729308032276,1.974426003388564
2022-08-06,18479,17099,35578,0.028572256606106662,4.028373534994346,1.6284927679614023
2022-08-07,11330,10645,21975,0.01848433985586048,2.4681493404531545,0.9983503400947783
2022-08-08,3077,4170,7247,0.006532488449037299,2.672976696372698,1.0731101716185016
2022-08-09,8064,8811,16875,0.014178391230049105,2.7111511681815057,1.0929675020106318
2022-08-10,10428,10431,20859,0.017329912282750496,3.2222740196047455,1.2993075552115485
2022-08-11,10777,11081,21858,0.01773421082639647,3.559117958467646,1.4342877098828963
2022-08-12,11738,12419,24157,0.019606757130988646,3.888874884834671,1.5673140082124615
2022-08-13,20641,19525,40166,0.02920243699806148,4.258470987718326,1.7209098572861672
2022-08-14,16907,16278,33185,0.02696010555980908,3.809100864924684,1.5398164093057591
2022-08-15,12551,12642,25193,0.020694867534385673,3.351922788582796,1.35318603595375
2022-08-16,9476,9828,19304,0.015653965823382802,2.5685951260453486,1.0368304299121691
2022-08-17,6982,7512,14494,0.012795659984804265,2.6709306793913052,1.0760496677474047
2022-08-18,8983,9878,18861,0.015663317907464808,3.6315746093661065,1.4620278344909214
2022-08-19,11129,12011,23140,0.0190027825031979,3.9813371306009238,1.603936521742288
2022-08-20,17891,16470,34361,0.02551046235665812,8.42231966762891,3.3842341444655593
2022-08-21,5957,5375,11332,0.008846076382769819,1.686276915963103,0.6798184122149031
2022-08-22,2237,2872,5109,0.00458485767173403,2.7121959759141214,1.087629304968689
2022-08-23,8309,8648,16957,0.013906746581213488,2.984641998359938,1.2022008472927035
2022-08-24,9234,9956,19190,0.016332981185745887,2.5739645817352903,1.0393856214055637
2022-08-25,4742,5047,9789,0.008402277762392689,2.4433823097541425,0.9823942905590926
2022-08-26,6648,7817,14465,0.0121436194284402,3.323667630614554,1.3367532239028856
2022-08-27,15835,15550,31385,0.0249063366405969,4.510627335770561,1.8191947362925827
2022-08-28,14744,12921,27665,0.021946033352750374,2.9346356446746573,1.1870218778815134
2022-08-29,8774,9061,17835,0.016177724496786134,2.094975695532371,0.8476969129110202
2022-08-30,2341,3514,5855,0.005195164846231033,3.5203848583304262,1.4112710422399093
2022-08-31,7830,8852,16682,0.013680091255555117,11.624181992079883,4.657880851585286
2022-09-01,8736,9053,17789,0.015135508442994825,2.841360395682147,1.1456254633386558
2022-09-02,11152,11213,22365,0.017135142619772916,4.167564671978404,1.6773069543632255
2022-09-03,15664,14690,30354,0.02354307530983667,5.4721763645889245,2.202996391021472
2022-09-04,7555,7869,15424,0.01264324616581609,2.7250105208568582,1.0975901560422332
2022-09-05,8534,7890,16424,0.013308192288269504,1.8473317008877057,0.7469175957280442
2022-09-06,3647,3697,7344,0.0066208514917867915,1.36850462779731,0.5513743620139963
2022-09-07,2383,2416,4799,0.00436074956152497,1.141981028706501,0.45940886121951546
2022-09-08,3526,3822,7348,0.00637030311740848,1.6088060031266145,0.6473445831210909
2022-09-09,4326,5360,9686,0.008108692274959304,2.2435997403357524,0.9023051114992765
2022-09-10,11013,10624,21637,0.01755420528776451,2.9033715875540995,1.1718811581942985
2022-09-11,7616,5711,13327,0.010536133207281709,1.8330104620203695,0.7395258647325168
2022-09-12,1384,1762,3146,0.0029984671250989736,1.2027450730450115,0.482897109493064
2022-09-13,1846,1839,3685,0.0035240520943439642,1.1060912898672004,0.4445509472034866
2022-09-14,3485,3272,6757,0.006428082402535462,1.5238794418763544,0.613408626192063
2022-09-15,3026,2844,5870,0.005422620072301601,1.1602426261628451,0.4673506225085191
2022-09-16,3421,3678,7099,0.006231848553920003,1.822438193196985,0.7327143864111461
2022-09-17,10354,9637,19991,0.01745019613066965,1.8749998523581115,0.7604700586216464
2022-09-18,3805,3500,7305,0.006585324082846274,1.4813599792469694,0.5964951861484956
2022-09-19,4094,4121,8215,0.007941306103026355,1.121723720966014,0.4534542720482214
2022-09-20,3654,3543,7197,0.006756372271939242,1.074851106249052,0.4339942658627844
2022-09-21,1797,1880,3677,0.0034664528139327364,1.2137683708681566,0.4875872200356224
2022-09-22,2186,2084,4270,0.0042151798650660825,1.4130083785274163,0.5677324593300063
2022-09-23,2685,2777,5462,0.004841807320345121,1.3246538953073406,0.5327666425151434
2022-09-24,6855,6352,13207,0.011360253392412074,1.935610298402165,0.7810602713963133
2022-09-25,1205,1090,2295,0.0022673774577679313,0.9847876678978743,0.39527549363381054
2022-09-26,1238,1111,2349,0.0023223565249971493,0.8389730028558703,0.33698261505734645
2022-09-27,1006,2161,3167,0.003252897291944647,3.0631343175546504,1.227205465397027
2022-09-28,1729,1687,3416,0.003215483553340103,2.3163623477791315,0.9284742292436567
2022-09-29,2324,2287,4611,0.0041872057601772365,1.3678344761156418,0.5496461139023631
2022-09-30,3261,3309,6570,0.006077525878135127,1.2336392366017304,0.49710221016757333
2022-10-01,4144,4000,8144,0.007872073203552526,1.53859123279172,0.6201597370388195
2022-10-02,3946,3793,7739,0.00769588897049675,1.329419339618533,0.5363852692297113
2022-10-03,1740,1642,3382,0.0031827902396996833,1.059301278808397,0.42563018566717864
2022-10-04,1910,1803,3713,0.003501069263669651,1.0930338069469234,0.4393141643369712
2022-10-05,2548,2291,4839,0.004458037378281078,1.109501876800602,0.4464755731472094
2022-10-06,1817,1665,3482,0.0033746093286386837,1.0413996098851694,0.4185846095512511
2022-10-07,1411,1488,2899,0.0026068494415212775,1.5902517818386361,0.6376648224003673
2022-10-08,3464,3353,6817,0.006223576110034154,1.2794423176865093,0.5155110727406242
2022-10-09,4090,3993,8083,0.007294050343249428,1.4427510051130497,0.5814768322511696
2022-10-10,4603,4417,9020,0.008147619117025462,1.475952504996276,0.5952695734687257
2022-10-11,2779,2465,5244,0.005192467460537247,1.1388023369647677,0.4586364152622294
2022-10-12,1511,1401,2912,0.0029398149104932275,0.8831141321416871,0.3550095418029708
2022-10-13,927,876,1803,0.0018511812197771766,0.8101856645924109,0.32518497456883066
2022-10-14,2037,1994,4031,0.00397537315529441,1.0203068553635,0.4105079660385767
2022-10-15,2256,2258,4514,0.004332419329045444,1.602038684757494,0.6434149255004249
2022-10-16,2539,2397,4936,0.005270354472445306,0.9777779305482522,0.3942733849027681
2022-10-17,1039,928,1967,0.0019334305308941636,1.0703529014972801,0.42930121891744855
2022-10-18,940,750,1690,0.0016770894902391946,0.7713289256007503,0.3095378239344437
2022-10-19,1655,1746,3401,0.003498359390079135,1.6827727416409233,0.6752081122904169
2022-10-20,1008,923,1931,0.0018406060845828224,1.0069880057667564,0.4038995659574523
2022-10-21,1850,1900,3750,0.0033924120742176685,1.6499818943258275,0.6620282049748617
2022-10-22,4703,4507,9210,0.008105574846089939,1.5560415424313372,0.6272799618801889
2022-10-23,4441,4160,8601,0.007977688294774974,1.3454426952812002,0.5429636910893451
2022-10-24,2332,2127,4459,0.004046893750576941,1.124475897245881,0.4522184951486985
2022-10-25,1796,1540,3336,0.0033779454982082115,0.8505968544668853,0.34226550908567904
2022-10-26,982,875,1857,0.001821436134686497,0.7780182100004672,0.31230014568099884
2022-10-27,1726,1618,3344,0.003238121612533133,1.28436592437201,0.515689242716324
2022-10-28,1650,1568,3218,0.0032071122550377117,0.946826582436861,0.38065490032776705
2022-10-29,3152,3058,6210,0.006072714325275942,1.0526141230750439,0.42468927782518306
2022-10-30,1935,1710,3645,0.0037543113214672337,0.9802669429409288,0.3943593639692518
2022-10-31,1157,958,2115,0.0021834991372515606,0.8054232987113912,0.3234794189669074
2022-11-01,1315,1274,2589,0.002386164042139126,0.9296947981998228,0.3733096177052126
2022-11-02,1447,1336,2783,0.0027642253245801227,0.8724616950239955,0.35064321320434627
2022-11-03,915,804,1719,0.001707055969115927,0.7960685322197838,0.3194516464693831
2022-11-04,1618,1501,3119,0.0032025460923273165,0.8815989682869865,0.354561114970191
2022-11-05,3425,3320,6745,0.006416543585956491,1.445674586960548,0.5821197609357932
2022-11-06,3425,3330,6755,0.006426159266438967,1.315792696388668,0.5301727741153306
2022-11-07,1319,1184,2503,0.0024422156133232197,0.8754918222899584,0.35166205828397734
2022-11-08,1171,1009,2180,0.002150292407187189,0.7681024862013236,0.30853116992484175
2022-11-09,1141,1050,2191,0.002161491846807956,0.8607408454423969,0.34559323328504354
2022-11-10,1919,1732,3651,0.0035940905205109988,0.7786186112022304,0.3136038987931988
2022-11-11,688,640,1328,0.0013030251677089491,1.1388683625450808,0.45632916011865776
2022-11-12,1718,1611,3329,0.0033201247821199927,0.993195313487401,0.39927020026423243
2022-11-13,1017,966,1983,0.002181403816208216,0.8095276949388238,0.3251199202652545
2022-11-14,966,824,1790,0.0017532213660872824,0.6577370646760738,0.264146758690082
2022-11-15,577,425,1002,0.0010496600887967768,0.6711050028177844,0.2690717971803918
2022-11-16,573,446,1019,0.0010161259399697506,0.566221902499101,0.22709843656362227
2022-11-17,756,583,1339,0.0013569648296870673,0.6281127283894032,0.25205927025357355
2022-11-18,632,565,1197,0.0011864001409833589,0.7506189019938166,0.3009594008821167
2022-11-19,804,672,1476,0.0014790664887590946,0.807254529720526,0.3237892517814659
2022-11-20,501,417,918,0.001007984078779999,0.9637833134892024,0.386118115842949
2022-11-21,758,593,1351,0.0014896612203452414,0.5992064633988329,0.24057638209174034
2022-11-22,872,761,1633,0.0016972878011631126,0.6331452878675456,0.2542764878277161
2022-11-23,1032,958,1990,0.0018989595284250507,0.8321616676663822,0.33400404278360796
2022-11-24,776,616,1392,0.0013691580866093238,0.7319797537539751,0.29361339635355566
2022-11-25,1097,1002,2099,0.0020678238063433626,0.8880725311044476,0.35646970672558503
2022-11-26,1915,1770,3685,0.0037385765715868178,0.8796924795032384,0.35412013774424744
2022-11-27,341,285,626,0.0006911143824668289,0.6840606993681386,0.27403894837673554
2022-11-28,804,639,1443,0.00149175263085018,0.6562021764984983,0.26337592217790945
2022-11-29,772,647,1419,0.0014192744392135144,0.9405983287720122,0.377090896172333
2022-11-30,589,494,1083,0.001084293717913214,0.627218046059745,0.25153779465464593
2022-12-01,673,710,1383,0.0013815110395005161,1.172898925372557,0.46998847677272315
2022-12-02,667,557,1224,0.001158898534670632,0.9104162920160164,0.36486185592720893
2022-12-03,620,577,1197,0.0013353735525630254,0.8924145449129707,0.3577670420967261
2022-12-04,881,838,1719,0.0017339694368218323,1.2614940060890756,0.5056379840977233
2022-12-05,552,461,1013,0.0009621336765113135,1.0542568546627331,0.422280022071
2022-12-06,683,662,1345,0.0014326743552407072,0.9354999056145291,0.37505956685895614
2022-12-07,771,622,1393,0.0014376644281362504,0.6242781659521027,0.25057386503772283
2022-12-08,995,781,1776,0.0017659556000115732,0.6256318581786932,0.25131231663148423
2022-12-09,692,585,1277,0.0013121797978399336,0.7307367877775287,0.2930820229897154
2022-12-10,592,433,1025,0.0010395752561617282,0.7598277327799313,0.3045548382656696
2022-12-11,334,282,616,0.0006923289947382996,0.6257363476257485,0.2507099364471424
2022-12-12,642,493,1135,0.0012855833229881873,0.6920605135195687,0.27759555540162034
2022-12-13,660,562,1222,0.001252682774854611,0.7095337332304843,0.2845651029571065
2022-12-14,513,383,896,0.0009154127819317518,1.2312635870995083,0.4930546825089624
2022-12-15,417,294,711,0.000809777663488547,0.6322371512400814,0.2533807270941257
2022-12-16,688,487,1175,0.0011822848987069424,0.5836119345482624,0.2341541447585292
2022-12-17,673,558,1231,0.0012419317044074728,0.7535731867281481,0.30217443371390373
2022-12-18,525,497,1022,0.0012172402507489742,0.7368958066656276,0.29548866681670044
2022-12-19,806,872,1678,0.0017180410284813497,1.4675365268929164,0.5880454353742554
2022-12-20,747,647,1394,0.0015129090983379565,0.7739708533743003,0.31049608680872287
2022-12-21,962,847,1809,0.0019508044416254992,0.7619774073221564,0.3059614455938378
2022-12-22,671,499,1170,0.0011397595241736485,0.8215680875643446,0.32931109074024206
2022-12-23,79,97,176,0.00035093918009148294,1.3599616858237549,0.5441952378375569
2022-12-24,0,36,36,0.000157347498804159,3.272727272727273,1.3091853175901917
2022-12-25,503,411,914,0.0010409227166503908,0.6933385006358388,0.27795995388432576
2022-12-26,529,444,973,0.0009671303495728862,0.8910714236788416,0.35700884768128044
2022-12-27,768,643,1411,0.001367349764608142,0.6634327666252067,0.26619351650884754
2022-12-28,778,712,1490,0.0015177981807724262,0.8826364470176009,0.35396525771550386
2022-12-29,1312,1218,2530,0.002584694913689652,0.8319147908939908,0.33431673330581013
2022-12-30,843,835,1678,0.001639190708130386,0.9747212466467846,0.39087201308359215
2022-12-31,559,469,1028,0.00102571203374305,0.9947649575005263,0.39852141022045634
2023-01-01,731,661,1392,0.0014365826640819718,0.8154726799259259,0.32705102156881954
2023-01-02,1155,1228,2383,0.0026353900422661173,1.1832196051931108,0.47486907610260404
2023-01-03,421,327,748,0.0007797213432544456,0.6646441880761197,0.26632550803640054
2023-01-04,411,451,862,0.0008780489949141293,0.9330245546010885,0.37373665123738387
2023-01-05,637,607,1244,0.0012357023572753289,1.2076488177962286,0.48380094853285666
2023-01-06,671,551,1222,0.0011749230293058791,0.8201026210052492,0.32874600221968325
2023-01-07,981,882,1863,0.0019460935336471892,0.893372594223706,0.3585166938096707
2023-01-08,540,481,1021,0.001070876622506499,0.8196669345106742,0.32850929977777354
2023-01-09,744,623,1367,0.001433011125617052,0.7126537655282482,0.2859213128866696
2023-01-10,662,472,1134,0.0012178180514003205,0.5239134787380437,0.21029608232605773
2023-01-11,603,468,1071,0.0010542282419878654,0.688639277572084,0.2760882479740263
2023-01-12,564,443,1007,0.0010373945571951664,0.48072624154556926,0.19291293335254484
2023-01-13,400,258,658,0.0006775744423914178,0.526771457601571,0.21111512770606322
2023-01-14,845,730,1575,0.0015829158379698396,0.8155658233601218,0.32717607884683064
2023-01-15,880,817,1697,0.001856803664576817,0.9849696273113461,0.3951019331232845
2023-01-16,767,627,1394,0.0014155465138572312,0.5769975649399487,0.23164835388429386
2023-01-17,343,233,576,0.0005739630698314291,0.940374285253361,0.37649409194324324
2023-01-18,775,600,1375,0.0013306970531219966,0.7032075462048613,0.28208143671381775
2023-01-19,540,395,935,0.0009115665097387611,0.4664266851131245,0.18711761395109305
2023-01-20,678,600,1278,0.0012713677903376048,0.7732491915905596,0.31006249731042645
2023-01-21,714,668,1382,0.0014494951493012973,0.8405618207423903,0.33709442538653694
2023-01-22,388,355,743,0.0007740465154287219,0.8558837837513673,0.3428179414098042
2023-01-23,952,828,1780,0.0018266834245787445,0.5720062204127606,0.22989849821985148
2023-01-24,669,553,1222,0.0012953252159619798,0.7700637148560935,0.3088026810720146
2023-01-25,688,469,1157,0.0011823681113265023,0.5368504080106141,0.21544958407104156
2023-01-26,453,300,753,0.000732803612892231,0.6135895840551712,0.2458755157898038
2023-01-27,646,481,1127,0.001131159065249345,0.6848505560134519,0.27461891784453035
2023-01-28,730,566,1296,0.0013779580314630029,0.7423769672644442,0.2977775617246555
2023-01-29,328,324,652,0.0007514916542886635,0.7799628416740717,0.31243603166220185
2023-01-30,674,565,1239,0.0012504526766504058,1.0904436891022256,0.43692774724688055
2023-01-31,515,442,957,0.001016929146369699,0.7748669954817495,0.31055695568052166
2023-02-01,829,823,1652,0.0017754888736030588,0.9518942217040007,0.38182298200576215
2023-02-02,751,682,1433,0.001480934990307394,0.739316558384137,0.2966151843478393
2023-02-03,508,371,879,0.0007878898982373888,0.5483927354059914,0.219829828101339
2023-02-04,111,74,185,0.00027693159789531985,0.8593483093483093,0.343905482698061
2023-02-05,778,745,1523,0.0016044449719332023,0.8600269232160743,0.34497343626958965
2023-02-06,743,629,1372,0.0014385058001784672,0.6633841261730331,0.26621675394932026
2023-02-07,457,256,713,0.0007399975484743792,0.4443607605811993,0.17818830276156436
2023-02-08,851,721,1572,0.0015797688879937565,0.685572109678899,0.2751767052043559
2023-02-09,492,316,808,0.0008478192771631309,0.4943122281442126,0.19823358282398293
2023-02-10,677,619,1296,0.0013111646038813027,0.8188704489040562,0.3283348783239513
2023-02-11,1170,1081,2251,0.00232835566538142,0.818545586530745,0.3288152480115269
2023-02-12,1340,1307,2647,0.002625759525632463,0.9087227306717048,0.36506454798406146
2023-02-13,856,705,1561,0.0015682300714147848,0.8866517624903811,0.3556016430390013
2023-02-14,896,817,1713,0.001674825288741916,1.0364252234686493,0.41557498456070496
2023-02-15,650,615,1265,0.0012379255756663926,1.0930519923453816,0.43796355228355255
2023-02-16,828,700,1528,0.0015096905392726206,0.6832673644614972,0.2742127601081625
2023-02-17,515,410,925,0.0008865944440081509,0.7186722304023098,0.2880008488273288
2023-02-18,926,805,1731,0.0016676098395000782,0.9890505088505176,0.3966207694439072
2023-02-19,1451,1375,2826,0.0029408005453422236,1.0376620642050587,0.41682930600922885
2023-02-20,1626,1530,3156,0.0032922906503632062,0.8174190455467499,0.3289429926089179
2023-02-21,853,672,1525,0.0014834166843142684,0.7248139700060431,0.2908156380130058
2023-02-22,553,371,924,0.0009969537524231514,0.4480232048573552,0.17980745419439598
2023-02-23,344,223,567,0.0005961069988594174,0.7825237905995633,0.31336718043914097
2023-02-24,836,722,1558,0.0015170150031765684,0.9384062361867,0.37627270347658603
2023-02-25,532,506,1038,0.0011284962614234284,0.9031464698537712,0.3619356856983626
2023-02-26,896,849,1745,0.0017894041710159129,0.8641837896543744,0.3467471583643593
2023-02-27,506,311,817,0.0008430780500442197,0.5787662091955709,0.23201233050825487
2023-02-28,855,836,1691,0.0018190386006914356,1.8373921272813178,0.736048274072942
2023-03-01,805,894,1699,0.0017129897703146112,1.0482027947260253,0.4203089117525989
2023-03-02,959,814,1773,0.0017628556194381182,0.6981518542483371,0.2803184550709978
2023-03-03,616,459,1075,0.0010936634588756577,0.4723125460649089,0.18958121650128898
2023-03-04,717,693,1410,0.001557740238161174,0.8545749769130275,0.34276463490810777
2023-03-05,867,818,1685,0.0018431840777950797,1.0438865315298114,0.4186605230586017
2023-03-06,741,619,1360,0.0014019662143450568,0.6569148698002498,0.263607127648707
2023-03-07,646,1881,2527,0.0025815479637135686,3.069722262848846,1.2294378339177667
2023-03-08,1040,906,1946,0.001941621165840694,0.7009885772415326,0.2815604035961175
2023-03-09,760,791,1551,0.0015577402381611743,0.7819851616881046,0.3137287088181386
2023-03-10,714,721,1435,0.001507738699652297,0.8150162261589683,0.3269111336833787
2023-03-11,751,846,1597,0.0016857661554421455,1.0513361811393824,0.42154593214901837
2023-03-12,672,682,1354,0.0015469972020359247,0.9628414906390274,0.3860647945768325
2023-03-13,591,519,1110,0.001150584853160317,1.1494283077656022,0.4604616740181371
2023-03-14,544,409,953,0.0010304163205021694,0.8440649483901204,0.3382442291483495
2023-03-15,1051,1165,2216,0.0020616018954429365,1.1023331942018122,0.4421702388179906
2023-03-16,891,811,1702,0.001801154321231862,0.8247928922098213,0.33099784947666766
2023-03-17,476,471,947,0.0009551976599279977,0.9906873749075236,0.39684806855896626
2023-03-18,714,662,1376,0.0013741681562229888,1.2137873025623194,0.48633942191866153
2023-03-19,636,603,1239,0.0013369894357405196,0.8448045674772344,0.3387240206523381
2023-03-20,1133,1028,2161,0.0020680856114254063,0.6863693683049452,0.2757885986888334
2023-03-21,1157,997,2154,0.002225038876935858,0.8683938029896232,0.34869254452201087
2023-03-22,806,746,1552,0.0015838357156551562,0.8585554523196414,0.34437248235724965
2023-03-23,704,728,1432,0.0014329112224432082,0.7527838279207093,0.30197327790174966
2023-03-24,1124,1020,2144,0.002113639695701044,0.9043672517731407,0.3630150845266769
2023-03-25,317,374,691,0.0007023789317586943,2.263672694056945,0.9058905049818331
2023-03-26,2179,2115,4294,0.004367872627998198,1.0019342000352656,0.40339440359090517
2023-03-27,748,732,1480,0.00150714696546876,0.9170543355750478,0.3677260224093004
2023-03-28,807,1018,1825,0.0017888559466988124,1.1763655516959597,0.4716195342464032
2023-03-29,612,626,1238,0.0012100257505052968,1.645145164604325,0.6587840812920333
2023-03-30,957,921,1878,0.0018713549395090456,0.8846455649704611,0.35498103895188987
2023-03-31,454,594,1048,0.0010470144643503826,0.9166430658048531,0.3672854350005515
2023-04-01,1279,1299,2578,0.002676650405811303,1.1028024180601006,0.442726957467527
2023-04-02,1711,1647,3358,0.003620990535972535,0.9347810294265049,0.3760850060921855
2023-04-03,1278,1244,2522,0.002576303047086763,1.0030857994998748,0.40278010162820194
2023-04-04,716,626,1342,0.001317491743718406,1.0571000333216427,0.42363050837488814
2023-04-05,1560,1412,2972,0.0032494796365942773,0.6436098899832154,0.25939364377524277
2023-04-06,1497,1520,3017,0.002831817902089295,1.3071880226650636,0.524574299807279
2023-04-07,4149,4187,8336,0.0073298113314729215,1.3621703505936849,0.5492660270363577
2023-04-08,4030,3780,7810,0.007237644734183089,1.3860754646403393,0.5587727726966456
2023-04-09,4738,4655,9393,0.009089987167535816,1.2717628705317752,0.5141591405132315
2023-04-10,3217,3211,6428,0.00611172651466199,1.165318828656716,0.4697945673714836
2023-04-11,1921,1875,3796,0.0036322894442255864,0.9627746768005095,0.38728924438673923
2023-04-12,3149,3158,6307,0.005912299935888438,1.111121733167384,0.4479960732284866
2023-04-13,3728,3646,7374,0.006312309609526447,1.17667070810138,0.4744556690062679
2023-04-14,3422,3456,6878,0.005958411183829999,1.3696988111610944,0.5514545711747357
2023-04-15,5908,5689,11597,0.010093981470121183,1.47119536300579,0.5945345340843887
2023-04-16,4992,4892,9884,0.009568766796291458,1.3845816105684214,0.5595739043051435
2023-04-17,817,584,1401,0.0012779239361211114,0.7334406838312431,0.2941430278941699
2023-04-18,1027,777,1804,0.001740856240392681,0.5396144904729558,0.21689030993341793
2023-04-19,1379,1150,2529,0.0025440507239487963,0.7652990308304422,0.3076460427665461
2023-04-20,1416,1250,2666,0.0025304137202054756,0.79383504765774,0.3190522672952193
2023-04-21,1976,1806,3782,0.003567417458998738,0.9192305188545737,0.36983265801722875
2023-04-22,1202,1199,2401,0.00223949198436875,1.2725142206394977,0.5103493834464203
2023-04-23,2603,2511,5114,0.004715321802001392,1.0087585736461417,0.4063326225396575
2023-04-24,1306,1220,2526,0.0025409507433753415,0.9738323356364623,0.3910575047006101
2023-04-25,1710,1528,3238,0.003044324440752023,1.2018284654725628,0.48255798085347634
2023-04-26,2025,1980,4005,0.003677763889616562,1.1593495426086153,0.4659464753772161
2023-04-27,3162,2974,6136,0.005830948644573679,0.9913308097806394,0.400030893099
2023-04-28,1407,1452,2859,0.002679890150466168,0.9142767320190305,0.36731862689789196
2023-04-29,1066,1005,2071,0.0021032115673489254,0.9457768043653162,0.3795726486865359
2023-04-30,716,682,1398,0.0013334858463872467,0.8629820813925504,0.3459929240648525
2023-05-01,1411,1343,2754,0.002734699529216284,0.9791711971578989,0.39330929858068936
2023-05-02,1127,1071,2198,0.002168618762930262,1.2142480690189876,0.4870003988653533
2023-05-03,1109,1220,2329,0.0021395811125063066,1.2610901507904364,0.5057198089836784
2023-05-04,1843,1955,3798,0.003484098887034362,1.1879027328544827,0.47725155247401374
2023-05-05,3298,3423,6721,0.006053323907942107,1.663385832896461,0.6689863275033496
2023-05-06,9031,8732,17763,0.014747441719244744,2.0612364556730145,0.8333430473007528
2023-05-07,1928,1771,3699,0.0032140042178812602,1.4595849742092695,0.5857623922144366
2023-05-08,2890,3190,6080,0.005543247484537986,1.1791966934171212,0.47500462585757125
2023-05-09,2637,2538,5175,0.004707837164220438,1.323290077415779,0.532140733264844
2023-05-10,2853,3116,5969,0.005440782793316717,1.214367145979503,0.4890113280677912
2023-05-11,3257,3394,6651,0.005910871183648808,1.3492381449538304,0.5432417806917216
2023-05-12,4034,4529,8563,0.0077313107609788805,1.7581193591743132,0.7078865301263126
2023-05-13,10688,10303,20991,0.017440017616853456,2.59489997565879,1.048424000833628
2023-05-14,7845,7355,15200,0.013251527505617505,1.5965419467164492,0.6465676951899503
2023-05-15,2984,3044,6028,0.005350714087906001,1.5307014182381495,0.6154909957480036
2023-05-16,2794,3038,5832,0.005538631957906397,1.5335671642571316,0.6167500448775965
2023-05-17,1767,1787,3554,0.003085302032961961,1.3330127365422355,0.5350562758366714
2023-05-18,2522,2845,5367,0.00481988514626361,2.0371562948854107,0.8177544490419226
2023-05-19,3484,4206,7690,0.007029447059909536,1.7636731929327982,0.7096869454090651
2023-05-20,5348,7103,12451,0.01070600249238438,4.958973864952862,1.990013147476575
2023-05-21,19826,19649,39475,0.030987229676997054,6.121576992814011,2.467223134931803
2023-05-22,12999,12011,25010,0.0200646603079737,2.4865095443740217,1.006642613934393
2023-05-23,4600,4564,9164,0.008504419678609654,1.2244934930551101,0.4949000490292098
2023-05-24,2130,2357,4487,0.004432912317034504,1.6378667309359876,0.6578064397646158
2023-05-25,3012,3068,6080,0.005619091814051659,1.1630170150670405,0.4685782611152472
2023-05-26,4083,5606,9689,0.008995599032984799,2.3343155822087716,0.9391235923032994
2023-05-27,13183,12940,26123,0.02120807337058335,3.198467890312881,1.2921120001475024
2023-05-28,13228,12633,25861,0.02027658543339795,2.2120315095028222,0.8969785550611676
2023-05-29,4807,5035,9842,0.00889642758238715,1.4785119328305563,0.5967426296816548
2023-05-30,3921,4046,7967,0.006825498476876211,1.348630854483681,0.5435476408795982
2023-05-31,4767,4819,9586,0.008124181598750047,1.5700212006706293,0.6328829892275019
2023-06-01,4480,4842,9322,0.007998130711714206,1.712678279034335,0.6898701900407626
2023-06-02,5311,6589,11900,0.009977980560752714,2.9099589464169275,1.1699703669032226
2023-06-03,13987,15395,29382,0.023312388391791363,3.1689376500705655,1.2815624930633012
2023-06-04,11039,10496,21535,0.017067899171433393,2.6360988921703497,1.0646802963709998
2023-06-05,4478,4739,9217,0.00800823082774504,1.7204840985538896,0.692998577918203
2023-06-06,3970,4209,8179,0.007480845564478907,1.3419716969731315,0.54127718612794
2023-06-07,4416,3571,7987,0.006674220370007632,1.4394254187657631,0.5797746997283099
2023-06-08,2025,2135,4160,0.003930890181236346,1.2509932889771718,0.5027558496996106
2023-06-09,2700,3421,6121,0.0054343330444133545,2.008458000854021,0.8066438001682564
2023-06-10,13619,12749,26368,0.02166330392583508,2.6002237553395786,1.0530874844913325
2023-06-11,5076,4820,9896,0.008828543375760212,1.4390109802943458,0.5809015181431945
2023-06-12,2554,3201,5755,0.0053887854083603,3.813793074717968,1.5287505011322036
2023-06-13,3561,4263,7824,0.006875359478516498,3.4786264150848876,1.395575781721065
2023-06-14,2497,3366,5863,0.005134773377642389,2.0386341283602247,0.8185345153706755
2023-06-15,3077,3846,6923,0.006237337667069918,2.4820133532091875,0.996547743883917
2023-06-16,4287,6839,11126,0.009324489534011928,4.358000782481096,1.7487950067128455
2023-06-17,21429,19288,40717,0.030571592838308067,5.7584383259815555,2.3217182860956074
2023-06-18,18343,15772,34115,0.026173882273300714,4.171753333944772,1.6844056629418895
2023-06-19,6510,7291,13801,0.012180552301017545,1.8095378374631734,0.7311234663658799
2023-06-20,7293,6992,14285,0.012293166712821933,1.5913625466294552,0.6439209186794753
2023-06-21,6843,6530,13373,0.011085605229002413,1.9204457154800296,0.7748296493294135
2023-06-22,6030,5850,11880,0.009607082932868523,1.838452882033207,0.741145402573004
2023-06-23,4385,4320,8705,0.007757681255327337,1.7425857715952577,0.7016889173912996
2023-06-24,5564,5826,11390,0.009547385698171576,2.337413645719181,0.9406938897065754
2023-06-25,13746,13336,27082,0.021989183377588088,2.610387855439853,1.0573486522024942
2023-06-26,3470,3910,7380,0.006566335907238704,1.9967189592903998,0.8026273852605031
2023-06-27,1987,2334,4321,0.003766092211121289,2.3157097857492173,0.9285435696263596
2023-06-28,5910,6077,11987,0.009929499220921349,2.139852085757381,0.8618985338355053
2023-06-29,8322,8327,16649,0.013987578604670012,2.110149327198038,0.8524522780420172
2023-06-30,7155,8167,15322,0.012867187658306934,3.416856516097423,1.3744629190339535
2023-07-01,18635,17274,35909,0.027553924736145728,3.70994440390282,1.5005101164028158
2023-07-02,7857,7826,15683,0.013171981276722209,2.0713876700276903,0.8364582567771094
2023-07-03,13064,13729,26793,0.02227964752946986,2.9258700777046465,1.1837158195995403
2023-07-04,9757,10035,19792,0.01624335693845525,3.1094692202673477,1.2535337022700124
2023-07-05,14494,14627,29121,0.023104689693369877,3.193721701718892,1.2913514945035787
2023-07-06,5496,6302,11798,0.009654692671862431,4.450269333228083,1.7859005488943505
2023-07-07,10803,12516,23319,0.018487571500873767,4.266610128472704,1.7177365942896057
2023-07-08,16770,15472,32242,0.025011746255978143,4.173818111927786,1.6845342925247013
2023-07-09,12170,11626,23796,0.019779755966541326,2.8977768658325345,1.1709785999129387
2023-07-10,9574,9882,19456,0.016768208252561617,2.289069566787422,0.9256887516665058
2023-07-11,6775,7556,14331,0.012030482739056136,3.3790986247456036,1.358857739541675
2023-07-12,9322,8866,18188,0.015286961925282503,2.000889485409376,0.8095279713189201
2023-07-13,5465,6651,12116,0.010824608789161545,3.172338069909759,1.2754299932374007
2023-07-14,11960,12817,24777,0.019877087452422507,4.225995203720245,1.7023243339595517
2023-07-15,14028,12296,26324,0.02064084489312958,5.822165828731243,2.3412508384283743
2023-07-16,17008,15684,32692,0.026558554742860865,3.032635253556292,1.2289892342682334
2023-07-17,7927,8517,16444,0.013483931373712597,3.205296674568527,1.2902090286516383
2023-07-18,8344,9173,17517,0.014903022657107398,2.6674298870528093,1.0759137684153883
2023-07-19,11270,10397,21667,0.01778873415885324,3.29814937353681,1.329932989910036
2023-07-20,7124,8492,15616,0.013616095685125269,3.89401881819183,1.5657771846878072
2023-07-21,9438,10787,20225,0.017006808464650695,3.837106502430425,1.5450466860509606
2023-07-22,20861,19477,40338,0.031666184134337,6.378765267611388,2.5705058175251576
2023-07-23,15453,14060,29513,0.023149750761561894,5.815652542647682,2.34015086751601
2023-07-24,6000,6960,12960,0.011008031016338965,2.4227359035801013,0.9756991800418439
2023-07-25,7678,8075,15753,0.013395283957455102,2.8139798345940847,1.133629104212107
2023-07-26,10427,9849,20276,0.016253630702053802,3.109146363944846,1.2534107239991705
2023-07-27,8482,8924,17406,0.015580998895870122,2.0746753643479914,0.8392187450767188
2023-07-28,9915,10040,19955,0.015995214879599158,2.9906627022455017,1.2058622098259602
2023-07-29,7269,7964,15233,0.012193845678257004,3.783227309360491,1.520607231151151
2023-07-30,18959,17902,36861,0.02828625496169113,4.221552577650271,1.7055927840371228
2023-07-31,8832,9636,18468,0.0157158681805594,3.1168811968402235,1.256181999644425
2023-08-01,10118,10113,20231,0.01680607781444248,5.008631443214494,2.013536223974463
2023-08-02,9614,9533,19147,0.016096649127665466,2.4689828302874584,0.9972511215915828
2023-08-03,8506,9829,18335,0.015411074562144127,2.700951668300065,1.0896273120573123
2023-08-04,11050,12283,23333,0.01939355316586201,3.0345956002617545,1.2254743720042192
2023-08-05,18473,17858,36331,0.02787855010923413,4.826936823742411,1.947501859562505
2023-08-06,20905,19126,40031,0.031070791806558612,4.062952013639714,1.643823280539821
2023-08-07,5146,5534,10680,0.009290354016735083,1.9158993315759238,0.7719339450404106
2023-08-08,6536,7503,14039,0.012391801404540258,3.128909086532565,1.2589987154557503
2023-08-09,12866,12186,25052,0.021611049570756023,2.7501049516968914,1.11300861042121
2023-08-10,5617,6577,12194,0.010353310016376571,2.2489702874553568,0.9058001009919688
2023-08-11,12953,12104,25057,0.020339811360711554,2.2502612887319215,0.9123084023091954
2023-08-12,9302,10173,19475,0.016373580725560787,3.8503603320707005,1.549968281263617
2023-08-13,17859,16419,34278,0.026595546068660367,4.687691410182322,1.8910338917141252
2023-08-14,9616,9420,19036,0.01640473553032401,1.8662409113589569,0.7563392058617772
2023-08-15,10788,12168,22956,0.019797147604541678,3.205554179920417,1.2940999605308918
2023-08-16,12521,12637,25158,0.021171758380558053,2.6845162298277656,1.0865095469594412
2023-08-17,9912,9780,19692,0.015969993646863342,3.273808664560183,1.3191054620121914
2023-08-18,7759,9057,16816,0.014483522569925227,3.697230606320548,1.4875823560701744
2023-08-19,21001,20234,41235,0.031650973876119266,4.051371982971875,1.6395393775144218
2023-08-20,17432,15928,33360,0.025311091566976363,4.331005038141144,1.7475886701966434
2023-08-21,8733,8928,17661,0.015408263779099726,2.969930166342142,1.1972170248043166
2023-08-22,9402,9074,18476,0.01612250191924114,1.9768751525014072,0.8004235621521075
2023-08-23,3960,4506,8466,0.007166887186272398,2.4167188544043667,0.9709876740735102
2023-08-24,7147,8225,15372,0.013402262425990907,3.0938110070424303,1.2455657602725667
2023-08-25,8749,8968,17717,0.015073968087906979,4.55758233769852,1.8320773159321524
2023-08-26,11611,11808,23419,0.01835537247299917,3.737610385136874,1.5060573775385493
2023-08-27,16421,15565,31986,0.025680575502502044,2.870612697305808,1.1636534242238246
2023-08-28,9843,9725,19568,0.016452100965207935,3.6588151109384315,1.4733973049544973
2023-08-29,9528,9402,18930,0.015913435235155454,2.478516293316156,1.0009545784675555
2023-08-30,7220,7784,15004,0.013079759805657117,3.6308961484674143,1.4602063152703602
2023-08-31,9687,9526,19213,0.015766144452796352,3.2626143155902527,1.314505412907779
2023-09-01,10984,11564,22548,0.01829621906918403,3.559542236014367,1.4347946258472573
2023-09-02,15873,15527,31400,0.0243567563530909,3.6918122473987705,1.491338952771363
2023-09-03,19473,18674,38147,0.032943609803378564,4.908887782165483,1.9833212787482204
2023-09-04,15092,14014,29106,0.02391996676820825,2.809898716739054,1.1383114667565466
2023-09-05,4466,4998,9464,0.008331025570017539,1.6210091231981052,0.6534022646212526
2023-09-06,4110,4061,8171,0.007680109862179111,1.2155273461336806,0.4908190043707798
2023-09-07,2506,2717,5223,0.004884238798496223,1.7463287914783685,0.7014620598704452
2023-09-08,3434,4141,7575,0.006249311841661857,2.1801943932539127,0.8758273444065623
2023-09-09,9423,9271,18694,0.015714179573255164,3.0156591893849956,1.2156921834979513
2023-09-10,9421,7341,16762,0.013583494876765438,1.8459549346090225,0.7465320707696683
2023-09-11,3658,3787,7445,0.00680328625496169,1.0633521094443117,0.4294228155307017
2023-09-12,1703,1789,3492,0.0033358556211263704,1.0388273169739595,0.41753244016225954
2023-09-13,2371,2524,4895,0.00463764269669836,1.2550601595608208,0.5048066494423474
2023-09-14,3445,2857,6302,0.005990568940582787,0.9679662064927474,0.3907808239614487
2023-09-15,4612,5078,9690,0.00875796178343949,2.2829152921729765,0.9184208939392543
2023-09-16,11392,10728,22120,0.018381751875961336,2.037420084158893,0.8259970847891341
2023-09-17,6802,6152,12954,0.012050266827336892,1.6320544485061979,0.6600519394988813
2023-09-18,2851,2942,5793,0.005579586630834578,1.1543262785710346,0.46507826340691466
2023-09-19,2937,2734,5671,0.005029725190345517,1.1087435863592274,0.44651526965789834
2023-09-20,2963,2945,5908,0.005533889978490381,1.0953176310576198,0.4414473864101422
2023-09-21,3292,3137,6429,0.006112688082710237,1.1661756697817784,0.4701378807623375
2023-09-22,4149,4223,8372,0.007557317553090703,1.5050903854913056,0.6065705447283767
2023-09-23,8292,8003,16295,0.013688695111819577,1.7616175335436064,0.7128602304845343
2023-09-24,7479,6897,14376,0.01302671661152327,1.3489266933042299,0.547386707288606
2023-09-25,3184,2943,6127,0.005586633434874919,1.3820008660925425,0.556152326497942
2023-09-26,2127,2116,4243,0.0040107003292409,1.0911813428520534,0.4388789573383659
2023-09-27,2409,2427,4836,0.004394904458598726,1.3332100844565369,0.5359209764577739
2023-09-28,2216,2290,4506,0.004324618438963886,1.28582318481615,0.5169240449898385
2023-09-29,3980,4054,8034,0.0071543659884839616,1.4656203240559755,0.5905407492154805
2023-09-30,7452,7130,14582,0.013041859829453294,1.7608085856421232,0.7121485501545213
2023-10-01,7375,7037,14412,0.012403073940736638,1.5317227957648913,0.6201309626703986
2023-10-02,4441,4289,8730,0.00821026316088967,1.2513318509349673,0.5054588982705207
2023-10-03,4042,3867,7909,0.006950805586917468,1.4236140631518244,0.5736161086128804
2023-10-04,4003,3885,7888,0.007310619952547397,1.2728623431807111,0.5135313092438129
2023-10-05,3364,3191,6555,0.0062338456567894406,1.0968243530774482,0.442470048625053
2023-10-06,2957,3106,6063,0.0061036945933178035,1.3342228251843549,0.5373513468297327
2023-10-07,4655,4498,9153,0.008054981573397525,1.313522530437364,0.5302420011189842
2023-10-08,2330,2206,4536,0.00435387177676973,1.104320838274913,0.4443406583760271
2023-10-09,2654,2545,5199,0.004861477297299348,1.29244144351679,0.5198934637850956
2023-10-10,6751,6637,13388,0.013172053645606679,1.1601798098306384,0.4719751561196193
2023-10-11,1804,1678,3482,0.0033746093286386833,0.9322539142107378,0.3749263312814784
2023-10-12,2408,2252,4660,0.004606496253396425,0.9047863822679214,0.36467845065920645
2023-10-13,2067,1910,3977,0.0036515676573832213,1.0466199952026456,0.4208389386754882
2023-10-14,2209,2123,4332,0.004341310049358984,1.0799104262274712,0.4345689565206039
2023-10-15,1785,1727,3512,0.003216523086365235,1.182948199309762,0.47510919357572395
2023-10-16,1524,1409,2933,0.0028316255884796456,0.750158819444107,0.3017625031307306
2023-10-17,1927,1812,3739,0.003628792973849745,0.9959628579703665,0.4005624189724565
2023-10-18,1763,1654,3417,0.0033593006875127927,1.032807703679301,0.4151386618842282
2023-10-19,1608,1342,2950,0.002934253180640852,0.864248328557436,0.34745988333135897
2023-10-20,966,838,1804,0.0018231330194775225,0.9802159295814233,0.39318025164425585
2023-10-21,2212,2088,4300,0.0039001200036924213,1.1542150640149853,0.4640260976082096
2023-10-22,2326,2319,4645,0.00439725068463645,1.1510115769621527,0.46304298119564297
2023-10-23,1763,1653,3416,0.0033093325948490722,1.033692008136152,0.41546240281137026
2023-10-24,2179,2079,4258,0.004203139360809765,1.0142194311982164,0.40820965609577253
2023-10-25,1673,1609,3282,0.0032238450146292127,0.9340798567850976,0.37556624972281666
2023-10-26,987,884,1871,0.0017812635993195395,0.9690392270538029,0.38868444898111293
2023-10-27,2268,2233,4501,0.004030994475943389,1.2740521710947563,0.5120394651234687
2023-10-28,3971,3772,7743,0.007376188498107634,1.4250546084606277,0.5744475564831156
2023-10-29,1126,1039,2165,0.0023483352837655553,0.9940341379726224,0.39902265635930834
2023-10-30,1873,1815,3688,0.0038589353045182457,0.8906970092015946,0.3585941648633488
2023-10-31,1365,1226,2591,0.0025687441966540147,0.8227561654452441,0.33064371269609005
2023-11-01,921,844,1765,0.0017277680942219037,0.8726103227187804,0.3500807899440453
2023-11-02,954,828,1782,0.0018288136676394777,0.9027282198765899,0.3621885761512197
2023-11-03,1262,1094,2356,0.0023294834411194554,0.7723009259302006,0.3103180604367519
2023-11-04,1570,1438,3008,0.0032363633166734803,1.013120293376831,0.40718993534073655
2023-11-05,1871,1783,3654,0.0037637521713954833,0.9633301710617392,0.387590319727533
2023-11-06,695,577,1272,0.0012856016871525043,0.8973689528338914,0.3597189421458481
2023-11-07,797,671,1468,0.0015187967322071447,0.8049510598926974,0.32289170199640327
2023-11-08,981,836,1817,0.001808322001182126,0.7121262350400706,0.2859354872167375
2023-11-09,947,827,1774,0.0017916635197166905,0.7744623302212433,0.3108599302003274
2023-11-10,1370,1158,2528,0.00250460195155326,0.8649047229309457,0.34746465034331026
2023-11-11,1233,1155,2388,0.0023268274475335025,1.2362207172243795,0.4958843833582719
2023-11-12,1392,1290,2682,0.0029256483326037825,1.1298067148641384,0.4536780749452177
2023-11-13,1942,1820,3762,0.0040649602405348735,0.8279393459283083,0.33361471451564423
2023-11-14,837,732,1569,0.0014825730901610159,1.1094226582920212,0.4446586071709051
2023-11-15,1008,931,1939,0.001996037747907036,0.8511040476408602,0.3416392417050883
2023-11-16,1151,985,2136,0.0020739768581508194,0.9037472245297511,0.36274327592679095
2023-11-17,833,735,1568,0.001600877660141022,0.7257060896693582,0.29124296246382797
2023-11-18,1810,1683,3493,0.0033854887842702853,0.9525906175300116,0.38306754028256684
2023-11-19,1205,1077,2282,0.002288818990067662,0.836828863180817,0.33610483666636737
2023-11-20,899,728,1627,0.001611989898196638,0.7438705627454503,0.2985154190370981
2023-11-21,370,220,590,0.0006115572786854981,0.6778132520214564,0.27149223517579385
2023-11-22,764,552,1316,0.0013769654450906182,0.7503037650122725,0.3009476852719634
2023-11-23,874,676,1550,0.001556691254835813,0.8178981900659024,0.32809329077926247
2023-11-24,899,693,1592,0.0015516314529134833,0.7875978559621793,0.31597012125661983
2023-11-25,1179,1032,2211,0.0022857508041667553,0.8686516189427841,0.34883209805961374
2023-11-26,621,549,1170,0.001327361796808602,0.858648404502867,0.3442557788792319
2023-11-27,2311,2154,4465,0.0049983883488974945,0.670453691195407,0.27118050948750133
2023-11-28,510,369,879,0.0008816377042370534,0.6108266447780584,0.24485964053376558
2023-11-29,483,393,876,0.0009089609705112514,0.653340568128344,0.2618816038336444
2023-11-30,1072,1047,2119,0.0021535627669662565,0.9178423055145033,0.36842905986598107
2023-12-01,463,471,934,0.0009571723085985063,0.9638617781152932,0.3861190146312764
2023-12-02,744,557,1301,0.001510977665709552,0.6475850561752148,0.25994060906951166
2023-12-03,454,370,824,0.0009143517413267888,0.8683614837980245,0.34789320456400585
2023-12-04,616,465,1081,0.0010821634748524808,0.9375560638456566,0.3756717236231742
2023-12-05,575,1457,2032,0.002163802842285257,1.757891767840575,0.7044549888416013
2023-12-06,643,559,1202,0.001231047493769039,0.90122607393112,0.3612290580687094
2023-12-07,527,304,831,0.000889642758238715,0.5156236770203618,0.20678325646308798
2023-12-08,645,551,1196,0.0013342001135888926,0.8712111364661779,0.34928497465462455
2023-12-09,854,664,1518,0.0015476215836226913,0.8874835197160285,0.35592198083658505
2023-12-10,574,472,1046,0.0010448842212896492,0.8694648258697303,0.3484128608806659
2023-12-11,545,467,1012,0.0010428892317565813,0.7002018241081482,0.28070646318231324
2023-12-12,2489,2301,4790,0.005279566914714001,0.6818377902521914,0.27590285624970495
2023-12-13,580,345,925,0.0009313988507338687,0.6441092955191222,0.25820255751808924
2023-12-14,1172,1124,2296,0.0022683955886425465,0.9446988393819111,0.37924057310595
2023-12-15,1021,901,1922,0.0019469130518701273,0.7734202102030537,0.3105362319123436
2023-12-16,786,695,1481,0.0015328596649127665,1.2196380426061226,0.4887749328413967
2023-12-17,571,458,1029,0.0011806031278695215,0.7416501086063778,0.2973684053192729
2023-12-18,537,363,900,0.0009868621772456101,0.938690711056758,0.3760684017290506
2023-12-19,1014,846,1860,0.002076986984214899,0.6813540700128032,0.2737878201956503
2023-12-20,761,607,1368,0.0013657762896201002,0.810607456812509,0.3250624484987757
2023-12-21,930,919,1849,0.001930948836887289,0.8582278623073281,0.3444497142250636
2023-12-22,739,618,1357,0.001398720922182221,0.8313379591460868,0.333374416211744
2023-12-23,444,312,756,0.0008178869649704998,0.6542047323006864,0.2621726250992569
2023-12-24,951,918,1869,0.0019846764515831254,1.0341961827472863,0.4148692789698645
2023-12-25,963,906,1869,0.0018913169356259913,1.1153653513418302,0.4472809306981077
2023-12-26,726,624,1350,0.0014382576535853708,0.8330884212379013,0.3340983230873118
2023-12-27,428,334,762,0.0007956108611664722,0.8080555947396416,0.3236996044125566
2023-12-28,719,603,1322,0.0014069911828552542,0.6977882765607349,0.27995950533400715
2023-12-29,829,773,1602,0.0016112383877545883,0.9083613439143022,0.36431128059837364
2023-12-30,1170,1141,2311,0.002318785468944395,1.065520438898157,0.4275994468406294
2023-12-31,1047,953,2000,0.002200698230815677,1.0563465485210362,0.42385903834690386
2024-01-01,940,1003,1943,0.0021004368372624866,1.0574627150061966,0.42424534810483616
2024-01-02,832,739,1571,0.00155412359415881,1.0278412600111568,0.41206897816095805
2024-01-03,773,675,1448,0.001449694955648985,0.8343779006753901,0.3346209772435454
2024-01-04,907,806,1713,0.0017553202820441813,0.9209908509651409,0.3694495325552829
2024-01-05,597,498,1095,0.0011535094380075218,0.7948142810166052,0.3186178180694466
2024-01-06,569,478,1047,0.0011593577064431186,0.8497612011801037,0.3406000950959074
2024-01-07,494,479,973,0.0010922086727336968,0.7658312396969168,0.30698782108240696
2024-01-08,510,563,1073,0.0011289429252910016,0.8976476456951838,0.3597364240332482
2024-01-09,375,165,540,0.000564424146557834,0.29823495782493786,0.11963263761790986
2024-01-10,473,460,933,0.000909468543088039,0.805145477286901,0.3226038720406132
2024-01-11,474,338,812,0.0008523591394237099,0.9830043265086152,0.39371314608710034
2024-01-12,1065,929,1994,0.0024872560181338913,0.7134462483323547,0.28687085294382225
2024-01-13,125,86,211,0.0002627703230029455,0.7283500590318773,0.29149768580655266
2024-01-14,290,199,489,0.0005463105158480401,0.5757608639030362,0.2306321318707233
2024-01-15,496,297,793,0.0008162782179898339,0.4910001420813615,0.1968898237633385
2024-01-16,414,256,670,0.0007038678113172712,0.46891349147928096,0.18798771727850278
2024-01-17,484,275,759,0.0008065632788701191,0.6004749795434388,0.24067392978469757
2024-01-18,490,314,804,0.0008904783277151234,0.5443961907540721,0.21829276329825792
2024-01-19,552,578,1130,0.007754084741068956,2.6998191681735983,1.0845801181140808
2024-01-20,446,344,790,0.0009436187780136825,0.6335744960377313,0.25399596968190075
2024-01-21,825,732,1557,0.0017578115832508016,0.7595443977044941,0.3048724460317482
2024-01-22,526,403,929,0.0010208919074954589,0.651201224850095,0.26109302508453525
2024-01-23,242,137,379,0.000513861964983538,0.6621089984815475,0.26515191657160914
2024-01-24,460,324,784,0.0007531700276092411,0.5423885491926584,0.21740732169362892
2024-01-25,545,350,895,0.0008555946382736002,0.6063575354993265,0.2430563709826948
2024-01-26,517,338,855,0.0008276478437098764,0.5497874481563978,0.22041156796878505
2024-01-27,592,512,1104,0.0012046524508446412,0.8217340733184333,0.32941642079788014
2024-01-28,599,538,1137,0.0013619999496488004,0.832661640877819,0.3338818563209169
2024-01-29,1327,1173,2500,0.002815471245269085,0.6760481830301848,0.2721085559592354
2024-01-30,533,441,974,0.0009681954711032529,0.8466622547492993,0.3392458191823817
2024-01-31,669,548,1217,0.0012270200029823402,0.6471175379992365,0.259583227201484
2024-02-01,466,476,942,0.0009999046628925278,1.127698184302572,0.45167921651876436
2024-02-02,761,629,1390,0.0013459690162412239,0.8415890089097383,0.33744318497364006
2024-02-03,1363,1271,2634,0.002652550044019724,0.8540096594665235,0.3431953938130212
2024-02-04,1230,1129,2359,0.002746636236022116,0.860692027729107,0.34592479283325617
2024-02-05,551,380,931,0.0009223952452974884,0.5184479979191993,0.2079326363148582
2024-02-06,647,565,1212,0.0011647417205597277,0.8901284951784951,0.3567502431037339
2024-02-07,661,571,1232,0.0012231145573709961,0.7943469357918642,0.3184726430511683
2024-02-08,649,520,1169,0.00113872619731583,0.8177350984677579,0.32777727510549265
2024-02-09,1068,892,1960,0.002051024646912213,0.7110679646978204,0.2856578006672755
2024-02-10,1672,1541,3213,0.0031085571863749654,0.9636633172319293,0.38733046120459674
2024-02-11,734,649,1383,0.0014038301770231984,1.1221821079108958,0.44971514127057227
2024-02-12,673,505,1178,0.001225312427195562,0.7274637491555872,0.2917206871185522
2024-02-13,908,742,1650,0.0016882176256310846,0.8228918664264484,0.330169677145958
2024-02-14,1477,1292,2769,0.0027920491698252025,0.6910886281582485,0.2781106807651945
2024-02-15,523,360,883,0.0008712694118398909,0.558835954141384,0.22405714330365756
2024-02-16,538,416,954,0.0009791510068441667,0.8161309948064985,0.32703988852670596
2024-02-17,794,723,1517,0.001652509862850761,0.9349803412080149,0.3749836424009164
2024-02-18,598,520,1118,0.0012426718736065412,0.8209598752342119,0.3291295532178487
2024-02-19,910,813,1723,0.0018547717100972833,0.8033586673624075,0.3224563299710214
2024-02-20,924,733,1657,0.0017517022501791263,0.81002309253802,0.3250602583653155
2024-02-21,806,703,1509,0.001467126590320426,0.8211265318077793,0.32933088867730403
2024-02-22,782,627,1409,0.0013046988661406266,0.8905445469109422,0.3570006380840613
2024-02-23,892,733,1625,0.00153795940974008,0.9634989794286012,0.3863223674172846
2024-02-24,770,643,1413,0.0014357838229341966,0.8439443656768951,0.3384392165645186
2024-02-25,769,770,1539,0.0016774791052839456,1.1071364536404436,0.4438610689193478
2024-02-26,1170,1059,2229,0.0023049229917133543,0.8336088605497224,0.334826498014917
2024-02-27,1216,1089,2305,0.0023125855077974844,0.7407781210744855,0.29769879973447266
2024-02-28,561,519,1080,0.0010810983533221141,0.9191189014195851,0.3682962195798273
2024-02-29,667,516,1183,0.0011352159251958884,0.7552364746664906,0.3027757194217138
2024-03-01,1145,1055,2200,0.0021066582268465407,0.7856255896269217,0.3155142307868766
2024-03-02,824,781,1605,0.0016402871567645868,1.0438317479054289,0.41851687145623034
2024-03-03,921,918,1839,0.0018598474358651595,1.0182717898335654,0.4084246243949453
2024-03-04,1383,2245,3628,0.0036245459136299216,1.1140285936467726,0.447786165006887
2024-03-05,945,851,1796,0.001814741152874634,0.8476610446640213,0.3401532625573333
2024-03-06,837,596,1433,0.0016123051504583453,0.6727102180580455,0.27005147031349325
2024-03-07,1438,1217,2655,0.002519687496343333,0.8484621607206121,0.34089667678605085
2024-03-08,993,823,1816,0.0017528967446489992,0.9367731343671517,0.37576099179365013
2024-03-09,460,418,878,0.0010162400601337184,0.9213380457077937,0.3691449623191977
2024-03-10,520,509,1029,0.0010615711252653928,1.048096749128368,0.4198756423265065
2024-03-11,1230,1129,2359,0.002405318765052911,1.0096742602401665,0.4053128953550984
2024-03-12,1345,1242,2587,0.0024894172567947147,0.955891508821841,0.3838502538828133
2024-03-13,3113,3086,6199,0.005730425801043358,1.627234852954657,0.6543321966624888
2024-03-14,769,666,1435,0.0013917849055989054,1.0424374093400464,0.41781003467937794
2024-03-15,1121,945,2066,0.0020342254874810626,0.8078811875556123,0.3243730103147336
2024-03-16,1244,1183,2427,0.002556208460260316,1.0636169729796683,0.4269805142680235
2024-03-17,833,723,1556,0.0016407098240385418,0.8411064406852955,0.3374270021685414
2024-03-18,822,726,1548,0.001554593288185091,1.106721616570229,0.44362140260100263
2024-03-19,679,473,1152,0.001238247431572926,0.5479212822725759,0.21991146136797413
2024-03-20,765,671,1436,0.0014146244683533316,0.7440512674068893,0.29846928164376774
2024-03-21,813,616,1429,0.001501145090178599,0.9252182139014289,0.37098797261467875
2024-03-22,558,531,1089,0.001108808155635558,0.956740643700662,0.38336154237364617
2024-03-23,963,940,1903,0.001957693372813838,1.0593239337672669,0.42490418953059506
2024-03-24,1216,1109,2325,0.0026135419551370814,1.0038955092080544,0.403126328856304
2024-03-25,1176,972,2148,0.002183983283401727,0.7294255266007709,0.2930806006103494
2024-03-26,816,729,1545,0.0016020925643865965,1.4725434761985536,0.5899786460180534
2024-03-27,1228,1112,2340,0.0022125274493819745,1.0401414111084564,0.4173840809130117
2024-03-28,1568,1430,2998,0.002895913280848202,1.0505188035650548,0.42194506939453086
2024-03-29,2119,2028,4147,0.003863764828169634,1.1390752682266467,0.45794836618756046
2024-03-30,2624,2552,5176,0.005200612507534168,1.0713631944351794,0.4316656452785923
2024-03-31,2469,2433,4902,0.004516978900806095,1.1362582500359353,0.4572134873548578
2024-04-01,1691,1813,3504,0.0036064046725913243,1.1593787723587807,0.46591535174706705
2024-04-02,722,601,1323,0.0014573525339241207,0.7293742317305498,0.29262410421257445
2024-04-03,559,442,1001,0.0010308009477214685,0.6656347551248978,0.266872382618592
2024-04-04,553,360,913,0.0008884888765808179,0.6215532942863796,0.24915441104050035
2024-04-05,1145,1017,2162,0.002198669049956782,0.806599281007992,0.3239589138331709
2024-04-06,2682,2681,5363,0.005160288788950819,1.215434605415216,0.4892700154394569
2024-04-07,3356,3290,6646,0.006321348349179975,1.3257439481850388,0.5340903882835235
2024-04-08,1182,1195,2377,0.0022164143512108064,1.1786447159345264,0.472787734984537
2024-04-09,1382,1203,2585,0.0025244923924080606,0.8480655143425614,0.3407409011724694
2024-04-10,2083,2047,4130,0.004015508169482138,0.9045510454612706,0.36422972308619755
2024-04-11,720,519,1239,0.001384657989476599,0.5615334045820034,0.2254441566264873
2024-04-12,596,511,1107,0.0011098566346420128,0.9079411953054487,0.3638423921029647
2024-04-13,1600,1522,3122,0.002932782547155297,1.0281076907296576,0.41300274582015617
2024-04-14,2266,2231,4497,0.004577637980135324,1.3418622601441497,0.5394914868457411
2024-04-15,2033,1911,3944,0.003946275270008308,0.8904288470127737,0.3585393039671145
2024-04-16,1969,1721,3690,0.003528927650644939,0.9116488782195727,0.3667769078782161
2024-04-17,645,459,1104,0.001125034616449737,0.7300692789961057,0.2927027323683122
2024-04-18,1220,1152,2372,0.002276773351267951,1.0714784647541353,0.42995744991241497
2024-04-19,1333,1232,2565,0.002504424885314197,0.9397751746043554,0.37741272477293075
2024-04-20,1543,1484,3027,0.0030126492579862184,1.1287782930312715,0.4533189067673003
2024-04-21,2185,2090,4275,0.004220196741839549,1.0204253178678115,0.4107022451922283
2024-04-22,2344,2150,4494,0.004192858199641127,0.885236886872159,0.35661046966864834
2024-04-23,1088,920,2008,0.0019751738967533844,0.8940699597638054,0.3588130882435743
2024-04-24,1610,1491,3101,0.0029545871183902085,0.9710025140429646,0.39017375788822
2024-04-25,2029,1926,3955,0.003787332134596558,0.9677707491473706,0.3893806989397062
2024-04-26,2590,2406,4996,0.004668952933009109,0.9601133854437437,0.386846725937303
2024-04-27,1313,1316,2629,0.0025309569964790126,0.981608065888408,0.3941618005532506
2024-04-28,2225,2133,4358,0.00395366011261885,1.1286127116232543,0.453817280716873
2024-04-29,1871,1684,3555,0.003397287630518642,0.9013454171737654,0.36257653944781737
2024-04-30,1179,1199,2378,0.0022495816772693765,1.0853228232684886,0.4354788783137571
2024-05-01,2496,2567,5063,0.0047324954571837195,1.1638318525649383,0.4683722383002856
2024-05-02,3645,3651,7296,0.006946367580540939,1.2106164688348935,0.48841440808228204
2024-05-03,1576,1777,3353,0.003025939259669528,1.387707496534565,0.5568985621696277
2024-05-04,6020,5927,11947,0.010269835225699252,1.4177783278933513,0.5732732322927602
2024-05-05,1867,1772,3639,0.0036357453532506884,1.0817561509247577,0.4348839075818535
2024-05-06,3389,3504,6893,0.006210008890961827,1.2326780710379563,0.49679723374975965
2024-05-07,3078,3119,6197,0.005889604295516785,1.2034775001870957,0.4849247626521483
2024-05-08,2610,2497,5107,0.00484149512292686,1.2188055919606529,0.4904271338580173
2024-05-09,1850,1827,3677,0.003418018763064153,1.5071511337731738,0.604911264767108
2024-05-10,2317,2376,4693,0.0045069642446203114,1.3550703026803772,0.544732299618923
2024-05-11,3483,3525,7008,0.006231860081209292,1.7707734291093669,0.7120484876924722
2024-05-12,6140,5730,11870,0.0104665942384026,1.7189506562937806,0.693860219060554
2024-05-13,1727,1799,3526,0.003274810984700478,1.3385856564186154,0.5373991491582665
2024-05-14,1693,1605,3298,0.0030163090257247,1.200035444823913,0.481823963345
2024-05-15,2270,2466,4736,0.0042450698887901,1.3731597741710269,0.5518109516016848
2024-05-16,3265,3289,6554,0.005674468659405684,1.2847726738724565,0.517313750744626
2024-05-17,2092,3185,5277,0.004867821296788342,3.052411756750159,1.2238853954781368
2024-05-18,11046,11637,22683,0.018626122562012896,4.4629865269461515,1.7963702843156684
2024-05-19,16516,16742,33258,0.0249584602603157,5.0434733743975855,2.0323644259152234
2024-05-20,15707,14588,30295,0.023764979481886158,2.98523937042153,1.2083547358577436
2024-05-21,3674,3610,7284,0.00656619393957061,1.16043401903311,0.46811332397698635
2024-05-22,2647,2854,5501,0.005220352933936429,1.3619769552154277,0.5479229938465329
2024-05-23,4030,4263,8293,0.007387240286714117,1.3260476125873173,0.5348513892069554
2024-05-24,5291,6097,11388,0.009429854560863225,2.45935539616226,0.9894000712014219
2024-05-25,4304,4061,8365,0.006664874124928352,1.6147890146918593,0.6499145303517007
2024-05-26,12607,12229,24836,0.02449459983384104,1.3399182898478992,0.5506640758394643
2024-05-27,1976,2386,4362,0.00395735253392412,1.592812725941077,0.6394995018967853
2024-05-28,1738,2421,4159,0.0038751455787680716,1.6859422034392892,0.6767019687229766
2024-05-29,4195,4091,8286,0.007285431267707645,1.6476544069020849,0.6634330215214586
2024-05-30,4051,3929,7980,0.007105813045995821,2.036366741785163,0.8188101845416629
2024-05-31,5052,5791,10843,0.009314421212960399,2.3556561642418705,0.9478511184245246
2024-06-01,11468,10799,22267,0.018067343248570546,2.8715127343213847,1.1594454996776962
2024-06-02,3511,3384,6895,0.006130258553410035,2.238417520408314,0.8990451632953715
2024-06-03,4526,4868,9394,0.008377180836333426,1.7738686382181108,0.7145737637890445
2024-06-04,4510,4642,9152,0.00805409397212222,1.5010946529776805,0.6052703175743456
2024-06-05,3838,3362,7200,0.006240600976622066,1.3342730255701747,0.5374535708140431
2024-06-06,4075,4660,8735,0.0078879957439986,1.7286436404615397,0.6961902536310149
2024-06-07,2664,3488,6152,0.0051249231683676575,3.027145666968185,1.2139332206882947
2024-06-08,9781,9330,19111,0.015496766416342221,2.4361800986592965,0.9837700993135241
2024-06-09,4495,4586,9081,0.008313486568817502,1.7183569813746336,0.692330884491144
2024-06-10,3640,4072,7712,0.007049755377088526,1.6326110987463978,0.6572742927248122
2024-06-11,4039,4387,8426,0.007409695446250417,2.085741591446887,0.8387424538465053
2024-06-12,5653,5502,11155,0.009584429520908336,1.9433565324604423,0.783093270696722
2024-06-13,5324,6063,11387,0.009544852787215216,2.2488745435984097,0.905276729111693
2024-06-14,6311,8983,15294,0.01238780197761741,6.914622338896702,2.773281616745252
2024-06-15,16967,14695,31662,0.02325046989989217,6.473184467186128,2.6032240688143866
2024-06-16,13461,11349,24810,0.018400318024673713,4.904084415943639,1.9726739571922598
2024-06-17,7425,7231,14656,0.01261423428413182,2.1074360115614255,0.8505429451950495
2024-06-18,5791,5743,11534,0.00955163773343165,1.92239772706222,0.7746900734649469
2024-06-19,10965,11224,22189,0.01800381188199456,1.9351022177240522,0.7848431742188178
2024-06-20,4853,4869,9722,0.00867209500552065,1.4640318019122254,0.5908159777682025
2024-06-21,6029,6185,12214,0.010243091907518355,1.6966953501072697,0.684823995187419
2024-06-22,7082,6616,13698,0.010958118926020622,2.5003161261934177,1.0067013218329794
2024-06-23,6783,7031,13814,0.011737968005853172,1.9518736934740577,0.787792258193135
2024-06-24,8144,8198,16342,0.013898718251159863,1.7394140167296643,0.7041048376425617
2024-06-25,5539,5402,10941,0.008948352256992522,1.9253766696153825,0.7755196792003486
2024-06-26,4688,5349,10037,0.0085096635452031,2.2595860844593485,0.9089402319108613
2024-06-27,7621,7882,15503,0.01286230493839106,2.2796448570054686,0.9195753257652222
2024-06-28,8895,8565,17460,0.014321319776872257,1.7840013984921737,0.7221933512629929
2024-06-29,2768,4531,7299,0.006327361192418384,3.6473568843335467,1.4627391704488697
2024-06-30,16089,15800,31889,0.02530740998927288,4.978640443657114,2.00664062345641
2024-07-01,18440,17363,35803,0.026873652968586324,3.2146005913234954,1.30196442831055
2024-07-02,7710,8317,16027,0.01329938974952705,6.384803126023328,2.561900884259047
2024-07-03,6386,7403,13789,0.011716599827003224,2.5116630089092946,1.01169516345992
2024-07-04,10047,10302,20349,0.017111502117513562,2.723822182759291,1.0997957743742246
2024-07-05,9572,10247,19819,0.016664021181890025,3.811955960577561,1.5347807969401586
2024-07-06,16344,15798,32142,0.025508742444064588,4.535535970757613,1.8295196337694843
2024-07-07,16073,15305,31378,0.02461701618791068,3.6246184273494673,1.4646175806525334
2024-07-08,8920,8868,17788,0.01532470229853226,2.4500896842278754,0.9892306950702696
2024-07-09,6740,6792,13532,0.011496934948425764,1.7135243401970048,0.6923078970478574
2024-07-10,1447,2608,4055,0.0035767334299596832,3.9374659931001896,1.5771324372980517
2024-07-11,6719,8190,14909,0.012518490249981426,2.883089777801278,1.1607470052705
2024-07-12,13571,16110,29681,0.023824972789860437,6.026762765338962,2.425000089809501
2024-07-13,19539,19681,39220,0.029445053158826295,11.850487869439508,4.7578621796711
2024-07-14,13490,12256,25746,0.020657165122075313,6.3876188273073415,2.5674418299961825
2024-07-15,3603,4077,7680,0.006836074476617262,2.6657859137734157,1.0704160101953366
2024-07-16,2190,3422,5612,0.004556184146325381,4.515161139539455,1.8087981663035773
2024-07-17,8495,9029,17524,0.01437406865266184,3.452949795872096,1.3898043595404357
2024-07-18,9334,10034,19368,0.016086222486178442,3.5882850238185102,1.4449657430191112
2024-07-19,11378,11857,23235,0.018420725942761104,3.9112384876428723,1.5755478306228057
2024-07-20,17790,16725,34515,0.027397129460747332,4.552424064501306,1.837407903476971
2024-07-21,13850,12745,26595,0.020854050754009215,3.530332760392632,1.4246455346094584
2024-07-22,8956,9191,18147,0.014711583885839022,2.5392044654640236,1.024508736517113
2024-07-23,8938,8736,17674,0.015226045416782056,2.3916259270124502,0.9657859980550494
2024-07-24,3646,4606,8252,0.007255252824347258,3.1939523673825714,1.2819340986476369
2024-07-25,10723,10657,21380,0.0177644946999296,2.675645063876558,1.0809167223705811
2024-07-26,11820,11875,23695,0.018786784951473307,3.184802987219741,1.2851932658587804
2024-07-27,17727,16715,34442,0.026134278349731133,5.342252078394288,2.1525813983675537
2024-07-28,15256,14682,29938,0.022960706483276406,5.850265841489938,2.353882760485941
2024-07-29,9465,9204,18669,0.01629164052175315,2.0363627202328067,0.8243200724061747
2024-07-30,5010,5571,10581,0.009322476194533797,2.3830080218772585,0.9587966944676236
2024-07-31,8994,9041,18035,0.015538458875657713,2.6151613053327343,1.0553875974584883
2024-08-01,8022,8222,16244,0.013480396245741759,2.3091714001289194,0.931756797799013
2024-08-02,6402,7102,13504,0.011765211081470472,3.3407483723379667,1.3433584755840688
2024-08-03,12525,12684,25209,0.021477583925659252,4.065255698263779,1.638988829660907
2024-08-04,17485,16444,33929,0.02574398738896108,3.5080744867147193,1.4186761871192644
2024-08-05,15098,14828,29926,0.02430563474351247,2.581688743133248,1.0472588780994065
2024-08-06,3406,4787,8193,0.007493769039047355,2.889054815857139,1.1601181877662843
2024-08-07,12020,12052,24072,0.021026645026273445,2.832465369268582,1.145602134723197
2024-08-08,9112,8057,17169,0.014789012738853502,2.431187470188536,0.9813483957187266
2024-08-09,4201,5571,9772,0.008604406762811637,3.0368482427224825,1.2199019411466803
2024-08-10,16951,15456,32407,0.025140099384216144,3.893642525924134,1.5725410700001834
2024-08-11,8010,8020,16030,0.013632043379112519,2.8625439509508723,1.1531968064078164
2024-08-12,8182,8775,16957,0.01517729017036688,3.7894611418353255,1.5248908308363502
2024-08-13,9319,9794,19113,0.01647137219606757,2.470499342060104,0.9980825601416822
2024-08-14,11299,10893,22192,0.018221439780564678,3.501506538848968,1.4115354794079262
2024-08-15,11149,10752,21901,0.017561810488623264,2.80079378033982,1.130854598429102
2024-08-16,7946,8294,16240,0.013315794332133297,2.552884548737097,1.0291432960941187
2024-08-17,5785,5657,11442,0.009250329874403374,2.5028614609920354,1.006694782321456
2024-08-18,6522,5957,12479,0.009861311382525297,2.0562428492934277,0.8284139265468863
2024-08-19,5712,5944,11656,0.00965340175434499,2.2505867146190646,0.9060267269002331
2024-08-20,7496,7858,15354,0.013054247823009938,1.8474416215715115,0.7468091973224107
2024-08-21,8749,9626,18375,0.015444846708228923,2.835703610862248,1.1435483523698364
2024-08-22,9509,9742,19251,0.016184456707485934,2.774531188109252,1.1195231492681925
2024-08-23,10283,10375,20658,0.016957115163983065,2.6106409069988707,1.0544306318979384
2024-08-24,16320,15132,31452,0.024959653930996285,5.311726514387495,2.1396663981135964
2024-08-25,13474,13092,26566,0.021317292768221134,3.2307240904650887,1.3050800118469683
2024-08-26,9665,9545,19210,0.015395464762064236,2.9467816619337093,1.1879499436307221
2024-08-27,9137,9415,18552,0.016189105721266594,2.7061073763178363,1.0921564139598945
2024-08-28,6766,6812,13578,0.011121770779760256,2.978493262592434,1.1980703675048299
2024-08-29,9211,9101,18312,0.01577817779008585,2.6578377022506965,1.0726019875743302
2024-08-30,9501,9621,19122,0.015505725968038835,3.1415525733098977,1.2659244649047825
2024-08-31,13731,13717,27448,0.02368457490999723,4.588991853708237,1.8498074864292928
2024-09-01,17097,16355,33452,0.026248709750509806,3.6950791684467963,1.4937808932290244
2024-09-02,11322,10698,22020,0.018079677176880166,2.404015628354602,0.972454057647969
2024-09-03,3275,3248,6523,0.006475784539189834,1.2166485525084691,0.4905448917269015
2024-09-04,3466,3889,7355,0.006811955960391297,1.3888751612932406,0.559637238093531
2024-09-05,4518,4452,8970,0.007791768471162306,1.5881670860213977,0.6399418954912566
2024-09-06,1255,1585,2840,0.0025878135127650496,1.6056094466284088,0.6437964667590226
2024-09-07,9137,9716,18853,0.016452891831920047,2.6944914640540474,1.0876683207207711
2024-09-08,6853,5245,12098,0.010022087797326109,1.6655886316832311,0.6722487053516881
2024-09-09,1750,2055,3805,0.0035394134361141564,1.2588986457590925,0.5056831063653056
2024-09-10,3164,3177,6341,0.0058632781216553026,1.0225853659593247,0.4125521132567231
2024-09-11,3258,3107,6365,0.005653720414174582,1.1491756342318427,0.4630624859412418
2024-09-12,4127,4063,8190,0.007391522978034951,1.1957617859184944,0.4827396281542188
2024-09-13,4295,4889,9184,0.008188363837768435,1.9467821519550597,0.783625879084685
2024-09-14,10430,9647,20077,0.01609342899280622,2.6866196593908254,1.0843039211520138
2024-09-15,9022,8312,17334,0.015121692157227038,1.9283975732384355,0.7804320445897105
2024-09-16,4029,4063,8092,0.007302248976081855,1.5124677975034662,0.6093684683870356
2024-09-17,3091,2976,6067,0.005684684923919682,1.2823100451911216,0.5163348290308004
2024-09-18,3307,3265,6572,0.005917590986605255,1.2257259482811727,0.4938409339044322
2024-09-19,3883,3666,7549,0.0068992892088987345,1.278099352972805,0.5153793147144613
2024-09-20,4289,4246,8535,0.007604829399346154,1.954365478572189,0.7863090890684833
2024-09-21,7105,6900,14005,0.011473704685418893,2.1775860606667,0.8779186470779313
2024-09-22,6964,6398,13362,0.011944922980647157,1.6890475880614173,0.6827859890129552
2024-09-23,1675,1567,3242,0.0030481707129450136,0.8869878471913737,0.3566240413043165
2024-09-24,1187,950,2137,0.0020145798635624323,0.9081457021353821,0.36446702877229037
2024-09-25,1648,1796,3444,0.0031970425222778193,1.082032232665372,0.4347311185795156
2024-09-26,3696,3637,7333,0.006791373206493672,1.177935016497341,0.4752488305228326
2024-09-27,3665,3812,7477,0.006742009065865994,1.5630686066014152,0.6292726480800858
2024-09-28,6107,5640,11747,0.010357419281540024,1.8698081560420587,0.7541377139857476
2024-09-29,6313,6036,12349,0.011034105744712225,1.3469226221891235,0.5453895123224767
2024-09-30,3977,3844,7821,0.0070553790319054345,1.2009797002186502,0.48462510750660337
2024-10-01,1742,1810,3552,0.0031244717619683003,1.2378419663066222,0.49701146957983
2024-10-02,2426,2275,4701,0.00451476513470187,1.2270223023219358,0.4935177800095955
2024-10-03,3072,2987,6059,0.005677097756854057,1.1093489049616458,0.4471458206387708
2024-10-04,2592,2721,5313,0.004835225699252285,1.466749867982541,0.5896010826125678
2024-10-05,6241,5802,12043,0.010901448789517409,1.2503102831641986,0.50666498253939
2024-10-06,2779,2610,5389,0.005337956886967759,1.0823298383282527,0.43613470946348176
2024-10-07,2178,2124,4302,0.0041856232939035485,1.0507621237471494,0.422816223475202
2024-10-08,1807,1819,3626,0.0034174128434721067,1.033214863607966,0.41533639314926973
2024-10-09,1543,1449,2992,0.002889979032321874,0.9605832322165806,0.3859672803060254
2024-10-10,2060,1990,4050,0.0037198649771344318,1.0967691622281384,0.44093958387753596
2024-10-11,3528,3468,6996,0.006303837688932939,1.3757434612916,0.5540796871299998
2024-10-12,5270,5040,10310,0.008853157020216006,1.2432968769302497,0.5026306449842295
2024-10-13,2313,2153,4466,0.003999110903817283,1.3576657742206937,0.5454657762305678
2024-10-14,2629,2561,5190,0.004991594540937121,1.0837921860575934,0.43651183114759967
2024-10-15,1625,1541,3166,0.0033029418656668726,0.8794698394200817,0.3537697008874328
2024-10-16,1559,1450,3009,0.002824125357703314,1.0535552737749676,0.4231165847246091
2024-10-17,2067,1989,4056,0.003830887104218591,1.3738125947891977,0.5518235701782104
2024-10-18,2559,2471,5030,0.004905645448431381,1.2646106666012746,0.5087876539095687
2024-10-19,4550,4428,8978,0.008810380978755389,1.26082820888458,0.5096175121410853
2024-10-20,4102,4067,8169,0.008247878215257302,1.5021219802477344,0.6057975190282482
2024-10-21,3082,2915,5997,0.005618297212095462,1.1239933639637605,0.4529683239127615
2024-10-22,2853,2722,5575,0.0052180741493837324,0.8635250422863916,0.3485408614041869
2024-10-23,1651,1600,3251,0.0032407105739000112,1.0211388961119325,0.41039998478911305
2024-10-24,1799,1540,3339,0.0030546677943520924,0.8803779597173813,0.35398398456356384
2024-10-25,1326,1217,2543,0.002445899434268307,1.1046744188882405,0.4433373072158572
2024-10-26,2773,2570,5343,0.005140786563746924,1.119278582566845,0.4507959049649862
2024-10-27,2337,2176,4513,0.0040967414381980986,1.1433238300830506,0.4597875768961391
2024-10-28,1346,1210,2556,0.0024953945071219583,1.0032138896205454,0.4027827925524914
2024-10-29,781,671,1452,0.0014773235626184948,0.957658780551155,0.3839499063580331
2024-10-30,2002,1980,3982,0.003813660138621817,1.10869942580899,0.445767966406769
2024-10-31,1807,1609,3416,0.0034087021682115103,1.0071512316478182,0.40490571396005426
2024-11-01,1145,1065,2210,0.002085762985556652,0.8893217991369079,0.3569801774460972
2024-11-02,2261,2126,4387,0.004397307247462818,1.045840440127254,0.42097456039937936
2024-11-03,1743,1605,3348,0.003730631812630805,0.9086972388799186,0.3657172746395459
2024-11-04,1016,885,1901,0.0019555631297531045,0.7573740114800259,0.3041229424698622
2024-11-05,1570,1338,2908,0.0029812106106761327,0.7703328679524822,0.3099218735473986
2024-11-06,1409,1213,2622,0.002561617280531709,0.7348669454504055,0.29548374854848125
2024-11-07,1358,1228,2586,0.002563653542280939,0.8446771458026016,0.3394090504464092
2024-11-08,1352,1246,2598,0.002537536272019072,0.8923154690056163,0.35844870936545803
2024-11-09,2164,2034,4198,0.004268673249647636,1.0123474724589587,0.40750019293337214
2024-11-10,533,440,973,0.001000030770177544,0.8894675307993076,0.35638703078182954
2024-11-11,961,818,1779,0.0018552253530877874,0.7538291026184384,0.30264477625922803
2024-11-12,1167,945,2112,0.0020498958496381827,0.713608305219497,0.2866732595975818
2024-11-13,3673,3514,7187,0.0078288123151042,0.9302295895963785,0.37678912322761393
2024-11-14,675,563,1238,0.0013131917706649039,0.9991886377312207,0.4004633701548872
2024-11-15,992,806,1798,0.0018458556121253434,0.7738885780810145,0.310662944599681
2024-11-16,1445,1316,2761,0.0027837825549626555,0.894825049135325,0.3596002891871076
2024-11-17,997,959,1956,0.0020466975906950984,1.0416733715550985,0.41789736717645654
2024-11-18,1392,1215,2607,0.0026654666297424535,0.6970046885726039,0.2804011554068871
2024-11-19,757,544,1301,0.001431967137450383,0.8108181872008765,0.32518645516282085
2024-11-20,839,637,1476,0.0015274508446413736,0.6736976347256803,0.270395524397057
2024-11-21,669,480,1149,0.001118059660159463,0.6853558589374311,0.2748131793710682
2024-11-22,791,668,1459,0.0015090608557186374,0.9535355991899362,0.3823196761894057
2024-11-23,941,911,1852,0.0019341941290501245,0.9793359799761819,0.39289490846790287
2024-11-24,854,816,1670,0.001890410187327798,0.851960106203885,0.3419182885939507
2024-11-25,832,694,1526,0.0015561425558656243,0.7226953058963451,0.29001180789205744
2024-11-26,782,655,1437,0.0013938211673481355,0.9239508762526665,0.3704166432014755
2024-11-27,899,716,1615,0.001677816048186098,0.7637541798894093,0.30650836158467537
2024-11-28,967,857,1824,0.0017609237474865446,0.8987543611471348,0.36055829870734585
2024-11-29,793,688,1481,0.0014843114053858999,0.815232142722746,0.32698344393233
2024-11-30,714,636,1350,0.001325758358580953,0.9551243771343016,0.3828452058688692
2024-12-01,571,492,1063,0.0011996390339861916,0.7944242985484459,0.31848950283977007
2024-12-02,763,735,1498,0.0016035232845874167,0.9657020999832031,0.3872429539640337
2024-12-03,650,584,1234,0.0012656639435059541,0.7821816393369703,0.3136320541008917
2024-12-04,560,452,1012,0.0011182873423484737,0.9476560389539058,0.37973338798697137
2024-12-05,714,607,1321,0.0013164740733281302,0.6855359909239651,0.27500428081358297
2024-12-06,682,596,1278,0.0012319383582843272,0.7686401089376977,0.30819520659004973
2024-12-07,625,523,1148,0.0011923443798270716,0.8292246811507289,0.33240527908818784
2024-12-08,686,587,1273,0.0012661228737107994,0.9743240743149125,0.3904893034501915
2024-12-09,538,366,904,0.0010687042118778481,0.6392152671568212,0.2563273293898552
2024-12-10,574,595,1169,0.0011953492799778454,0.8508222446805622,0.34104610744021163
2024-12-11,599,498,1097,0.0011174622680697867,0.6915162642613686,0.27727698306538934
2024-12-12,524,333,857,0.0008297458103605985,0.5729722272870995,0.2296867384010562
2024-12-13,646,408,1054,0.0010709464137358073,0.4781119986845909,0.19188736732207787
2024-12-14,648,505,1153,0.001158852225038877,0.6998983956136591,0.280654669580487
2024-12-15,417,327,744,0.0008038056972809072,0.7170602495829332,0.2873063832515419
2024-12-16,616,511,1127,0.001131159065249345,0.8404298570726744,0.3368506382682193
2024-12-17,728,601,1329,0.0013912515989502974,0.9614702524366391,0.3854228519340258
2024-12-18,636,494,1130,0.001116118258184168,0.6675264161248908,0.2676802374048668
2024-12-19,834,771,1605,0.001589256707324634,0.9363921118544639,0.37551039876618036
2024-12-20,582,397,979,0.0010239769164113238,0.5461731860543405,0.21908366057158302
2024-12-21,638,532,1170,0.0011580775911986102,0.8413247543285539,0.33722474828614074
2024-12-22,517,399,916,0.0010241694439404503,0.714501294148018,0.2864150193255715
2024-12-23,441,386,827,0.0009012011321339222,0.7224919785992003,0.2895375121189605
2024-12-24,558,510,1068,0.0011631127111603435,0.9124039998382394,0.36565946756199197
2024-12-25,730,645,1375,0.001441802604915316,0.9192612570326834,0.3685695843760226
2024-12-26,713,645,1358,0.0014231207114065048,0.8304487135201107,0.33303335783488824
2024-12-27,807,650,1457,0.0015068973276100802,0.8011227749491797,0.32135324837623797
2024-12-28,1237,1100,2337,0.002627388535031847,0.7857187089597143,0.3158639167049048
2024-12-29,310,255,565,0.0005720226448329557,0.8688951551117211,0.34790127563158824
2024-12-30,818,757,1575,0.001534323228045026,0.9177412331655691,0.3680170872030547
2024-12-31,981,863,1844,0.0017288722643253596,0.9845204172440692,0.39484549025622295
2025-01-01,829,878,1707,0.0018066489957932772,1.171740552811518,0.46978021052208313
2025-01-02,708,668,1376,0.0013963743263106319,0.98741349642211,0.3958032231646304
2025-01-03,754,575,1329,0.0012838630328896997,0.849890521926368,0.340726526590281
2025-01-04,586,506,1092,0.0011308040247392228,0.8621442918824367,0.34553619916781825
2025-01-05,459,413,872,0.0009540058859698943,0.7589742987320066,0.3041621230243846
2025-01-06,581,445,1026,0.0011146496815286624,0.5265921123516981,0.21130563474959643
2025-01-07,612,381,993,0.0010765715868180559,0.5359086654654661,0.21500940913827726
2025-01-08,567,367,934,0.0009908249383713697,0.4662647410419605,0.18710039137980702
2025-01-09,595,481,1076,0.0010594731586146707,0.6232381631337339,0.24993094914866237
2025-01-10,650,501,1151,0.0011381469080167502,0.6439894491030854,0.25827866778604425
2025-01-11,592,526,1118,0.0013641445377806497,0.8871207641091243,0.3556667923663181
2025-01-12,453,385,838,0.0009486121840186176,0.7819880952302968,0.31336440540252997
2025-01-13,587,470,1057,0.001056600558123682,0.6584494916899023,0.26401375701083507
2025-01-14,553,402,955,0.0009802499417564496,0.6695614691387672,0.2684127376205608
2025-01-15,450,272,722,0.0007779900398499876,0.8043326358446787,0.32219984836178145
2025-01-16,530,513,1043,0.0010590470091387427,1.0029947239454302,0.40183331778365533
2025-01-17,580,464,1044,0.001078055148949638,0.8074819235600695,0.32363960251339763
2025-01-18,459,399,858,0.0009549365444666202,0.7593228232747289,0.30430209123657154
2025-01-19,485,411,896,0.0010190596957639182,0.951427348116366,0.38118237506400476
2025-01-20,455,265,720,0.0007347620621577438,0.5023744829049334,0.201390650399268
2025-01-21,629,502,1131,0.0011354195513708113,0.611157514550227,0.24514425755091335
2025-01-22,546,378,924,0.0009625606346200231,0.4846758147521754,0.19444786228164218
2025-01-23,614,474,1088,0.0011456928203249926,0.7323371309178555,0.29362226805933717
2025-01-24,679,584,1263,0.0013642286093039939,1.054991803057836,0.4228152583887168
2025-01-25,728,730,1458,0.0016131265577402382,0.907091834047194,0.36380460955352173
2025-01-26,0,0,0,,,
2025-01-27,0,4,4,2.307763315794332e-05,1.3333333333333333,0.5333471799132282
2025-01-28,545,546,1091,0.0010752079084950866,1.106513961996418,0.44325070954366436
2025-01-29,637,482,1119,0.001243845312580674,0.5974135425022223,0.23971172418843734
2025-01-30,661,548,1209,0.0011989879408876916,0.8703355512466027,0.3488536132631737
2025-01-31,605,489,1094,0.001114216975906951,0.7857405774557084,0.3149647611678275
2025-02-01,1053,961,2014,0.0021094399058432566,0.9924387839601536,0.39824117752756744
2025-02-02,606,585,1191,0.0011801062410311924,0.9450931758417873,0.3787453340813337
2025-02-03,629,551,1180,0.0012275102970201281,0.8274337939025724,0.3317100237392411
2025-02-04,709,553,1262,0.0013399916027192896,0.7917202351919557,0.31749208903841386
2025-02-05,649,388,1037,0.0010352981275163497,0.5139497970296245,0.20620109768835965
2025-02-06,633,499,1132,0.001083291250590516,0.717068220037929,0.28747726276552593
2025-02-07,774,787,1561,0.0015437903255806264,1.0964305201667153,0.43949848226203453
2025-02-08,1052,967,2019,0.0021853029721013747,0.9377178894180322,0.3763983375504737
2025-02-09,853,791,1644,0.0018931616994050746,1.0474553133006799,0.420118022339915
2025-02-10,659,466,1125,0.0011670688768445623,0.6259062665464299,0.2510627479446787
2025-02-11,705,575,1280,0.001273465756988327,0.7948420575760148,0.3187009024845989
2025-02-12,466,271,737,0.0007537452765296004,0.5389983573883859,0.21605159012127212
2025-02-13,427,356,783,0.0008987913913834711,0.7362224622397112,0.2950282597307146
2025-02-14,623,463,1086,0.0010529600681169063,0.7685535324514576,0.30805318902145323
2025-02-15,460,341,801,0.0008252114953412958,0.6266094336529673,0.2511389003583917
2025-02-16,247,269,516,0.0006312411422613909,0.973166830606277,0.38964547692786766
2025-02-17,765,665,1430,0.0016377161737602536,0.8032136196424509,0.32226807756123643
2025-02-18,604,435,1039,0.001149970194650057,0.6223051459542109,0.24961204049847444
2025-02-19,654,510,1164,0.0012305589551638808,0.6687252121268606,0.2682284202238426
2025-02-20,661,488,1149,0.0011545917389174105,0.6057844133200257,0.24300652037136075
2025-02-21,950,766,1716,0.0016525592091796806,1.1617087105584751,0.46567501974889786
2025-02-22,1053,892,1945,0.0020347981860980337,0.9734891618286289,0.3906165436431104
2025-02-23,919,805,1724,0.001660586212017226,0.905305516814812,0.3631185584531352
2025-02-24,769,663,1432,0.0015298237464378556,0.8140076949910264,0.3265209722442733
2025-02-25,708,626,1334,0.0012889536872627754,1.0197869634450516,0.40868815759037835
2025-02-26,945,741,1686,0.001783571362635334,0.6832458491677461,0.27436848248467965
2025-02-27,662,457,1119,0.0010870598544249124,0.5924513676176805,0.23763278295972715
2025-02-28,682,687,1369,0.0013889184755980658,1.247391062107498,0.499789775928358
2025-03-01,608,591,1199,0.0012696420435765268,0.8093149069726394,0.3244877480152017
2025-03-02,535,549,1084,0.0012247061182784403,0.999170736732522,0.4004031183639759
2025-03-03,800,765,1565,0.0015479236330118997,0.8140044021177942,0.3265305150269248
2025-03-04,712,498,1210,0.0011627054588104974,0.6031879768736778,0.2419728140247574
2025-03-05,701,471,1172,0.0011601755578493323,0.5532898416632819,0.2220120420000224
2025-03-06,646,501,1147,0.001098563213709743,0.8488390112767424,0.34019474243892284
2025-03-07,935,710,1645,0.0016828920179792514,0.7384458957846889,0.2963880935246631
2025-03-08,1105,959,2064,0.0021635281085571863,0.8726050207766368,0.35034012517578905
2025-03-09,978,1055,2033,0.0022766085110311083,1.3251719357244416,0.5314347393963954
2025-03-10,1160,1025,2185,0.0022227956664400863,0.8775769428594362,0.35236445454363857
2025-03-11,1141,1054,2195,0.0021331760040777174,0.949584288176505,0.3811136208730487
2025-03-12,509,392,901,0.0008617945994205103,0.7544333263402392,0.302290407295748
2025-03-13,838,718,1556,0.0015386236912915345,1.039422315108979,0.41669210025836656
2025-03-14,1244,1166,2410,0.0024588169146463248,0.9597750212640576,0.38538529865441085
2025-03-15,1205,1104,2309,0.002316718815228758,0.8689538959653643,0.34897158967528297
2025-03-16,597,543,1140,0.0012915516763911039,1.0050796405359255,0.4028067872202049
2025-03-17,974,817,1791,0.0017542394969618975,0.7701905803610748,0.30912877584260706
2025-03-18,1098,1071,2169,0.002139092967566423,1.0212044741260482,0.4097652454309591
2025-03-19,1518,1357,2875,0.0029929915003301874,0.7748331123060609,0.3117290398226225
2025-03-20,669,481,1150,0.0011190929870172814,0.6539139142762004,0.2622370215026905
2025-03-21,1300,1141,2441,0.002453117960460781,0.8996907743219938,0.361348180505074
2025-03-22,973,879,1852,0.001998820807389607,0.928830394595495,0.37273145032263183
2025-03-23,1012,974,1986,0.002046098459834267,0.8586725854425433,0.3446966932529179
2025-03-24,666,498,1164,0.0013445757845180662,0.6444657129610546,0.2585930306551327
2025-03-25,710,541,1251,0.00128405393242869,0.742741336621143,0.2978669670079144
2025-03-26,802,697,1499,0.0014569452815742746,0.7611175959820523,0.30532120556176556
2025-03-27,1195,1052,2247,0.0021218421021838595,0.825823962525566,0.3316026902715367
2025-03-28,711,649,1360,0.0013573844230172116,0.9459959009795503,0.3792127910456305
2025-03-29,457,376,833,0.0008919505215545093,0.7613668026064827,0.3050818913555258
2025-03-30,349,232,581,0.0006621182749679012,0.6803919149774764,0.27255403695597136
2025-03-31,1057,924,1981,0.002040772852182434,0.7143286203472321,0.2869559118502023
2025-04-01,984,1037,2021,0.0019585886923611027,1.0413078503681763,0.41769829336268716
2025-04-02,649,492,1141,0.0016115062132844677,1.2607472761059197,0.5052658141703386
2025-04-03,1483,1452,2935,0.0029635814282230498,0.9600989407918493,0.3858177251736736
2025-04-04,1472,1300,2772,0.002633775513786123,0.7750334008364194,0.31159362564283943
2025-04-05,588,431,1019,0.0010505817761425626,1.0980876758647642,0.43986541941159124
2025-04-06,1608,1477,3085,0.0031185804568958034,0.9486705127223857,0.38133935336309177
2025-04-07,898,662,1560,0.001645105563687674,0.7062572289993155,0.2834899549379388
2025-04-08,506,290,796,0.0008055192907034502,0.44783640665379326,0.17961787423593936
2025-04-09,1232,998,2230,0.0021052652107605477,0.8286423395089382,0.33272009493003163
2025-04-10,699,778,1477,0.0014569908695238843,1.1820122856358979,0.4736791087760735
2025-04-11,834,855,1689,0.0016012580606875816,1.0327665258494392,0.4140673651761882
2025-04-12,1642,1564,3206,0.0029713243020754693,1.1343996067011373,0.45554263726170025
2025-04-13,3752,3701,7453,0.006903642773207991,1.258067560400412,0.5073692098240895
2025-04-14,1419,1347,2766,0.0027061033316075275,0.9336770018708933,0.37509446274732194
2025-04-15,972,902,1874,0.001811092515221204,1.0672171512977833,0.427973516028246
2025-04-16,1084,978,2062,0.0019997270819035236,1.456594975886758,0.5838378266038454
2025-04-17,3367,3266,6633,0.006221476993812665,1.078518261188506,0.4351401906716901
2025-04-18,2794,2876,5670,0.0052355041277777365,1.2487787400990493,0.5026527985162864
2025-04-19,4498,4384,8882,0.00859170531357628,1.4083370896143235,0.5684898590338752
2025-04-20,4523,4394,8917,0.00827333148712268,1.1494253330232251,0.46473413210156367
2025-04-21,886,857,1743,0.0016796503437563964,1.0181324233208153,0.4082607595345801
2025-04-22,2162,2029,4191,0.003851781718023756,1.1996309173775754,0.4821634359818445
2025-04-23,2176,2036,4212,0.0037178966146011287,1.0799315437915407,0.434203355485377
2025-04-24,2721,2579,5300,0.004889339630408587,1.1467038450946931,0.4616151418161225
2025-04-25,1505,1446,2951,0.0028917277722257675,0.9856075198186036,0.39597804459077696
2025-04-26,2181,2159,4340,0.00393704421674513,1.48228100403265,0.5952746281431072
2025-04-27,5510,5434,10944,0.009900304624757683,1.498529666635924,0.6053520494292243
2025-04-28,2817,2760,5577,0.005219970941150139,1.2135117758189211,0.4885366928922586
2025-04-29,1750,1701,3451,0.0033439490445859874,0.9732928035066404,0.3913234908294077
2025-04-30,2058,1894,3952,0.0036788276309450193,0.917456645684988,0.3691899548525623
2025-05-01,952,1232,2184,0.001974073214726773,1.3931457912965703,0.5584427604474642
2025-05-02,2718,2825,5543,0.005047539924305363,1.3980754698372044,0.5622587118894651
2025-05-03,3329,3215,6544,0.005594018277485461,1.590111429955312,0.6394009829486161
2025-05-04,3147,3060,6207,0.005302374688451952,1.4675761538163772,0.5902118863396221
2025-05-05,1527,1492,3019,0.002755282283113909,1.1007696255687085,0.4419610195973518
2025-05-06,2274,2323,4597,0.004290542975611052,1.0777473232953412,0.43367325510350313
2025-05-07,3180,3072,6252,0.005702021600664636,1.231061203379686,0.4958456943122732
2025-05-08,1958,2203,4161,0.003721268346718361,1.279642549716419,0.5140897808945987
2025-05-09,3198,3663,6861,0.006264192744392135,1.7420502413597174,0.7005786121905224
2025-05-10,9415,9274,18689,0.015709958054994564,1.798162583596106,0.7286910082714392
2025-05-11,6725,6388,13113,0.011138804270900643,1.8374318416684525,0.7416560192299214
2025-05-12,4792,4932,9724,0.008346026031570202,1.139118347153548,0.4606549544803614
2025-05-13,1422,1539,2961,0.0027389673106906977,1.1873156258227027,0.4765696307154955
2025-05-14,1518,1553,3071,0.0027283228147910623,1.3143910694655825,0.5273934214751077
2025-05-15,2642,2920,5562,0.005134461517734849,1.3885558432111473,0.5585030141950998
2025-05-16,4839,4978,9817,0.008644348820200385,1.7232196228447163,0.6944744584300069
2025-05-17,5235,5904,11139,0.00957058294101357,3.070940473317864,1.2341185390917537
2025-05-18,11242,10923,22165,0.017569240857278366,2.4949792460981253,1.0085332429536171
2025-05-19,12436,11486,23922,0.01964730782925189,2.199636902123667,0.8916431455470178
2025-05-20,2604,2604,5208,0.004803266295927608,1.128554271605485,0.4543036684197505
2025-05-21,749,1113,1862,0.0017990520109648859,2.0075616134535488,0.8041040765879987
2025-05-22,946,1002,1948,0.0018302838353856177,1.47627249235784,0.5916071672443675
2025-05-23,1738,1455,3193,0.0030010538785808795,1.2299484333756883,0.49378000567742375
2025-05-24,4049,3890,7939,0.007162872217930592,1.530226822630221,0.6163884523828468
2025-05-25,4246,4200,8446,0.00752480695709718,1.416497767699821,0.5711139912541867
2025-05-26,4529,5468,9997,0.008804117049755377,5.258413771236727,2.108647978724544
2025-05-27,3640,3260,6900,0.006565586633434875,6.576659614505207,2.634603197782144
2025-05-28,1739,1637,3376,0.003132551602220005,1.193658653530446,0.4793429923735104
2025-05-29,2029,1890,3919,0.003980375056316313,1.0302094640032269,0.41447201063508055
2025-05-30,3907,4786,8693,0.0076466849867569886,1.7366653176627647,0.6992541380571601
2025-05-31,4129,4051,8180,0.007009831071725284,2.208644529095215,0.8876637102811211
2025-06-01,6041,5854,11895,0.0100977465973312,2.1697011088983977,0.8739390915177578
2025-06-02,4875,5401,10276,0.008936302227020812,1.8295444424433147,0.7371795583135384
2025-06-03,5541,5491,11032,0.00947798393796732,1.8116584264368645,0.7303501609375262
2025-06-04,5806,5398,11204,0.009626834671836056,2.034906567730163,0.819738727895167
2025-06-05,2573,2930,5503,0.005079262314100309,1.734711851543149,0.6969322980057199
2025-06-06,5983,6625,12608,0.010707167058131703,2.2646197139893474,0.912272185830618
2025-06-07,16369,15872,32241,0.025010968358231245,2.806964093870442,1.1377922185631155
2025-06-08,9180,8732,17912,0.014871727285770053,1.9552970461061712,0.7910418548139305
2025-06-09,2619,2970,5589,0.004955996648048712,2.2079095614198394,0.8861374225567651
2025-06-10,4327,4943,9270,0.008265688894323622,2.5364580751826478,1.0195426434096533
2025-06-11,7362,7966,15328,0.012872253480219654,2.15834477513057,0.8710612621403597
2025-06-12,5318,6036,11354,0.009288747346072188,1.6044518926271296,0.6473540054584952
2025-06-13,4839,6130,10969,0.009306269252729144,3.1126616348793834,1.2506484155033908
2025-06-14,15273,14607,29880,0.02241640879920051,4.273307644577472,1.7227729031105092
2025-06-15,16634,14524,31158,0.0236358075599283,3.2181815518744767,1.3014541052857478
2025-06-16,5912,5972,11884,0.010088344598637222,1.9491161957229897,0.7856994850483784
2025-06-17,5309,5429,10738,0.009843072094525986,1.492477441443202,0.6028968198339965
2025-06-18,2633,2878,5511,0.005157376812858731,1.40201001959441,0.5638984339254793
2025-06-19,3552,3951,7503,0.006506139818907767,1.7020685107199516,0.6847310881793253
2025-06-20,8006,8818,16824,0.013474654318522858,2.4046154633639447,0.9699309779366918
2025-06-21,12639,12755,25394,0.0201388159423473,3.4653048055903892,1.398205211801564
2025-06-22,14508,13710,28218,0.022130925706804964,2.6949054905472773,1.091240751642994
2025-06-23,7601,7721,15322,0.01241060810920879,2.3989126730371377,0.9670114340803806
2025-06-24,5572,6024,11596,0.009488204032651555,1.7383728127508022,0.7010420475199118
2025-06-25,8056,7131,15187,0.012753206665270751,1.990989644782935,0.8040477819123364
2025-06-26,4301,5178,9479,0.008134000276931598,1.8767454830662527,0.7555785933926601
2025-06-27,4988,6395,11383,0.009425683904268418,2.51016978289321,1.009723323499845
2025-06-28,16734,16663,33397,0.02620543918833866,3.5799926874835504,1.4477203385064235
2025-06-29,18242,17687,35929,0.027879855248787257,3.652763448341824,1.477833292486002
2025-06-30,8974,10143,19117,0.015143702034333153,3.681891867369058,1.4818429681682233
2025-07-01,18605,18407,37012,0.028722318508676674,4.201631821013038,1.6978861195104213
2025-07-02,8230,9273,17503,0.014021272210880193,2.9619885682214604,1.1932081906151124
2025-07-03,9858,9992,19850,0.01669019459510574,2.2366412394585256,0.9046706125404739
2025-07-04,12223,13193,25416,0.021131048703259454,4.717466368896432,1.8996651767805284
2025-07-05,18376,17933,36309,0.028175456392608107,4.118033179370651,1.6641185455838257
2025-07-06,13883,13176,27059,0.02097990223381117,3.274074570358499,1.322217769483686
2025-07-07,6889,8192,15081,0.012820907309968514,3.341877747761933,1.3444436434907545
2025-07-08,8715,8634,17349,0.014229833445424696,2.3205803465811607,0.9367700386997191
2025-07-09,6605,7346,13951,0.011567733131362336,3.117898307029962,1.2540999626908023
2025-07-10,9748,10298,20046,0.016452704039245165,3.152297374144897,1.270790572081506
2025-07-11,10685,12426,23111,0.017908761929061948,4.211067591536939,1.695172293772213
2025-07-12,24341,22500,46841,0.035963414258900275,4.653965539440685,1.8831642643316144
2025-07-13,13017,12625,25642,0.020573441615734867,3.3266236570104217,1.3429935277736098
2025-07-14,7812,8314,16126,0.013221835397133098,3.177969821187786,1.2791210297133944
2025-07-15,8669,8975,17644,0.01464818009228829,2.058095604025004,0.8320271496653747
2025-07-16,8521,8627,17148,0.014770839102741623,2.290366311033348,0.9250090278749843
2025-07-17,9956,10887,20843,0.018196859806007663,2.5366245887330985,1.025567951376844
2025-07-18,12460,13312,25772,0.019978747833554772,4.7935367675504414,1.9294019557203095
2025-07-19,20146,18986,39132,0.02970243547645929,4.124320201667887,1.6675495419530304
2025-07-20,16452,15515,31967,0.025665279861920617,2.7748876023561184,1.1253542088596
2025-07-21,10516,11473,21989,0.01827248067317734,2.7849290890545615,1.124935124025731
2025-07-22,10211,10530,20741,0.017231484787113005,3.4844986244711045,1.4041383406607097
2025-07-23,11487,11333,22820,0.0189656437992346,2.5676270532919014,1.0384302075963014
2025-07-24,10124,10298,20422,0.017604195513708114,2.5268526948352243,1.0213035952423146
2025-07-25,9294,9691,18985,0.016157762119176317,2.754914980796083,1.111660649589939
2025-07-26,16388,15734,32122,0.024918398526350506,4.407647589305698,1.7780100748380898
2025-07-27,15417,14994,30411,0.02385624103119257,3.0365827582718095,1.2289468479274392
2025-07-28,9413,9748,19161,0.016308194098279948,2.3741689194937083,0.9594524842564514
2025-07-29,8361,8710,17071,0.014170222846523172,2.4893947489987784,1.0042600333074254
2025-07-30,8970,9405,18375,0.015075463860426474,2.582091466919342,1.0418818650839927
2025-07-31,9931,10099,20030,0.016842169252487316,3.121908348564437,1.2588686409772676
2025-08-01,12903,13858,26761,0.020748088705235875,3.387104843122019,1.3672907904719493
2025-08-02,19286,19478,38764,0.030427859318748272,5.240955295838874,2.114638833926799
2025-08-03,21160,20732,41892,0.030785071619224943,4.6227851698589575,1.867585110915118
2025-08-04,18234,17775,36009,0.02763085018000554,3.6869774003483373,1.4913694702473381
2025-08-05,9810,10732,20542,0.01666232264160164,3.583081794701963,1.4432301114657462
2025-08-06,9938,10374,20312,0.016282611915787035,3.3366926496038953,1.3444466269910302
2025-08-07,11018,11181,22199,0.01844764825015932,2.6975537441110093,1.0900900865944994
2025-08-08,11500,12151,23651,0.019194617752944433,3.866529528297187,1.5581285819706416
2025-08-09,19008,18100,37108,0.028476260808024862,4.944008447366368,1.9946891354313625
2025-08-10,15742,14900,30642,0.023502261608049482,3.7080881829092425,1.4973366301285267
2025-08-11,9572,10880,20452,0.016589017218629352,2.4135676964764445,0.9753804889217553
2025-08-12,6579,7056,13635,0.012033210489316831,2.679220342262586,1.0789080631986248
2025-08-13,8098,8845,16943,0.014412409270712603,2.5084706727728436,1.0120357146715653
2025-08-14,11643,11938,23581,0.01936625522543551,3.1845516331000865,1.285440406375296
2025-08-15,12084,13006,25090,0.020129063005158654,3.9990340469634185,1.6116910565884628
2025-08-16,18964,18257,37221,0.02734478573154133,4.42966133554236,1.788271405655869
2025-08-17,13056,12102,25158,0.019071001001214238,3.041786217196072,1.2281570874791572
2025-08-18,11239,11022,22261,0.01827830966227532,2.360322050296555,0.9550958059159873
2025-08-19,4070,4611,8681,0.007944244438290409,3.87112923664912,1.5532182413226223
2025-08-20,5711,6868,12579,0.01081677513154251,3.1760044171171544,1.2768918319257874
2025-08-21,12121,12122,24243,0.019911876409384025,3.1386454349442348,1.2674052998233243
2025-08-22,13246,13349,26595,0.02134063874595068,4.308157066605168,1.7360672098896375
2025-08-23,15926,15236,31162,0.024728877599416853,3.0617314150746937,1.2395298925895275
2025-08-24,15057,14322,29379,0.0241449736914982,3.779672772741715,1.5263560933115852
2025-08-25,7747,8848,16595,0.014114964221121335,3.046392876105306,1.2270261289747955
2025-08-26,7668,8142,15810,0.013786110653453407,3.2009296419793283,1.2886435231838034
2025-08-27,12020,11449,23469,0.019506995025240816,2.9838246432703195,1.2052340543232722
2025-08-28,2109,2882,4991,0.004537985784177975,2.9154888640539456,1.168918337092085
2025-08-29,10179,10823,21002,0.017036994803460014,5.000785305235419,2.0105363189762437
2025-08-30,16064,16080,32144,0.024657681774823838,3.857055688135317,1.5576168843190212
2025-08-31,19030,18156,37186,0.02986675081952432,3.174076569165619,1.2875506781579622
2025-09-01,19598,18815,38413,0.03121833612979947,2.5569679011632696,1.0415181621431875
2025-09-02,4199,4398,8597,0.007561475264327659,1.4254942253316738,0.5747345752912661
2025-09-03,5117,5039,10156,0.009062316802554964,1.27569982875158,0.515717321582165
2025-09-04,1670,1843,3513,0.0032624818382188366,1.5306053267641901,0.6141996198086074
2025-09-05,3495,4011,7506,0.006508768916356141,1.817957338446757,0.7310881967285167
2025-09-06,8705,8910,17615,0.014278267385602814,2.307102596829472,0.9314079991631505
2025-09-07,8211,6532,14743,0.011799379157999139,1.8388276721080232,0.7426106963380088
2025-09-08,3166,3948,7114,0.006497738391950521,1.4560914820150885,0.5863352358412057
2025-09-09,3275,3401,6676,0.0060123307437799705,1.1608688892854049,0.4679549541604299
2025-09-10,3905,3972,7877,0.007202067755930952,1.164944884347818,0.4702991943926858
2025-09-11,4159,4085,8244,0.007440714775029515,1.303665454449233,0.5259306106447109
2025-09-12,4929,4756,9685,0.008527185451860058,1.730903875729961,0.6974778615631005
2025-09-13,7413,7204,14617,0.0121232645897909,2.014236489823194,0.8129685546831522
2025-09-14,9232,8605,17837,0.014632043623320278,2.0355460090380784,0.8229976297892236
2025-09-15,3685,3478,7163,0.006371225008721547,1.1799130817206545,0.47578796769349474
2025-09-16,4570,3631,8201,0.007117843158562619,1.2327822210386972,0.49738359431061646
2025-09-17,3784,3921,7705,0.006858552690732142,1.208968767928118,0.4877026387856865
2025-09-18,4826,4658,9484,0.008570304187497267,1.4132830265791565,0.5704553931441609
2025-09-19,3964,4073,8037,0.006974119164718213,2.0313116479120708,0.8167091306636591
2025-09-20,9751,9371,19122,0.01627485973927403,1.616351209125466,0.6563053994937509
2025-09-21,8167,7776,15943,0.014454189683569211,1.213298215360226,0.4939917999542319
2025-09-22,1391,1408,2799,0.002739214718312403,0.9753230184240724,0.3917727362006164
2025-09-23,2588,2628,5216,0.005016947433702185,1.0924401144705556,0.4399862142484436
2025-09-24,5933,5904,11837,0.011312848087633465,1.1391802229125174,0.4624597980175872
2025-09-25,1841,1909,3750,0.003302499217758149,1.3432332604854214,0.5392748037248234
2025-09-26,4728,4676,9404,0.008172111235360309,1.348102318938962,0.544144194316801
2025-09-27,7726,7597,15323,0.012560001846210653,2.269111353847746,0.9151805426468248
2025-09-28,8360,7966,16326,0.013714868525035291,1.8713597808278533,0.7567728334461625
2025-09-29,4091,4059,8150,0.007164717494266095,1.2391914848332168,0.4999754244298465
2025-09-30,4192,4058,8250,0.007546386042647466,1.125205383432033,0.45460998499840183
2025-10-01,2453,2330,4783,0.004345979876303886,1.3273193566970134,0.5335353306045877
2025-10-02,2696,2827,5523,0.005097973908552696,1.240257584057634,0.49916181796818526
2025-10-03,3794,3930,7724,0.0070608326410043385,1.4172351459976142,0.5711305579836483
2025-10-04,7564,7255,14819,0.012596968795621062,1.4127077041649598,0.5726412629433566
2025-10-05,7680,7386,15066,0.013477038054717368,1.4141108724713682,0.5737305718213777
2025-10-06,4195,4059,8254,0.007653042131026069,1.1710877407621891,0.4730269215834914
2025-10-07,988,846,1834,0.0017191211517234117,0.8994434491624064,0.3608088523559966
2025-10-08,2110,2084,4194,0.0038545884571916144,1.1453650741920118,0.46045878275111973
2025-10-09,2125,2032,4157,0.003928005477091603,1.0410079603485825,0.41875998742568793
2025-10-10,3114,3071,6185,0.005420580988290764,1.4272180889656811,0.5741395841792468
2025-10-11,4165,4089,8254,0.007653042131026069,1.1696959175947768,0.4724701923165263
2025-10-12,5185,4985,10170,0.009445612879564694,1.2690207985103168,0.5132756871318656
2025-10-13,4400,4296,8696,0.007456383273331488,1.592316944030214,0.6414006075760846
2025-10-14,3280,3145,6425,0.00602421065010641,1.1346565804138646,0.45747715855560966
2025-10-15,2087,1977,4064,0.0038385796486045723,1.0789192605054891,0.4338708519913584
2025-10-16,2372,2141,4513,0.004210877721421987,0.835626399237439,0.33677708632782877
2025-10-17,1413,1365,2778,0.0025654108640645215,1.21613202170002,0.4879920551984467
2025-10-18,4356,4104,8460,0.007439873889610806,1.1725810835163084,0.47349635774028986
2025-10-19,1161,1149,2310,0.002248564169867434,1.044863295556333,0.4192944567244537
2025-10-20,2077,1877,3954,0.0037863570233363625,1.0239698012055478,0.41185973469622106
2025-10-21,1509,1451,2960,0.0028583297068481227,1.0616659238464365,0.42638136736268356
2025-10-22,1496,1355,2851,0.0027108093033415114,1.1103755633512569,0.44577671092250765
2025-10-23,1426,1168,2594,0.002460205709471451,0.844439806170147,0.33925204589374175
2025-10-24,1940,1772,3712,0.003357334071817594,1.0131970106135253,0.40729320468850067
2025-10-25,2486,2431,4917,0.004658797193759809,1.1697219037492155,0.4706840398159421
2025-10-26,2784,2649,5433,0.005462272142310261,1.2185123308016923,0.4906822956060632
2025-10-27,1710,1548,3258,0.0032973460032983794,1.0204480838346834,0.4101576411358525
2025-10-28,1296,1189,2485,0.002460822323944809,1.0362349955110155,0.41597049159877314
2025-10-29,1736,1595,3331,0.0032252640740594216,1.2040730756794675,0.48356438871622265
2025-10-30,601,476,1077,0.001043660126396541,0.9062775686742115,0.3631372235455225
2025-10-31,1324,1132,2456,0.0025875796178343948,0.8663568889560705,0.3480953033531289
2025-11-01,1646,1586,3232,0.003270479504995102,1.0465438285032316,0.42057981910428976
2025-11-02,2003,2010,4013,0.003957312398909933,1.2251544490079957,0.49243616704254434
2025-11-03,846,705,1551,0.0015827705941247896,0.878607301508668,0.352392582959942
2025-11-04,1598,1431,3029,0.003108137593044821,0.7975930878581001,0.32090211769906696
2025-11-05,728,569,1297,0.0012912984735194651,0.653142889271416,0.26203193479267806
2025-11-06,1324,1212,2536,0.0026319153015359055,0.9312510375014732,0.37407956418151084
2025-11-07,766,676,1442,0.0013989118217212113,0.8520618964715541,0.34166410568165434
2025-11-08,2288,2111,4399,0.004220281534123044,0.9067729141846382,0.3652413345943291
2025-11-09,375,298,673,0.0006822790577179049,0.7635079357936383,0.30581254175208605
2025-11-10,856,669,1525,0.0016066428417577684,0.5776570123246763,0.23202679063492518
2025-11-11,732,584,1316,0.0014002912248416576,0.6555627973992675,0.26306529369461207
2025-11-12,817,624,1441,0.0014197911026424235,0.7216441864328352,0.2895095492347195
2025-11-13,1033,836,1869,0.0017532500458302294,0.7722196332973235,0.30993980334642757
2025-11-14,1004,906,1910,0.0018753970710410999,1.0395522035407527,0.4169461196589257
2025-11-15,641,541,1182,0.0012094122126834672,0.9087490008763954,0.3642252476781683
2025-11-16,968,878,1846,0.0017565375637931717,0.9690714417040963,0.3886824992199145
2025-11-17,879,662,1541,0.0015472504049075634,0.6327502125636332,0.25402843526839786
2025-11-18,648,501,1149,0.0011005994754589733,0.7511105864613277,0.3011045942698065
2025-11-19,1068,934,2002,0.0021663197577295183,0.7685790555332802,0.3087314140679498
2025-11-20,817,634,1451,0.00136586620247656,0.6657756746049489,0.2671297895634655
2025-11-21,1001,801,1802,0.00185011609824681,0.8802276171449888,0.35320111651694364
2025-11-22,1273,1133,2406,0.0022126075955129494,1.0169713572867116,0.4081161074719924
2025-11-23,898,812,1710,0.0017521249174530815,0.8550571185299691,0.34307412236245954
2025-11-24,1091,951,2042,0.0021397292993630573,1.0226460221889913,0.41034224645521433
2025-11-25,546,405,951,0.0009758542021073176,0.8498801085885946,0.34053755595670226
2025-11-26,869,781,1650,0.0016882176256310846,1.0321926528102023,0.4138899916994596
2025-11-27,659,543,1202,0.001211043180026841,0.7134619230451571,0.286111395126079
2025-11-28,831,643,1474,0.0014769685221083725,0.8399808602588429,0.3368785252168022
2025-11-29,898,775,1673,0.0017127154208295167,0.8611830488025088,0.3455008487735013
2025-11-30,393,340,733,0.0008057277093937108,0.7773865089857955,0.31143804021995447
2025-12-01,690,645,1335,0.0013311598398831853,0.7589395630030218,0.3043745211051387
2025-12-02,507,379,886,0.0009044234328089216,0.7039213775447475,0.28211120507758436
2025-12-03,526,362,888,0.0008622642934467913,0.614328296636909,0.24624867723083174
2025-12-04,931,706,1637,0.0016479528041422253,0.5388742019506535,0.21653845246274678
2025-12-05,713,517,1230,0.001304258493313442,0.5867499510482805,0.23548253551530035
2025-12-06,744,618,1362,0.001427516451055637,0.7924100670727173,0.3178205366997203
2025-12-07,478,341,819,0.0008307947936859596,0.6643440368690995,0.2662360916238514
2025-12-08,355,232,587,0.0010291376948812563,0.6312935373804939,0.2531348975691263
2025-12-09,21,30,51,0.0002517559980866544,1.5227272727272727,0.6092419626897612
2025-12-10,293,195,488,0.0005132783926508083,0.3682743023260264,0.14761768796600105
2025-12-11,603,606,1209,0.001302940468786177,1.8300653260025788,0.7328078946823032
2025-12-12,573,407,980,0.0009140749481254942,0.7155888269372608,0.2867839757437796
2025-12-13,641,546,1187,0.0012352028414061094,0.7583368782078093,0.3040758729879674
2025-12-14,496,407,903,0.0009556410058518824,0.7987393603121837,0.32006912872838467
2025-12-15,437,335,772,0.0008215637404227822,0.5839989598589344,0.23409252218782742
2025-12-16,587,412,999,0.000978701442561869,0.5970685250964369,0.23941463090411189
2025-12-17,658,463,1121,0.001143424605372473,0.6671309693085767,0.26753844248665415
2025-12-18,783,550,1333,0.001329061873232463,0.5367482480920157,0.2154967363607458
2025-12-19,581,387,968,0.0009461829594756762,0.5158952657906389,0.20692581609194102
2025-12-20,594,467,1061,0.0010967370424584493,0.8691154318031759,0.3483042149467454
2025-12-21,648,513,1161,0.001227208976157083,0.7839427935547894,0.31431344280761
