Timestamp,Total_Sales,Total_Redemption,Average_CPI,Average_OLI
2015-05-01,1,4,0.40001038493492114,1.730822486845749e-05
2015-05-04,12,75,1.2721954521677592,0.000247780903380023
2015-05-05,537,549,2.81074604825782,0.0015652655533213732
2015-05-06,989,1358,4.372840113672637,0.0026848283728156436
2015-05-07,1343,2170,7.5784115350501375,0.003984353364718914
2015-05-08,2108,3390,8.710037904239,0.006170807777692025
2015-05-09,5604,6145,3.9523727871182124,0.012444879960803528
2015-05-10,3013,3554,1.465933577932647,0.007907125887274264
2015-05-11,395,908,3.9983016044303086,0.001541668315069035
2015-05-12,512,3631,11.493289840471911,0.005052765359813269
2015-05-13,643,1181,3.69276413494585,0.002035447244530601
2015-05-14,1774,2563,8.49465732950765,0.004853112756558966
2015-05-15,635,1162,3.569100837584407,0.0019374045255983062
2015-05-16,6958,7640,4.758127689497779,0.015722358764885074
2015-05-17,7089,8249,20.67443300007768,0.0173388689387164
2015-05-18,7250,9244,18.361174737982303,0.017773383411797287
2015-05-19,1862,4570,22.546323246775646,0.007113122091101563
2015-05-20,2776,1518,1.9782933304906636,0.004649593613869438
2015-05-21,1760,2226,2.7590188162032794,0.004454739843193157
2015-05-22,1881,2257,2.013572541884642,0.004338239993183222
2015-05-23,6401,7058,7.943597506152423,0.014490229507061756
2015-05-24,8208,9279,1.8214319362769669,0.01945779473115302
2015-05-25,1221,1540,0.8606778851072076,0.0030644070258908345
2015-05-26,2345,2997,2.933603410764667,0.005895963051964875
2015-05-27,1898,2390,2.029805910611784,0.004878611649589218
2015-05-28,2774,3244,3.6910118761701836,0.006760989871567297
2015-05-29,4221,4663,3.4165358204177942,0.009393306776303177
2015-05-30,3054,3111,2.4683395063120104,0.0070444475214621995
2015-05-31,406,609,2.3101050100189204,0.0012821400421788125
2015-06-01,1116,1809,2.0752851499706,0.003305870949875381
2015-06-02,3025,3234,1.6786096229458949,0.006701528316255885
2015-06-03,2719,3977,2.2663679296584465,0.0069547594471438285
2015-06-04,3432,3683,1.2740241969485844,0.007174768273412937
2015-06-05,3306,3389,7.553687564807286,0.006648365100197063
2015-06-06,6200,9082,8.857384449304524,0.01596133027869389
2015-06-07,8046,8547,9.721341591911965,0.018165394100038243
2015-06-08,775,1194,1.2813910200054657,0.002094569942811427
2015-06-09,1525,2001,1.5571839759475843,0.0036294823057492678
2015-06-10,1858,3192,3.5307979132333127,0.005393675574633066
2015-06-11,3134,7881,16.142636396831925,0.010522439151973907
2015-06-12,3282,4225,8.820610300379382,0.006954164078229433
2015-06-13,2017,12871,55.23171991455131,0.01465561577718875
2015-06-14,9475,2992,1.7699049906657631,0.013008442217802505
2015-06-15,2618,3028,4.178683160539128,0.006445582941013569
2015-06-16,4761,4889,5.084252634057917,0.009475016813704157
2015-06-17,4510,5270,3.725497504902431,0.009467355225231198
2015-06-18,3342,3867,3.529624582805054,0.007609228212939097
2015-06-19,6514,6818,10.924656453677578,0.013116667326027613
2015-06-20,4994,15399,66.45648530125935,0.019816211029678486
2015-06-21,9930,10784,31.609904419795285,0.018316539917204555
2015-06-22,5741,6535,4.931091937347821,0.013421292083712465
2015-06-23,7461,4184,2.3554413832806276,0.010266883951458862
2015-06-24,2494,6610,11.789869869535465,0.009779147050678482
2015-06-25,3352,3890,5.20778140513309,0.007304070894489061
2015-06-26,580,9887,52.54367376154977,0.01074659932131092
2015-06-27,8569,1287,4.187592131478799,0.010761869595987569
2015-06-28,318,427,1.015624304281166,0.0008859246951188241
2015-06-29,1008,9389,36.52051075844473,0.011540677678419882
2015-06-30,1641,2871,12.899956437790099,0.0043933219923250385
2015-07-01,2118,16358,64.6309345700083,0.01991743976737746
2015-07-02,2239,9679,35.81389886316802,0.012064850864189486
2015-07-03,2666,11647,41.93846466463681,0.012015285273317978
2015-07-04,2046,14685,72.1452394884741,0.014409962614234283
2015-07-05,192,13781,87.83927444065975,0.015533852654523363
2015-07-06,1615,8552,34.43717674152089,0.010436601263965414
2015-07-07,2554,2846,4.563586095264688,0.005772292993630573
2015-07-08,892,7261,15.754478808628402,0.008483128152194893
2015-07-09,721,5229,9.903062653307375,0.006172217886424478
2015-07-10,379,10069,51.53932611725906,0.01072696611101237
2015-07-11,1015,13053,66.72343702605076,0.01364863230894645
2015-07-12,695,10713,64.35158406510597,0.012467416579850808
2015-07-13,7315,6768,1.2993619598973836,0.015656685218105967
2015-07-14,1776,2118,0.46255269767505197,0.0038379107317014433
2015-07-15,7852,7717,0.47042199498387505,0.017040084749860435
2015-07-16,8481,9427,0.6495359376419325,0.018163454803134214
2015-07-17,2347,1918,0.5072748135819932,0.004404680983191091
2015-07-18,23889,23354,0.40014283020419217,0.04948788634055873
2015-07-19,15934,15297,0.4460246774106196,0.03319557761540592
2015-07-20,9271,9422,0.534287468928844,0.019841083867669303
2015-07-21,7921,8688,0.9402276325719565,0.017353331151448017
2015-07-22,9770,10504,0.44802398947045513,0.021197855038896304
2015-07-23,9896,10331,0.46290992654117197,0.02147498029525169
2015-07-24,10246,10815,0.4890524297735818,0.022363291651577445
2015-07-25,13836,14306,0.4592933634906959,0.031355803503631374
2015-07-26,17287,18040,0.44453293662730564,0.03814624584602603
2015-07-27,9459,10379,0.9467375571779956,0.01983572738692963
2015-07-28,9257,10721,1.3418764393388347,0.01812991007010742
2015-07-29,9036,10794,2.3317534904510793,0.01799508810797417
2015-07-30,11607,12097,0.89232788385788,0.022107748845494622
2015-07-31,10616,11871,0.9773737345653618,0.020969148323066903
2015-08-01,16324,16496,1.7498895101636618,0.02869309318572996
2015-08-02,19977,19942,0.9061597094751189,0.03678020862180375
2015-08-03,17762,18080,0.9540098983669507,0.035379989713969225
2015-08-04,5618,6674,1.670839501664843,0.011588449296859293
2015-08-05,11680,12771,1.4911306741623274,0.022501615434321054
2015-08-06,10566,11267,1.7159288095113288,0.019309765744271422
2015-08-07,11343,12617,1.8940643957988175,0.02204837071909905
2015-08-08,15465,15366,1.30645793203596,0.0355060924951537
2015-08-09,20055,19605,0.7743190674148328,0.04351452572167056
2015-08-10,3306,3907,1.366799909882545,0.007168113533928135
2015-08-11,5617,7887,2.400459751152132,0.012564835674777518
2015-08-12,10466,10758,1.1524365353564143,0.019522754546293732
2015-08-13,10843,12001,0.9568297152085518,0.020207130633605297
2015-08-14,3025,4784,1.6186848160186085,0.007439651989291978
2015-08-15,18982,19155,1.469336323430509,0.03212997548142194
2015-08-16,21155,21519,1.9888074075354358,0.035526487005902316
2015-08-17,10558,10870,0.8680069435976604,0.020825451183980093
2015-08-18,3700,4289,1.2783866784860929,0.00783221901333228
2015-08-19,10791,11000,0.9709338710800612,0.020046155266315886
2015-08-20,2618,4855,2.5195243915049317,0.0075392591265251606
2015-08-21,10123,13105,1.727362441107931,0.020286992277464427
2015-08-22,20316,19678,0.8962139928214213,0.0325060680600127
2015-08-23,17363,17198,0.4027279869393966,0.03226533789397262
2015-08-24,8368,9149,1.3957973628249531,0.01830580801087586
2015-08-25,6757,6962,1.0133168825176666,0.012765985315140674
2015-08-26,5442,5889,1.283385468988111,0.010826294655220161
2015-08-27,7267,9479,1.6649808927544787,0.015597985135509368
2015-08-28,10791,11483,1.2361169696206455,0.01995795674831953
2015-08-29,12996,12690,1.2549975971422493,0.022441099453498276
2015-08-30,12902,12840,1.1950633914374393,0.022490175939201246
2015-08-31,8511,8790,1.4190216149932384,0.01633896427582387
2015-09-01,8943,8915,1.1243958226293307,0.015781550674932008
2015-09-02,7473,10550,0.9814477718467242,0.016348984827063505
2015-09-03,6912,7652,1.2334708061351705,0.013197976941800638
2015-09-04,9917,10966,1.2207334617416614,0.01800315009692606
2015-09-05,16295,16276,1.0876414057874326,0.034097202990861254
2015-09-06,19636,19607,1.381194651295928,0.03347282480486579
2015-09-07,17618,17210,0.7732914198191679,0.030071309886458047
2015-09-08,1319,1514,0.5210655346045957,0.00294825639605479
2015-09-09,1277,1483,0.47181124484243825,0.002825961078522696
2015-09-10,3349,4217,0.6742152315188378,0.007633945297864368
2015-09-11,1830,1937,0.4787756390111474,0.0038233093739279238
2015-09-12,1716,1841,0.5361973494869656,0.003719404384040219
2015-09-13,1558,1769,0.5311835827686625,0.003706797535762765
2015-09-14,2383,2642,0.42352425106751546,0.005633969065378556
2015-09-15,2734,2895,0.42468469872615044,0.006020016962060371
2015-09-16,3116,3445,0.4981977961062114,0.0066107237688761466
2015-09-17,3328,3501,0.48865400755822996,0.006987356212567734
2015-09-18,3864,3936,0.5277369634721308,0.0077570948671330355
2015-09-19,1986,1995,0.6775652594212391,0.00410676971878855
2015-09-20,8272,7907,0.5087514144821398,0.015274864094869937
2015-09-21,1571,1628,0.3990584640899324,0.0034462598849195358
2015-09-22,1984,2062,0.5056576261113261,0.004240248812389494
2015-09-23,2565,2758,0.45457481587605775,0.0058747465182551525
2015-09-24,2430,2676,0.5588594645979633,0.0058224868457491
2015-09-25,2449,2683,0.720597766171878,0.005080089420811611
2015-09-26,7325,7565,0.8891611112988724,0.014657593860030857
2015-09-27,7483,7274,0.5596963622399401,0.014737577209733543
2015-09-28,765,829,0.4589182144877255,0.0019372624052768057
2015-09-29,400,496,0.7065934487531947,0.0010190596957639182
2015-09-30,1523,1610,0.5624529942866223,0.0034866142161246827
2015-10-01,1660,1713,0.40842200572442,0.0036374745596567805
2015-10-02,1170,1198,0.38932985588387503,0.0025750171965589017
2015-10-03,1194,1151,0.3581887545356948,0.0026366195882950244
2015-10-04,1646,1687,0.4464330685260334,0.003909271478910226
2015-10-05,728,675,0.3291707444061481,0.0016348681173995636
2015-10-06,1098,1036,0.39059337749701417,0.002352783616545074
2015-10-07,1563,1585,0.3521797042772251,0.00344601173832644
2015-10-08,1345,1179,0.35001604422494725,0.002843164405058617
2015-10-09,856,912,0.37583253047062126,0.0019708298716883594
2015-10-10,3292,3387,0.5333272101277382,0.00738893702932795
2015-10-11,5489,5500,0.5069687082024973,0.012402903695901867
2015-10-12,5276,5305,0.42956547181441684,0.012346924885824388
2015-10-13,737,693,0.3328386073753303,0.0017308224868457492
2015-10-14,652,650,0.48731366309757185,0.0015404320132927168
2015-10-15,867,746,0.39371174950061383,0.0019611792250950376
2015-10-16,766,743,0.501160181244282,0.0018302661060899776
2015-10-17,1081,1066,0.3816539952310266,0.0026834158999764096
2015-10-18,804,855,0.44581672621056334,0.0022279147050678484
2015-10-19,729,784,0.4438582263481296,0.002068509486320144
2015-10-20,546,466,0.3193410864108469,0.0013320409858764883
2015-10-21,350,416,0.6280323673013227,0.0008949925731980565
2015-10-22,985,952,0.41950836672823655,0.0024141768464670706
2015-10-23,1035,1087,0.43827684900736674,0.0026018982402255734
2015-10-24,406,409,0.3157990719758047,0.0009566727927292868
2015-10-25,1440,1562,0.5062780853112578,0.004087510384934921
2015-10-26,805,829,0.36388095548603,0.0019508842030304227
2015-10-27,774,725,0.3319214407621133,0.0016604357057140218
2015-10-28,200,117,0.5342815217794081,0.0004794378288562725
2015-10-29,398,446,0.5807004129577543,0.0010332683676188585
2015-10-30,637,692,0.3799166512507125,0.0014391363366035475
2015-10-31,848,950,0.3862455761585106,0.0023246277400251368
2015-11-01,662,827,0.7036164928258745,0.001805090506281312
2015-11-02,571,761,0.575867783771891,0.0015775210665822683
2015-11-03,1124,1187,0.4995199898063325,0.0025536725215756953
2015-11-04,1181,1292,0.48680729620786617,0.002737536943129145
2015-11-05,788,738,0.39614783721680946,0.001752308559096248
2015-11-06,419,361,0.2747134843139701,0.0008618302313811247
2015-11-07,966,1046,0.5180350143519944,0.002418206274478775
2015-11-08,1290,1362,0.37316796776613903,0.0036028800886181113
2015-11-09,655,649,0.4349625258985803,0.0014354287824240746
2015-11-10,321,203,0.2652738012059662,0.0006865595864488138
2015-11-11,482,371,0.3487411482240992,0.0009853325157257585
2015-11-12,296,255,0.5494722720597548,0.0007255030924028433
2015-11-13,354,390,0.4310803702642642,0.0008846426043878274
2015-11-14,663,637,0.35508170202440426,0.0014308132557924861
2015-11-15,1009,1064,0.3941711899357708,0.0026907632660886607
2015-11-16,459,432,0.3792069826557148,0.0011896755378972416
2015-11-17,329,343,0.5713628217347536,0.0009000276931597895
2015-11-18,407,431,0.4567133272271618,0.001025430680885972
2015-11-19,382,338,0.4415277966528785,0.0008893764778561234
2015-11-20,503,539,0.3935458907238377,0.0011963930873986404
2015-11-21,318,329,0.34998357534500113,0.0008639688913505031
2015-11-22,385,410,0.5651199140237727,0.001153881657897166
2015-11-23,290,277,0.4875643912667354,0.0007158681805594018
2015-11-24,425,269,0.29298532102429914,0.0009317594387519616
2015-11-25,422,362,0.27498813939874317,0.0008354103203175483
2015-11-26,493,584,0.7721063780313874,0.0012622641136210784
2015-11-27,242,252,0.3646796727340454,0.0005760699748671512
2015-11-28,655,754,0.5159127142318304,0.001771317201632329
2015-11-29,317,405,0.6556508873247646,0.0010174226096588926
2015-11-30,344,441,0.7958428811095795,0.0009012639949361079
2015-12-01,265,351,0.6022129354417733,0.0007205349908202303
2015-12-02,384,450,0.5550119592350405,0.0009805896125475188
2015-12-03,256,370,1.051432772863049,0.0007484990829906523
2015-12-04,290,338,0.4882057790592942,0.0007359200795921927
2015-12-05,577,584,0.35200379539909016,0.0016053378565494322
2015-12-06,325,309,0.31090426367124613,0.0008849770628393917
2015-12-07,229,157,0.38573678134508677,0.0005381284459102238
2015-12-08,291,225,0.3636801017769786,0.0006908559543239629
2015-12-09,360,408,0.47402238398990154,0.0008169482137911935
2015-12-10,383,534,0.7049840032626747,0.0010850683517534805
2015-12-11,473,497,0.34315358666270646,0.0011517836912464442
2015-12-12,299,352,0.609828608190824,0.0008897164102594318
2015-12-13,238,238,0.36446459180907803,0.000715406627896243
2015-12-14,410,232,0.3239107905650114,0.00089701756709571
2015-12-15,346,377,0.6450523264580029,0.0009523055968441101
2015-12-16,275,249,0.4915658185681879,0.00060258264356852
2015-12-17,442,417,0.38401991400349117,0.0010120591123083508
2015-12-18,273,354,0.7189629257121668,0.0007200221545278317
2015-12-19,322,353,0.6376253546601096,0.0009928627174542433
2015-12-20,392,488,0.4694556144457597,0.001255222568721178
2015-12-21,231,292,0.7029809837816774,0.0007011672372243204
2015-12-22,335,505,0.5227339596644583,0.0010280432431302676
2015-12-23,465,536,0.46689642323071284,0.0011908058709498754
2015-12-24,688,832,0.676865622221439,0.0018099458005301262
2015-12-25,649,806,0.770471352584821,0.001945444475214622
2015-12-26,540,616,0.4538969839381173,0.0016706199655641578
2015-12-27,452,478,0.4005836951832318,0.0013940988394048489
2015-12-28,273,276,0.35432335801417864,0.0007394662879970775
2015-12-29,214,245,0.4480305868421891,0.0006215910322324298
2015-12-30,482,511,0.4225753769468193,0.0011584147644103336
2015-12-31,370,533,0.6342815581943411,0.0010674454318874147
2016-01-01,349,451,0.5683271437503958,0.0010384934921074493
2016-01-02,332,402,0.429736426218729,0.0009271778498161935
2016-01-03,287,339,0.3698470524254884,0.0008729365585830734
2016-01-04,228,277,0.5097498603960885,0.0006163085561003686
2016-01-05,298,265,0.3583066032559158,0.0007262389863173184
2016-01-06,266,325,0.5270781252545579,0.0007330542297229054
2016-01-07,262,1382,1.319363812622392,0.0021195918454295633
2016-01-08,206,270,0.6073842849010739,0.0006173266869749838
2016-01-09,240,276,0.48359241744763326,0.0007426801943556306
2016-01-10,179,109,0.4717916554189706,0.0005172104843044944
2016-01-11,316,264,0.5658703896505946,0.0007029802100419658
2016-01-12,197,175,0.3644365167747504,0.00047873813465946255
2016-01-13,231,198,0.6323340061954811,0.0006379317165802903
2016-01-14,253,262,0.5162564661933908,0.0007058745620266576
2016-01-15,188,217,0.6544635328827056,0.0005029982084221115
2016-01-16,378,383,0.30427146294811164,0.0009439639562874123
2016-01-17,186,178,0.3317281722500254,0.0005939454007491728
2016-01-18,213,166,0.4249956270259024,0.0004890494175598201
2016-01-19,277,331,0.49783712863933,0.0007249860227919931
2016-01-20,191,179,0.7339860762504536,0.0005000153850887719
2016-01-21,200,226,0.45277586658662605,0.0005719239521751171
2016-01-22,321,311,0.5875464707717474,0.000726316054479998
2016-01-23,475,478,0.44626132472304664,0.0014302887641298055
2016-01-24,282,297,0.44341076477539654,0.0008629961422784386
2016-01-25,281,264,0.2888991254354459,0.0007008064926330544
2016-01-26,347,1224,8.75005940201749,0.0021967022062217294
2016-01-27,389,383,0.8891956719787809,0.0008851920718439688
2016-01-28,311,369,0.532022032246605,0.0008361204013377926
2016-01-29,252,423,0.5641404369080214,0.0007364948099198808
2016-01-30,574,732,0.435480588555826,0.0016051775952080575
2016-01-31,237,279,0.538509690122619,0.0006598319194750734
2016-02-01,367,433,0.47520827177993047,0.0009377910928727877
2016-02-02,278,286,0.35549708342052516,0.0006964015182367603
2016-02-03,232,347,0.5215125063188758,0.0007324840764331209
2016-02-04,315,275,0.3903789646846987,0.0006473883406938837
2016-02-05,282,310,0.47607904279054397,0.000718957032997465
2016-02-06,426,489,0.44367561229406755,0.0011038801193882888
2016-02-07,545,594,0.5129967557593099,0.001608560132455794
2016-02-08,258,212,0.3685886559473831,0.0005223936960298079
2016-02-09,387,261,0.2878666510713835,0.0007772372676779025
2016-02-10,270,356,0.7628570120302425,0.0008938736576510046
2016-02-11,246,236,0.30497386071331756,0.0005266645567116351
2016-02-12,282,242,0.3394825121103962,0.0006563278870119081
2016-02-13,167,166,0.40224018824092944,0.0005711714206590972
2016-02-14,239,242,0.34567559393137426,0.0007846395273700729
2016-02-15,363,349,0.4502476809285563,0.0009577217760546479
2016-02-16,227,653,2.0242987001543558,0.0013154250900027692
2016-02-17,324,1754,5.224001423015685,0.002328533185636481
2016-02-18,389,1979,3.7667486410393467,0.0024923843810578787
2016-02-19,219,273,0.8699446227762208,0.0006120188313486569
2016-02-20,688,639,0.3512978376997821,0.0016011681478311222
2016-02-21,413,375,0.3072155212016138,0.0012613896562670972
2016-02-22,347,282,0.30657238492838634,0.0009204828680043302
2016-02-23,319,220,0.23239977394280814,0.0006483927316106767
2016-02-24,99,84,0.3184613680420936,0.00029275626063219527
2016-02-25,246,159,0.43406476230133567,0.0005029982084221115
2016-02-26,371,227,0.32901609892612615,0.0007425567845526468
2016-02-27,358,426,0.5059150220129756,0.0009359262336277014
2016-02-28,765,812,0.4171419595111963,0.002071556952883618
2016-02-29,207,181,0.32413918521840396,0.0006567769652787654
2016-03-01,186,188,0.4915022840865436,0.00042871141597256246
2016-03-02,270,172,0.3662112006037237,0.0005427859318748269
2016-03-03,241,187,0.3504360532223212,0.00047950193339282236
2016-03-04,334,268,0.32642453550438016,0.0007322710521270477
2016-03-05,351,329,0.33854811344945746,0.0009115665097387612
2016-03-06,470,428,0.3138962395910318,0.0013123480722483768
2016-03-07,354,332,0.4247276156323215,0.0008441088128155422
2016-03-08,400,404,0.5478076961515194,0.0009428262128345207
2016-03-09,342,341,0.47142269339899745,0.0008229571069530732
2016-03-10,327,159,0.35419433958068397,0.000662227734097504
2016-03-11,655,508,0.3247204359879633,0.0012954766274425131
2016-03-12,2026,2219,0.6832124155500205,0.005086796192919296
2016-03-13,423,461,0.4398349133447994,0.001232934826799908
2016-03-14,233,235,0.4395813320772243,0.0006507892550540017
2016-03-15,463,318,0.2746002828577056,0.0008319486753438567
2016-03-16,199,217,0.40189960372040073,0.0005185402878958285
2016-03-17,357,601,0.6966120784538347,0.001018064111934844
2016-03-18,499,471,0.33748072124771633,0.0010886276606919471
2016-03-19,970,874,0.3712348648471361,0.0024340115442466103
2016-03-20,621,597,0.41990090042354883,0.0015524146305093411
2016-03-21,500,476,0.44553906327915554,0.0011373976342129207
2016-03-22,304,294,0.6045355749860629,0.0007587925782331764
2016-03-23,187,263,0.6725720004571569,0.0005538631957906397
2016-03-24,94,264,1.0961706103391962,0.0005830138903059366
2016-03-25,493,583,0.6039683299275779,0.0014510650563188444
2016-03-26,1085,1238,0.5929615517315144,0.0025247675114569283
2016-03-27,1837,2012,0.4400484334664806,0.004865534324133051
2016-03-28,230,145,0.38043839777731564,0.0005345423866351523
2016-03-29,631,739,0.5128830984065007,0.0015947859124410305
2016-03-30,474,707,0.6601065199443589,0.0013908394983581911
2016-03-31,75,261,1.6532063554247127,0.0004981391547507278
2016-04-01,462,696,0.6039831178991616,0.0012896094325718498
2016-04-02,591,655,0.6230142273000192,0.0016222218602201333
2016-04-03,306,280,0.34137258018549377,0.0007939687833275393
2016-04-04,366,208,0.39568116639170586,0.0007586771900673868
2016-04-05,661,590,0.4554747448723526,0.0014240491219358474
2016-04-06,231,296,0.47126959358989273,0.0006604818609803379
2016-04-07,322,362,0.42881261253741415,0.0007472378460451302
2016-04-08,564,475,0.38968445702347215,0.0011296501430813255
2016-04-09,511,500,0.5213839610306618,0.001359225495792335
2016-04-10,324,328,0.3465220810306246,0.0009566727927292868
2016-04-11,335,238,0.5026926969709017,0.0006792661835168223
2016-04-12,402,388,0.4619819999106804,0.000925203292968455
2016-04-13,452,543,0.5720696794838389,0.0010788793501338503
2016-04-14,474,652,0.5309817041932442,0.0012984205182021795
2016-04-15,1018,985,0.42828605147854293,0.0020318807012243735
2016-04-16,2410,2740,0.5725592534264645,0.0053330312261356295
2016-04-17,3590,4215,0.6268916173569952,0.009247366762478634
2016-04-18,1380,1528,0.4550495362716671,0.0031264698254451786
2016-04-19,975,883,0.40407351722034285,0.002039533120565122
2016-04-20,979,1042,0.45170460278240604,0.002151714558250144
2016-04-21,426,552,0.5366303996742935,0.0010783904172279616
2016-04-22,1192,1448,0.45521542931543296,0.002742687940694033
2016-04-23,3484,3668,0.5522111848550939,0.007667543616726669
2016-04-24,1770,2313,0.6193684326558643,0.004721918431910031
2016-04-25,320,535,0.6785157348342232,0.0009692605926336195
2016-04-26,794,813,0.5447111255142141,0.001785054924766916
2016-04-27,1322,1617,0.989153003355601,0.003061159278273651
2016-04-28,816,2059,1.3242425123131207,0.0029465941609392175
2016-04-29,897,1202,0.735320811011167,0.002132583100459035
2016-04-30,3946,4443,0.5447686727354146,0.008866071618771702
2016-05-01,342,436,0.5784939617565941,0.000947053813557108
2016-05-02,757,898,0.45311887413921054,0.0017210866103572419
2016-05-03,1662,1846,0.4653835892697403,0.003848009219142227
2016-05-04,1307,1610,0.5565730842333199,0.002990651460604382
2016-05-05,955,1212,0.5528063389762032,0.0021699864014185512
2016-05-06,3723,3937,0.5302868641562765,0.007296378350103081
2016-05-07,3306,3869,0.7816281704256274,0.007235856125889846
2016-05-08,2302,2566,0.49635258062855364,0.005366666368890755
2016-05-09,1756,1785,0.5073414305002432,0.0039496801667037425
2016-05-10,1374,1699,0.5857014777840163,0.0032038855633427774
2016-05-11,1790,1964,0.4970878401578253,0.00375283040383143
2016-05-12,2228,2474,0.4634128241775745,0.0046486380182935395
2016-05-13,2049,2386,0.7804980083693607,0.004513571714950586
2016-05-14,901,1017,0.5384610600307396,0.0020725203455391676
2016-05-15,693,973,0.59732701031148,0.0019543111447963583
2016-05-16,1193,1492,0.6744063259576352,0.0030814507460724997
2016-05-17,1899,1785,0.5795016210508356,0.003795221671156315
2016-05-18,1731,2383,0.5125039890451998,0.0041818737935908935
2016-05-19,2002,2668,0.6258542081380772,0.004549590536851683
2016-05-20,3833,5543,1.235697932239022,0.008946429120896028
2016-05-21,12626,13284,2.05322262998538,0.022637405396310147
2016-05-22,16228,17552,1.3716755145045758,0.028107723055056006
2016-05-23,19723,20548,1.3173192504678755,0.03197764175237222
2016-05-24,4250,4907,0.5571248925302837,0.008735845718329796
2016-05-25,2074,2757,0.6484267119922869,0.004849357355791943
2016-05-26,1753,2204,0.9935795847980451,0.003735691867442075
2016-05-27,3915,4927,0.7230517010536419,0.008432951783131788
2016-05-28,11240,11633,0.8486755602081015,0.020232871070589156
2016-05-29,10226,10046,0.702750572493763,0.019423674574602298
2016-05-30,4632,5189,0.5673874211306213,0.009644142896704514
2016-05-31,3820,4908,0.5984460668451607,0.008949643915564796
2016-06-01,4271,4602,0.5749098259295279,0.00834588377218772
2016-06-02,3033,3770,0.7605052066838622,0.00629551595350543
2016-06-03,6747,8059,1.2426792289773774,0.01341842906907257
2016-06-04,15369,15057,0.8692028032199165,0.0259366954880663
2016-06-05,2591,2789,0.5919294884345623,0.005574297390968673
2016-06-06,3721,4007,0.7411514577988448,0.007684851841595126
2016-06-07,2397,3461,0.6543323270410687,0.005724571745064684
2016-06-08,1840,2138,0.9021797521942029,0.0037558847964552756
2016-06-09,3876,4892,0.8893524529262088,0.008728362210476041
2016-06-10,7744,8471,0.9558136248086547,0.014323221779605055
2016-06-11,9589,10032,1.2137699117555882,0.018043016708206405
2016-06-12,10246,9836,1.092031506791376,0.018224649827282134
2016-06-13,4048,4410,0.6269907653760848,0.007843900394440412
2016-06-14,4264,5446,0.9796437396369535,0.009139691126428758
2016-06-15,3972,5189,1.1644922541995735,0.00838733499492292
2016-06-16,3771,5880,1.6915186056362286,0.008722434374498973
2016-06-17,8665,12156,1.3553622301555972,0.018651522943962714
2016-06-18,23584,21844,1.8644969617736555,0.034876457737161144
2016-06-19,19428,17304,1.2546048289526293,0.029161374726649415
2016-06-20,4401,6208,0.8648864806959751,0.009723991507430998
2016-06-21,5534,8059,1.9111277365064,0.013001361580356318
2016-06-22,5963,6684,1.0785258725640239,0.011156260429314984
2016-06-23,5900,6879,1.0380543480979443,0.011727130065540478
2016-06-24,9029,10743,1.5535860152774497,0.0172582720169384
2016-06-25,16973,17052,1.2979600243196578,0.02669951033458372
2016-06-26,14981,13427,1.2529567096494294,0.023626769609593177
2016-06-27,7105,7414,0.7026563149266806,0.012817850016686904
2016-06-28,5254,5057,1.4143493105662863,0.008966975030585167
2016-06-29,6784,7403,1.1362324054368007,0.012686704046438192
2016-06-30,9129,13092,1.6110341138465096,0.019161070340625867
2016-07-01,11643,11968,1.3623018662518507,0.018719939393360644
2016-07-02,19441,19259,1.8781760673722288,0.03145209897861111
2016-07-03,15698,14935,1.1454082620960493,0.026776481145865835
2016-07-04,10357,10915,1.271679037658029,0.019057029926595144
2016-07-05,8398,9597,1.3865516740454844,0.016766524209060902
2016-07-06,10497,10442,0.9205704313412703,0.018051613126557738
2016-07-07,7282,7897,1.3222600829157558,0.013403666858388544
2016-07-08,5925,7124,1.1823831166687955,0.011817873748342055
2016-07-09,14290,14189,1.370007903536081,0.022857322264656445
2016-07-10,16334,15911,1.591973778519217,0.02619447114209849
2016-07-11,8397,8689,1.0852855223078788,0.016135059160935192
2016-07-12,8794,11879,2.3361284355569505,0.018518451916402622
2016-07-13,7900,8094,0.7551068400070945,0.015310086464198899
2016-07-14,4699,5634,1.2703082676284236,0.009866649743069018
2016-07-15,9524,13653,2.0640712065125157,0.019740778348735517
2016-07-16,22690,23181,2.0204112679633734,0.03601920268875406
2016-07-17,22694,20661,1.5968587864921409,0.0360945304341153
2016-07-18,7953,9665,1.2149784192146544,0.01641381065363342
2016-07-19,10320,11601,1.227289503065891,0.018901446967599003
2016-07-20,10516,13711,1.9830741589827199,0.021434683197352818
2016-07-21,11639,12772,1.3186283390901519,0.022168192219679632
2016-07-22,9615,10660,0.8773771212475795,0.016641446110429774
2016-07-23,19586,21484,1.183302654359055,0.03592311116875651
2016-07-24,14186,14163,1.7302722047570145,0.022490347183096348
2016-07-25,6500,7623,1.2727574227667913,0.01332496215900426
2016-07-26,10730,11466,1.252488055285994,0.019139435059540293
2016-07-27,9973,11593,1.3034126438877582,0.018594225976183883
2016-07-28,9792,10707,1.0315669649369947,0.018362003546163057
2016-07-29,11054,13066,1.6935990061290607,0.021903103091431154
2016-07-30,16083,15941,1.797611959747971,0.02512524860904811
2016-07-31,12906,13979,2.986407905263442,0.023197348379950154
2016-08-01,23928,25585,2.171301379119364,0.0388845006419778
2016-08-02,10921,11859,1.746773982021114,0.019644835225699254
2016-08-03,13008,12942,1.6572023507804061,0.022672460028955125
2016-08-04,11804,14195,1.5484242857245285,0.021617347262214183
2016-08-05,7090,9611,2.0227897678473865,0.014031482394580245
2016-08-06,21336,20535,1.9204223346774356,0.03287225271267088
2016-08-07,19427,18959,2.3058338869462554,0.031196344502907782
2016-08-08,10329,11765,1.59168775103587,0.018584811990462746
2016-08-09,10785,11251,1.3465864159209686,0.019000969260592634
2016-08-10,10852,11338,1.4437051046265332,0.019626639399555487
2016-08-11,9641,10092,0.8312618626414288,0.01767327106568314
2016-08-12,7292,8082,0.9576232653667837,0.013071342366089898
2016-08-13,5072,5812,1.8686154311323915,0.009845647072541503
2016-08-14,17420,17461,1.5617597642597052,0.02867972860703406
2016-08-15,10747,10555,0.7281577537825943,0.019594756761746514
2016-08-16,1603,3002,1.6662550877970488,0.004358787962706545
2016-08-17,10655,12345,1.1904793986791544,0.019349751099283354
2016-08-18,11690,12173,1.4593535022880368,0.020582075602326225
2016-08-19,12827,15046,1.361517657167478,0.023464042796063518
2016-08-20,18172,17909,1.4151358185029186,0.028643321651276272
2016-08-21,14083,13173,1.266385962954541,0.02137408423755696
2016-08-22,9873,10416,2.020725615569679,0.017939309375199712
2016-08-23,9172,11635,1.8030037358410793,0.018399086835807967
2016-08-24,10975,12895,1.2081648676341956,0.02111780954206875
2016-08-25,8016,6957,3.121254149138619,0.013220820995675607
2016-08-26,13129,13427,1.3131112893361783,0.02235209488622164
2016-08-27,18046,18539,1.5912707804858073,0.030084167424931755
2016-08-28,13204,12695,1.5007743512274572,0.021533934130318004
2016-08-29,11130,10506,1.1224523997835347,0.019134908293036237
2016-08-30,9980,12484,2.481930282151901,0.019869842148989198
2016-08-31,9025,10010,1.8187654151258301,0.0168262573759666
2016-09-01,9935,10709,1.935320733025638,0.01779631680974799
2016-09-02,11040,12984,1.9862228834298872,0.020464732248171736
2016-09-03,18789,19220,1.6346981954347795,0.03088927623112385
2016-09-04,20729,22256,1.961385348496466,0.032633802088246844
2016-09-05,19718,17572,1.005754846772216,0.028616265115849717
2016-09-06,5301,4031,0.3762156227418492,0.009030505380663934
2016-09-07,2816,2446,0.4606754110797684,0.005135103058116074
2016-09-08,2134,4563,0.9544621824188144,0.006461087210050667
2016-09-09,4885,4511,0.529977588225071,0.008165100308831313
2016-09-10,2658,2899,1.1757940610555386,0.0049929673949481845
2016-09-11,12733,9581,1.1761178308159959,0.01854357335183993
2016-09-12,3811,4331,0.5544075570009319,0.007870122981032136
2016-09-13,3723,3542,0.5254674669152746,0.006916558971045263
2016-09-14,2024,2037,0.6177739473745993,0.0038906939281772046
2016-09-15,3150,3140,0.540683366376756,0.006334810301855441
2016-09-16,4371,4417,0.43996189814454295,0.008878101226644078
2016-09-17,2100,1623,0.7412868867172621,0.0034616449736914984
2016-09-18,9558,8261,0.4757416787877021,0.015746934225195092
2016-09-19,3217,3447,0.5694881778584636,0.0066172604642015746
2016-09-20,3506,3402,0.4624694843638614,0.0068620840507467125
2016-09-21,3587,3602,0.515151938821045,0.007359353881382343
2016-09-22,3358,3352,0.5371241368347519,0.00686439031648735
2016-09-23,1615,1591,0.7196579057698556,0.0029713243020754693
2016-09-24,7531,6974,0.7012129810033753,0.01314423034878806
2016-09-25,6478,6110,0.6272376881746244,0.012746998550181635
2016-09-26,832,700,0.5255360202453775,0.00164148971333113
2016-09-27,3421,3130,0.5045795392698782,0.0064099774498556
2016-09-28,2133,1892,0.3283288404082632,0.004499003500233803
2016-09-29,646,537,0.5473282506911112,0.0013189454069251676
2016-09-30,1715,1736,0.46130044004984166,0.0034967780868573224
2016-10-01,1133,1016,0.36797991021738075,0.0024524874559373666
2016-10-02,1821,1728,0.37081651302970137,0.0039587598912249
2016-10-03,1628,1865,1.3648039321079124,0.003594865856012353
2016-10-04,2123,1999,0.46971839019666356,0.004254676367664459
2016-10-05,2387,2370,0.5616484046347433,0.004846302963168098
2016-10-06,2503,2545,0.48122361298878047,0.005226034926948801
2016-10-07,3889,4118,0.5397249220384143,0.00773848296090584
2016-10-08,4255,4063,0.6514624421019023,0.008656210400879466
2016-10-09,3622,3544,0.5875784490224958,0.00722669294801831
2016-10-10,3673,3624,0.4743137947532716,0.007949695155455332
2016-10-11,1348,1220,0.49495725893853654,0.0027087371919135976
2016-10-12,1968,2098,0.47817044438029893,0.004070487236711356
2016-10-13,1133,1160,0.5933190069041834,0.002411252076986984
2016-10-14,1559,1776,0.5136714269252031,0.0033262335673676837
2016-10-15,3923,3775,0.6320671298470381,0.008258186790362781
2016-10-16,777,779,0.3702059121461413,0.0019257002779572705
2016-10-17,486,547,0.6184688046099435,0.0011031865293207005
2016-10-18,1313,1319,0.41051532315783934,0.0029179964679871616
2016-10-19,1859,1713,0.3463660111100286,0.0038561626072011004
2016-10-20,349,501,1.019201158346103,0.0009115665097387611
2016-10-21,497,363,0.3566029059577884,0.001013317892298784
2016-10-22,1623,1534,0.4088605128198515,0.0036353139418631394
2016-10-23,1946,1904,0.4602806250978838,0.004690528939351979
2016-10-24,822,1860,0.8693965730094501,0.002974744746244399
2016-10-25,1014,951,0.4322861320348906,0.002090174203162295
2016-10-26,884,805,0.37956164188425423,0.0019127055278363194
2016-10-27,244,254,0.5530132825720572,0.0006343994257908093
2016-10-28,1303,1296,0.5087358939187655,0.002699017957949002
2016-10-29,1468,1524,0.5925519473958457,0.0030224810591186965
2016-10-30,604,634,0.4535065386119779,0.0014085314030882648
2016-10-31,1192,1189,0.3745301664474553,0.0025064473137635006
2016-11-01,865,968,0.5028637684208249,0.0020458321794516753
2016-11-02,619,621,0.4762190489929734,0.001293446391757109
2016-11-03,642,558,0.3275724489033888,0.001292725778699874
2016-11-04,999,921,0.4809806281356461,0.0020407221321095594
2016-11-05,2067,2058,0.39728367660688285,0.004324393413288457
2016-11-06,1880,1774,0.42837415913880456,0.0044482137911935745
2016-11-07,1176,1021,0.34995771841157614,0.0023840683931714026
2016-11-08,543,545,0.3525615651561978,0.0012758634331605807
2016-11-09,654,521,0.42421653246430696,0.0012643516395712553
2016-11-10,785,716,0.3300764408562686,0.0016920990006993697
2016-11-11,702,664,0.437479974257454,0.0015336847391914537
2016-11-12,1387,1317,0.33490103621299994,0.0032737271036911023
2016-11-13,1531,1483,0.47533204959071895,0.0037949885637506794
2016-11-14,848,770,0.44309415581036726,0.001681061340348934
2016-11-15,617,543,0.3600610940503886,0.0013154250900027692
2016-11-16,512,343,0.36208909969895214,0.0009878051192783953
2016-11-17,682,755,0.8676031020618205,0.0015888950429243977
2016-11-18,1446,1410,0.38999342455468033,0.003020285239545832
2016-11-19,352,365,0.4212216880776103,0.0008333123536668261
2016-11-20,370,350,0.3658884403595129,0.0009692605926336196
2016-11-21,324,347,0.48311804862962576,0.0007910499810250571
2016-11-22,442,342,0.34096035997714363,0.0008830231213591997
2016-11-23,490,326,0.38523468205252076,0.0009218907140462622
2016-11-24,303,364,0.6259564193093294,0.0008020566089987094
2016-11-25,360,463,0.44984267379652426,0.0008965073762373914
2016-11-26,823,791,0.3262584308750418,0.0017330558061836147
2016-11-27,598,633,0.6931490632961422,0.001670067085266674
2016-11-28,290,454,0.9204033718241079,0.0008846426043878274
2016-11-29,391,424,0.42838622014844385,0.0008871198644443297
2016-11-30,337,456,0.5644733699783949,0.0008307947936859596
2016-12-01,338,422,0.7088845716959411,0.0007794284489150534
2016-12-02,439,536,0.580316637724957,0.001019510277735593
2016-12-03,872,842,0.37135310899864565,0.0018447217730768887
2016-12-04,461,416,0.48924385478264987,0.0011213014699094814
2016-12-05,414,311,0.4330798112676949,0.0009346441428967046
2016-12-06,361,340,0.5951668656242644,0.0008295127029549627
2016-12-07,438,318,0.49591393962443175,0.001068594752748245
2016-12-08,289,370,0.6093253934650175,0.0007603031142216963
2016-12-09,322,393,0.5153758963636011,0.0009013852009926097
2016-12-10,292,310,0.4590321669490388,0.0006750207698698422
2016-12-11,294,328,0.4968413630776451,0.0009560733736862232
2016-12-12,353,212,0.398302800510741,0.0006419777951209687
2016-12-13,282,352,0.5534408378625347,0.000808640265854334
2016-12-14,268,352,0.5268037295306022,0.0007112106945947988
2016-12-15,201,368,1.049823909074732,0.0006602767264633784
2016-12-16,372,417,0.8119960539567835,0.000841179728607034
2016-12-17,400,255,0.33182799673964325,0.0008377180836333425
2016-12-18,434,370,0.3152220705595939,0.0010222033981136071
2016-12-19,546,348,0.33793841942779435,0.0009290608445520408
2016-12-20,363,373,0.6775619665965465,0.0008921900064269031
2016-12-21,410,560,0.9148560834602594,0.0010886276606919471
2016-12-22,542,337,0.3559516865550533,0.0009800036287588689
2016-12-23,450,465,0.5963682489226609,0.0009692605926336195
2016-12-24,548,475,0.5735932261863397,0.00131949761350123
2016-12-25,550,499,0.32519290406440793,0.0014759864951654814
2016-12-26,338,294,0.38110531281460097,0.0008237302121069974
2016-12-27,483,522,0.4826594217573236,0.0012435796282846438
2016-12-28,560,635,0.5219880228856418,0.0012870509508741506
2016-12-29,523,490,0.45087135661913347,0.0011399554999570278
2016-12-30,738,623,0.3995778540428564,0.001337124954016955
2016-12-31,530,508,0.4526058013674291,0.0011697972669716097
2017-01-01,852,893,0.41837996982527786,0.0021273381838322297
2017-01-02,615,748,0.681248112304548,0.0017454679078882898
2017-01-03,240,345,1.1041149591593606,0.0008307947936859596
2017-01-04,329,333,0.35760059295257274,0.0007640794541929962
2017-01-05,277,374,0.5976768145221215,0.0007355995569094433
2017-01-06,438,441,0.4138148697910468,0.0009984112871489162
2017-01-07,418,334,0.2856412542254545,0.0009720299086125728
2017-01-08,350,365,0.35134690689442677,0.001006887168434614
2017-01-09,324,223,0.5280810661145189,0.0007365202071684038
2017-01-10,261,152,0.36169857135510014,0.0005661712668082095
2017-01-11,553,238,0.23746415602709736,0.0008915254072594946
2017-01-12,337,203,0.28931638051272507,0.0006230960952644696
2017-01-13,313,244,0.3231969592206512,0.0005956416696110543
2017-01-14,475,458,0.3915769428142627,0.0010255856633919896
2017-01-15,501,441,0.30790503711440054,0.0012351149266131266
2017-01-16,461,378,0.42579729347625495,0.0009868835124996853
2017-01-17,198,181,0.6485464406921202,0.0005707492688330373
2017-01-18,208,170,0.38986420868674404,0.0004996809266372076
2017-01-19,259,386,0.5912456900829032,0.000806359652695196
2017-01-20,396,312,0.36661087863262787,0.0007758859423791289
2017-01-21,53,48,0.5432049117994839,0.0005134773377642389
2017-01-22,279,241,0.3206836249418175,0.0007307917166682051
2017-01-23,289,287,0.584451482935843,0.0007126916122306026
2017-01-24,374,320,0.5006133574824592,0.0008373261992966983
2017-01-25,292,1358,1.5056885573226078,0.0020462168066709744
2017-01-26,423,376,0.5302262397654564,0.0009551575945926541
2017-01-27,319,336,0.46702647943112985,0.0007126213963082154
2017-01-28,335,447,0.5487330116811121,0.0009151330530449888
2017-01-29,377,396,0.34664753082200633,0.0009405224079463692
2017-01-30,417,398,0.33381454397782956,0.0009756710462886037
2017-01-31,301,271,0.3822849427202289,0.0006507892550540016
2017-02-01,308,534,0.6997041919668738,0.0008416124342287456
2017-02-02,363,260,0.46985057744094993,0.0007602304922991713
2017-02-03,227,295,0.5182780777150506,0.0005878502555323381
2017-02-04,445,447,0.3234744338617631,0.0011183776068849456
2017-02-05,377,363,0.4900012888223091,0.0009554140127388534
2017-02-06,393,291,0.30372912044414374,0.0008077171605280162
2017-02-07,149,186,0.8741427947556923,0.0005411097669401973
2017-02-08,495,305,0.532671397621691,0.000956439685323651
2017-02-09,384,476,0.6519797052031984,0.000975333653990973
2017-02-10,395,219,0.3096996409180345,0.0006636808984043011
2017-02-11,566,574,0.44465900036750333,0.0013657762896201002
2017-02-12,195,181,0.4382036624180768,0.0005815563555801718
2017-02-13,359,266,0.4609411517920408,0.0006641664593591145
2017-02-14,449,341,0.39894214745005074,0.0008903107949880239
2017-02-15,453,332,0.3624776837225497,0.0008365642019754453
2017-02-16,484,380,0.34342559884745644,0.0009989318352652608
2017-02-17,579,469,0.3637780241030521,0.0011605311454172514
2017-02-18,1745,1714,0.5089748025773545,0.003922043755192468
2017-02-19,1999,2050,0.4271511213207536,0.004602833933351796
2017-02-20,1341,1407,0.3681485138594284,0.003520427624188146
2017-02-21,431,343,0.6568588045730606,0.0008390088665048885
2017-02-22,476,455,0.5372302715111589,0.0011243935710842385
2017-02-23,1043,903,0.43042013546247343,0.0021394100902978603
2017-02-24,464,385,0.5461687469333242,0.0009270167895648418
2017-02-25,524,552,0.534936694336946,0.0012151567528337743
2017-02-26,509,617,0.39636158696104545,0.0014898919966768209
2017-02-27,681,673,0.4556529265452092,0.0015753521160974994
2017-02-28,257,371,0.6246238888620798,0.0007071646160541204
2017-03-01,530,525,0.5153995152491997,0.0011481122496076804
2017-03-02,517,466,0.4216304298371236,0.0010650327702390844
2017-03-03,460,373,0.3517366090661683,0.0009793308325570858
2017-03-04,547,443,0.42052231329137735,0.0011125010743036124
2017-03-05,400,431,0.8324300659904702,0.0010588561095997524
2017-03-06,440,333,0.35072671865207156,0.0008227176220806794
2017-03-07,328,266,0.4946497518875175,0.0007066980870819247
2017-03-08,549,427,0.39107207816719225,0.001003327574914393
2017-03-09,644,408,0.3684449386913745,0.00106878288562725
2017-03-10,365,270,0.3586277630178497,0.0008864821258714315
2017-03-11,439,373,0.38841142694445435,0.000952896452757987
2017-03-12,472,483,0.41397209592449546,0.001280102182107958
2017-03-13,338,255,0.3199445759619536,0.0007202884349104232
2017-03-14,249,161,0.46276115700558446,0.0005615557401766209
2017-03-15,295,319,0.44242890171382143,0.0007328237095248795
2017-03-16,542,645,0.6997332166980759,0.001300424628450106
2017-03-17,739,581,0.32688615920806685,0.0013154250900027692
2017-03-18,416,381,0.45809621767427444,0.0008821226329510404
2017-03-19,806,752,0.34222868377247667,0.0020457643040600344
2017-03-20,411,348,0.3975832234529313,0.0008861811132650235
2017-03-21,986,1079,0.4801249933966819,0.002438941441113168
2017-03-22,405,400,0.43163376652998153,0.0009085299790600843
2017-03-23,750,549,0.4632697343862014,0.0014550643279245621
2017-03-24,501,453,0.8042101874294841,0.0011769592910551093
2017-03-25,496,378,0.384188880108591,0.0009227270044626846
2017-03-26,314,398,0.5125433356593354,0.0009577217760546479
2017-03-27,417,369,0.3738449080537435,0.000938490415089695
2017-03-28,709,703,0.5138093418165726,0.0013898246237656912
2017-03-29,683,796,0.6931781838044406,0.0015306961368042092
2017-03-30,454,336,0.4431318697559483,0.0008903107949880239
2017-03-31,345,450,0.9758361547016586,0.0008636510849616755
2017-04-01,981,1199,0.5319964173731356,0.002289012738853503
2017-04-02,2079,2397,0.5150005278933011,0.005183079948744186
2017-04-03,478,1545,0.9151353958571871,0.0022268024388140063
2017-04-04,287,290,0.8576606779787965,0.0007140491200634228
2017-04-05,736,802,0.531189047235642,0.0017054370903720115
2017-04-06,282,277,0.6761073910622615,0.0006474558191534098
2017-04-07,579,517,0.4584603872190542,0.0010981402978079797
2017-04-08,2440,2787,0.648355788676584,0.005252537182139541
2017-04-09,2253,2581,0.535788760923706,0.005700971170465723
2017-04-10,1382,1560,0.6082257723689122,0.003215979846526295
2017-04-11,897,1097,0.6539024640886975,0.0021220433156185024
2017-04-12,717,1004,0.6437058725535632,0.0017360674034725544
2017-04-13,1257,1739,1.0479353287068012,0.002852200436069756
2017-04-14,5457,6642,0.8338972434435431,0.01095246250491918
2017-04-15,2065,2066,0.5660454740342851,0.004264117217592709
2017-04-16,4100,4174,0.43174947238392425,0.009170009201275673
2017-04-17,2399,2436,0.5441076356619681,0.005161096302963168
2017-04-18,1156,1076,0.43343881066622175,0.00238358982474186
2017-04-19,603,645,0.49435726672403746,0.001239898290576773
2017-04-20,363,205,0.4353809757774859,0.0006727347779060837
2017-04-21,967,935,0.4522111117612115,0.0018391870251526132
2017-04-22,2833,3175,0.5397291100578273,0.005628729566810696
2017-04-23,3958,4049,1.1996091843941477,0.0076300424628450115
2017-04-24,1541,1381,0.4027311313024197,0.003091681667128219
2017-04-25,281,1540,3.4255173660833806,0.0021044414098683145
2017-04-26,1439,1468,0.4948121566684403,0.002890473553032401
2017-04-27,2101,1985,0.481854452872684,0.0041529406415719795
2017-04-28,2567,2617,0.500298026449731,0.005057957827273806
2017-04-29,3711,3677,0.5219465683153135,0.006842830091237735
2017-04-30,595,624,0.411537168971318,0.0013858516601571824
2017-05-01,350,384,0.5498151595421873,0.00079207130753958
2017-05-02,605,1143,1.1022084526907148,0.001882688201820602
2017-05-03,2780,2834,0.3798968216161544,0.0057318640803184304
2017-05-04,535,397,0.4117633114949208,0.0010244122244178568
2017-05-05,175,250,0.8628286929613941,0.0005312565347379605
2017-05-06,146,161,0.3829608617222925,0.000462129603987815
2017-05-07,206,229,0.5676161973983671,0.0006653112778704635
2017-05-08,618,718,0.5288101577200194,0.0016436403171379633
2017-05-09,536,431,0.4865572179980182,0.0010465706637127297
2017-05-10,604,1592,7.379154064834724,0.0025520679150870425
2017-05-11,522,347,0.6590538472573936,0.0009170521766369609
2017-05-12,354,361,0.6690484709993539,0.000716505562808526
2017-05-13,403,472,0.7773798901014085,0.0011185864542438409
2017-05-14,367,334,0.581140521659849,0.0009014123511492661
2017-05-15,410,326,0.6379662281932893,0.0008406852078965066
2017-05-16,414,354,0.40606128699636823,0.0008975101331789231
2017-05-17,391,319,0.5624224718265802,0.0007931418132703679
2017-05-18,384,204,0.343841132294409,0.0006577125450013847
2017-05-19,399,385,0.6298264688419497,0.0009000276931597895
2017-05-20,362,340,0.46290708202098757,0.0008477764482738802
2017-05-21,227,117,0.5255357855550437,0.0006112275982118131
2017-05-22,191,149,0.6009813380651693,0.0006033152668433754
2017-05-23,345,224,0.8275456620540816,0.0007689270962838136
2017-05-24,380,221,0.4960538820112651,0.0007309396502140895
2017-05-25,335,243,0.6848047027814385,0.000782184460012845
2017-05-26,391,247,0.5888872992603261,0.00085098772269916
2017-05-27,352,207,0.4696546030932929,0.0007907935628788578
2017-05-28,168,145,0.5159900546843221,0.0005164400068858667
2017-05-29,309,243,0.6219665032584752,0.0006950983107172528
2017-05-30,299,229,0.5422490169479237,0.0006475312362552332
2017-05-31,252,1331,2.7751578378169754,0.002214010431090187
2017-06-01,347,331,0.6596716703245235,0.0008164257013423345
2017-06-02,378,354,0.739400106412966,0.0008692575156158651
2017-06-03,311,275,0.3729352978118276,0.0007759854149358442
2017-06-04,218,237,0.5759629632615577,0.0006990834239552587
2017-06-05,287,93,0.1952473934904431,0.0005026910527012871
2017-06-06,266,205,0.8603323481137721,0.0007071646160541204
2017-06-07,329,239,0.7510741837802011,0.0006329865094750168
2017-06-08,298,260,0.5664398471390327,0.0007892550540016616
2017-06-09,177,228,0.5111849739399241,0.0005149196898366103
2017-06-10,194,277,0.48909114082086186,0.0006718738198937589
2017-06-11,249,250,0.47079289412545894,0.0008165931732810714
2017-06-12,257,262,0.6182212545095799,0.0006640706684224506
2017-06-13,284,240,0.43201477511464825,0.0007744424336491211
2017-06-14,291,398,0.5781434806242932,0.0007825790244095422
2017-06-15,234,251,0.5079107605148406,0.0006769439059663375
2017-06-16,340,328,0.3967632723819826,0.000756616687106856
2017-06-17,368,293,0.3334455428573322,0.000794218922265823
2017-06-18,309,242,0.6213493566172581,0.0007977518189370862
2017-06-19,314,277,0.4255820022323703,0.000765800643159507
2017-06-20,299,266,0.5568211116979014,0.0006977590260695805
2017-06-21,322,291,0.6932501953075265,0.0007023992346617657
2017-06-22,364,259,0.5130371689353697,0.0007934090279700914
2017-06-23,303,273,0.468266397381619,0.0008370886936381259
2017-06-24,462,383,0.28843270977409063,0.0012308071017569772
2017-06-25,261,268,0.4308921894233443,0.0007446382965629712
2017-06-26,214,165,0.4947893742482825,0.000513861964983538
2017-06-27,215,210,0.38545049745334725,0.0005568092766193133
2017-06-28,278,335,0.8503566737887894,0.0007315174284027317
2017-06-29,239,320,0.9678632138282184,0.0008982968706729438
2017-06-30,340,338,0.43832122038877946,0.0009086818055940183
2017-07-01,381,521,0.7764678954745681,0.0012052176173709584
2017-07-02,345,337,0.3849489938684891,0.0010823972820176832
2017-07-03,387,487,1.045908677007921,0.0010309408121648499
2017-07-04,457,433,0.4498736836101262,0.0009245942058763099
2017-07-05,490,456,0.5926576433359266,0.0011436249320491913
2017-07-06,562,469,0.4761314214811297,0.0011830323524124628
2017-07-07,483,430,0.4449534026709767,0.0011701717518910085
2017-07-08,670,713,0.38171375385899214,0.0017720959461474555
2017-07-09,414,353,0.393341732894098,0.001110803409335672
2017-07-10,374,280,0.4656284770185352,0.0008015039516008777
2017-07-11,640,470,0.5543915451493225,0.0012115757407920244
2017-07-12,432,370,0.49105001811487153,0.0009048861422456723
2017-07-13,370,330,0.5839437362570397,0.0008451638860295847
2017-07-14,477,395,0.45230507174589246,0.001008822249475808
2017-07-15,854,858,0.40156507512063705,0.0019396946242413718
2017-07-16,414,433,0.64412281132802,0.0012055554886638653
2017-07-17,470,412,0.5788353890226865,0.0010829070502604726
2017-07-18,683,694,0.4666452679563237,0.00157445162768934
2017-07-19,597,663,0.5663188201160391,0.0014885073386873443
2017-07-20,494,367,0.5105795404394371,0.0009765482662624437
2017-07-21,868,747,0.3937974614913525,0.0017055469838632399
2017-07-22,575,607,0.33800347371206824,0.0014186450492182975
2017-07-23,399,427,0.3657494022365287,0.001122149912304994
2017-07-24,493,601,0.5009931367464175,0.0012595529255151172
2017-07-25,697,622,0.8336150078701975,0.0014527370072925322
2017-07-26,546,390,0.2506846125372024,0.0011308040247392228
2017-07-27,508,610,0.48837465326733476,0.0011996586023580043
2017-07-28,825,1276,0.6298740798985519,0.002069860068092593
2017-07-29,876,912,0.6463407759399463,0.0017783555223053935
2017-07-30,1082,1452,0.9009814474008672,0.0023340022685629526
2017-07-31,5921,6206,0.6288039706555868,0.011125265392781317
2017-08-01,7218,7495,0.8582657958570972,0.01333370986313749
2017-08-02,6870,7164,0.6721153240423786,0.012075948490722792
2017-08-03,6216,6462,0.5426438462750631,0.011792046823893959
2017-08-04,3134,4413,1.3812097033278594,0.0063813929317483266
2017-08-05,9286,8943,1.164504446725898,0.014955130487531484
2017-08-06,17594,16765,1.473973369726335,0.02859068508873489
2017-08-07,6451,6533,1.0224652535240994,0.011455382059092942
2017-08-08,9527,9703,0.8012814767569377,0.01744851258581236
2017-08-09,9410,9108,0.9891022254493718,0.016367367516633646
2017-08-10,9160,8968,0.6085144372324498,0.016664820456014032
2017-08-11,4558,4843,0.8037330977534788,0.008846636798518985
2017-08-12,10703,11055,1.1439085128457207,0.01949400640898841
2017-08-13,17667,17097,1.4130419835776877,0.028246208480622932
2017-08-14,8921,9264,0.7732072328048029,0.015867479466748928
2017-08-15,5989,6207,0.7716780250132693,0.011341097397591444
2017-08-16,9757,9603,0.979731641324818,0.016897209300695135
2017-08-17,4729,5008,0.8929382899301749,0.008573340718175945
2017-08-18,7228,8528,1.0611552649203453,0.014097436764288053
2017-08-19,12959,12275,0.988734478667726,0.02001149106975175
2017-08-20,18885,17340,1.002583236788984,0.027490786698762325
2017-08-21,8882,9695,0.863185756017737,0.015615396045957138
2017-08-22,2474,2585,0.6053525581492272,0.004539309711553878
2017-08-23,8094,8124,0.9742240906947895,0.014325884583430969
2017-08-24,6358,6644,1.0697061180486698,0.01147135888204844
2017-08-25,9114,9311,0.976510837577006,0.016284820598030235
2017-08-26,14342,14001,1.2295971448320415,0.02386086551255986
2017-08-27,13601,13459,0.9665021511038713,0.022502360591632662
2017-08-28,7410,7449,1.0242136422071464,0.013290918441846161
2017-08-29,7415,7124,0.8652678548902151,0.012835602042193014
2017-08-30,8406,8283,0.7921660880894317,0.01513376524945707
2017-08-31,6354,6679,1.0789661938153854,0.011498874521582913
2017-09-01,7760,8522,1.377656607343392,0.014021392965937412
2017-09-02,13256,12605,1.1334246272395199,0.021502237140197455
2017-09-03,10298,10016,1.2406476122884706,0.017293694506839527
2017-09-04,15961,14669,0.7489171169025155,0.02579178796495802
2017-09-05,1885,1999,0.4455330500522333,0.003944208616292672
2017-09-06,2530,2352,0.34120664036735165,0.004691260272797126
2017-09-07,1471,2962,0.8168285417740511,0.0043787300478810715
2017-09-08,2442,2602,0.5932770292634005,0.004780916335887258
2017-09-09,6962,7282,1.1552233637186613,0.013257164669515818
2017-09-10,9750,7474,0.4513140569355018,0.0158303332410228
2017-09-11,2631,2541,0.4453929258245933,0.005196539984035707
2017-09-12,3623,4109,0.344589805169158,0.008041506172217886
2017-09-13,2297,2189,0.4393462811258819,0.004498102204049718
2017-09-14,3166,2911,0.5400223656014127,0.006028279130996673
2017-09-15,3991,4520,1.0731534265659657,0.008002564462468182
2017-09-16,13091,12578,0.9089651275007504,0.02134208392695679
2017-09-17,12163,11010,0.574085242726445,0.021321886827286994
2017-09-18,2514,2451,0.4185000637237883,0.0049857868929903725
2017-09-19,2475,2274,0.3497612253345129,0.004695796659964119
2017-09-20,3098,3002,0.5043103057231605,0.006141365435678565
2017-09-21,3244,3224,0.43070253876099446,0.006150189236591896
2017-09-22,3976,4445,1.1329991904707952,0.007917208832979897
2017-09-23,13695,13071,1.0637782733456604,0.02173179989248538
2017-09-24,12829,12051,0.8152709725619184,0.021196378691993943
2017-09-25,4202,4022,0.37739926321572836,0.007838702729314747
2017-09-26,3904,3579,0.38491257211411967,0.007331764054278594
2017-09-27,2986,2957,0.3586149809827922,0.005981518888363986
2017-09-28,2342,2172,0.37609865135015885,0.00446000345161122
2017-09-29,870,1046,0.5101223263320922,0.0017990802750593843
2017-09-30,4727,4528,0.6712917321084141,0.008708170999571324
2017-10-01,5609,5357,0.5364999202991139,0.011095590271555867
2017-10-02,2201,1911,0.350227481394023,0.004117321256943652
2017-10-03,2914,2574,0.3271700143021918,0.005135563707545058
2017-10-04,1210,1016,0.3298100435468555,0.002230952686029834
2017-10-05,2781,2476,0.3935912763844896,0.004849109702335955
2017-10-06,2209,2136,0.47541946737630747,0.004228152075008902
2017-10-07,3932,3809,0.5255353283672939,0.007479103365694025
2017-10-08,6214,5862,0.5321027681136736,0.012047527883801108
2017-10-09,3362,3239,0.39435195490519986,0.006651449003860752
2017-10-10,2566,2290,0.330702356976831,0.004874810627657321
2017-10-11,795,612,0.3368536716184849,0.0014066866393091816
2017-10-12,1120,893,0.3132397126306651,0.002042370534477984
2017-10-13,1638,1615,0.3619077174377354,0.00319474712934311
2017-10-14,1740,1399,0.30786417029037744,0.003326424466906674
2017-10-15,1055,992,0.33048040569415976,0.0021802868659695023
2017-10-16,1314,1164,0.3646643626656935,0.00241713122945589
2017-10-17,1675,1522,0.3076135356981257,0.0032843667917054793
2017-10-18,1810,1615,0.2935294073961503,0.003469911588554045
2017-10-19,1994,1678,0.33768149484897036,0.003615161402959556
2017-10-20,2468,2359,0.4023719351500203,0.0047048700399572735
2017-10-21,4133,4052,0.5242628489388745,0.007912052765220511
2017-10-22,4359,4137,0.4091871155469819,0.008842929432793736
2017-10-23,1155,984,0.3036948375054953,0.002244660412628081
2017-10-24,1054,863,0.33008910467985153,0.0019116546869639619
2017-10-25,1082,833,0.26518053942694214,0.0019704748311782376
2017-10-26,1322,1063,0.3355083577236002,0.002432592331512298
2017-10-27,1380,1171,0.2927498423075652,0.0025280189616694085
2017-10-28,580,540,0.5027974041778092,0.0011423428413181943
2017-10-29,1300,1159,0.292051015526262,0.0029174986760726242
2017-10-30,940,892,0.3760285646577331,0.0019125588479645527
2017-10-31,1214,981,0.32560292393720713,0.0022687088596808898
2017-11-01,741,579,0.3130453647067029,0.0012947585528464024
2017-11-02,638,467,0.25925921964321647,0.0011077263915812794
2017-11-03,1335,1155,0.33300399607866066,0.002582919711139041
2017-11-04,1040,829,0.2665459789605225,0.0018620549977886804
2017-11-05,330,255,0.3686821266051139,0.0007249091827259843
2017-11-06,834,550,0.2362401182867298,0.001360891471746777
2017-11-07,823,557,0.23794927010957687,0.0014717574436533532
2017-11-08,1179,900,0.2924817180645275,0.0020790536379305356
2017-11-09,643,442,0.2498026230807182,0.0010689140085429203
2017-11-10,641,457,0.25428732051136016,0.00115685941701432
2017-11-11,793,639,0.27405720769638153,0.0016111317114842125
2017-11-12,658,652,0.33353533365928845,0.0014944756920902604
2017-11-13,667,427,0.21454734984803636,0.001133001894563789
2017-11-14,732,474,0.24477451884610044,0.0012153036661483076
2017-11-15,625,391,0.2220412846864985,0.0010652933241618353
2017-11-16,771,447,0.30307620501851906,0.0012483557186374966
2017-11-17,1012,712,0.2585916629873187,0.0017957283301024648
2017-11-18,439,288,0.21572662483618044,0.000742578679840273
2017-11-19,640,499,0.2603074116222525,0.0014769685221083728
2017-11-20,703,542,0.31194840975521443,0.0013673497646081417
2017-11-21,752,508,0.2622734430268541,0.0011950200474395867
2017-11-22,669,465,0.23277018161306726,0.0011203141914856122
2017-11-23,678,424,0.24268327282317367,0.0011045310269901796
2017-11-24,1026,736,0.23893652221721454,0.0017247137015980584
2017-11-25,921,711,0.22380855361960247,0.0017531556802244039
2017-11-26,512,395,0.39277145097609584,0.0010936233935403142
2017-11-27,754,405,0.30901881785489393,0.0012249756568192174
2017-11-28,975,651,0.20547996206620636,0.0016626547089022858
2017-11-29,634,419,0.23466160715399606,0.0011258858406235956
2017-11-30,558,298,0.3701569507778858,0.0008152948908186843
2017-12-01,583,686,0.49104397211606643,0.0012619269404093552
2017-12-02,918,669,0.26269485529285297,0.0016211149692179877
2017-12-03,689,566,0.3384777929539454,0.0014034330130627225
2017-12-04,570,376,0.2686658828489429,0.0009231053263177328
2017-12-05,548,245,0.15351470359818087,0.0007626108775374906
2017-12-06,636,366,0.2857958569925062,0.000998018873953518
2017-12-07,766,414,0.22370448913622668,0.0011321615325720431
2017-12-08,626,501,0.2968319272440883,0.0011499151896981446
2017-12-09,498,266,0.17652982152684044,0.0008123326871596049
2017-12-10,504,369,0.23791833661752482,0.0010296820321744164
2017-12-11,507,385,0.3193741882804751,0.0009600295393704421
2017-12-12,455,203,0.2138792322157502,0.0006775744423914179
2017-12-13,789,250,0.18000207384099487,0.0010547199529216283
2017-12-14,550,273,0.2014431172813238,0.0009131580706462056
2017-12-15,552,348,0.2018399111140238,0.0008748520933511241
2017-12-16,479,288,0.20983941371186549,0.0008623747127441978
2017-12-17,465,349,0.4431236869666197,0.0009940799339544265
2017-12-18,506,302,0.3303380364925779,0.0007783456274179066
2017-12-19,671,430,0.21539874478778556,0.0010517291934774462
2017-12-20,690,434,0.23995600268108164,0.0011098243582320015
2017-12-21,729,451,0.24470926936435597,0.0012275102970201281
2017-12-22,512,246,0.2148286051522029,0.0007140288587524852
2017-12-23,418,255,0.1919903651169395,0.0007073294562909628
2017-12-24,535,355,0.18850978205000637,0.0010310756814495392
2017-12-25,458,369,0.25312186085331834,0.0010758792578233177
2017-12-26,354,330,0.32954587932547724,0.0008242633880752209
2017-12-27,479,345,0.282794375978589,0.0008508946677267489
2017-12-28,495,338,0.23879640909235153,0.0008318765577402382
2017-12-29,447,328,0.2525239848735404,0.0009063215931119559
2017-12-30,543,362,0.2143603182129195,0.0010299912062071547
2017-12-31,441,355,0.2953278489034431,0.0009513113223996636
2018-01-01,349,341,0.3075733157783238,0.0009259900304624758
2018-01-02,40,48,0.44390104310901873,0.0009461829594756762
2018-01-03,0,3,0.4000000000000001,0.0
2018-01-05,0,2,0.8000415397396844,6.923289947382996e-05
2018-01-06,0,14,1.4001038493492106,0.0001730822486845749
2018-01-07,410,425,0.32255790569048415,0.0011105522242128643
2018-01-08,468,550,0.5190436225573445,0.0010320029077817779
2018-01-09,546,422,0.4905143646409987,0.0009461829594756762
2018-01-10,559,390,0.30613139142575124,0.0010258007938705805
2018-01-11,544,324,0.24042811624083668,0.0008697382996399889
2018-01-12,438,1272,7.484262033337522,0.0020448431380306205
2018-01-13,447,349,0.27042004212759424,0.0009148633144756103
2018-01-14,425,309,0.21386704038021678,0.0009080161046375392
2018-01-15,419,308,0.22318280218682499,0.0007696390658174097
2018-01-16,512,319,0.18889605715250884,0.000889642758238715
2018-01-17,516,365,0.28656491617002855,0.0009145442688559152
2018-01-18,546,398,0.3245178281343217,0.0009681616577213365
2018-01-19,547,320,0.24140460510081524,0.0008686565355857103
2018-01-20,699,604,0.2960575239497705,0.0014597580838210927
2018-01-21,493,418,0.2519402482931097,0.0010775156718108808
2018-01-22,446,273,0.1769957990855687,0.0007890163198655449
2018-01-23,546,273,0.2185537188709091,0.0009807994092125912
2018-01-24,558,294,0.20654569077651522,0.0008670596457912991
2018-01-25,558,341,0.2326202672712455,0.0010038770423705346
2018-01-26,624,397,0.23732259275885256,0.001149504865401694
2018-01-27,462,380,0.34430427444019446,0.0010737886957607745
2018-01-28,599,517,0.2540389088848572,0.0013355655698497016
2018-01-29,467,292,0.29877407221751423,0.0008526578145724321
2018-01-30,481,250,0.2691347544125742,0.0008509352735328919
2018-01-31,481,462,0.3126441053567344,0.0009837771683297452
2018-02-01,522,403,0.26177213609144834,0.0009981076340810485
2018-02-02,523,373,0.27617739937578356,0.0008851159917346569
2018-02-03,14,17,0.4557286378042402,0.0002884704144742915
2018-02-04,305,267,0.3464742184885972,0.0007072615808993217
2018-02-05,512,285,0.22369731330121204,0.0008504107818702114
2018-02-06,547,282,0.22005544695569249,0.0008716535540311707
2018-02-07,442,184,0.12291235917403852,0.000629796053278066
2018-02-08,515,227,0.20297613214800436,0.0008320094059574302
2018-02-09,441,231,0.13309883364187455,0.0007469865469544811
2018-02-10,373,264,0.24582709955115725,0.0007628681753342774
2018-02-11,372,264,0.20409286254377537,0.0008114095818332873
2018-02-12,591,406,0.19542855209679577,0.000992693266301685
2018-02-13,573,413,0.23711618531841705,0.001049843147758897
2018-02-14,675,400,0.22133297149957656,0.001075772745670281
2018-02-15,575,396,0.3151264434048614,0.0010328186642817258
2018-02-16,654,426,0.20926780647073653,0.0011367595429735307
2018-02-17,483,377,0.27547782301532303,0.0010333651291834622
2018-02-18,903,842,0.31156158107544374,0.0021273381838322297
2018-02-19,356,250,0.2971350473553608,0.0007375966597788808
2018-02-20,521,297,0.2201762456787227,0.0009071897172432892
2018-02-21,573,328,0.28592079789669067,0.001006264383731701
2018-02-22,675,407,0.24509110362189765,0.0012004280705377635
2018-02-23,606,333,0.16251530843775477,0.0010516238695938655
2018-02-24,712,527,0.3025071256831304,0.001360426474660759
2018-02-25,687,516,0.23692008930178493,0.001596510661866519
2018-02-26,769,644,0.2953653491360284,0.0014357838229341966
2018-02-27,885,695,0.23399222053464072,0.0015634235358791752
2018-02-28,623,542,0.36801564423227756,0.001099699388743734
2018-03-01,524,472,0.39351125399004816,0.0009755544925857859
2018-03-02,586,364,0.2324358726117289,0.0008979914314105593
2018-03-03,969,858,0.3023459328364756,0.0020043491880456345
2018-03-04,788,681,0.24528834786647277,0.001625819255977107
2018-03-05,644,415,0.26620660582554084,0.0010416404420835327
2018-03-06,576,322,0.26201068727211474,0.0009176106517563178
2018-03-07,545,365,0.24620007555037057,0.0009151723899196899
2018-03-08,672,574,0.397204543123849,0.001300040001230807
2018-03-09,623,376,0.2450952461394719,0.0010114493907504847
2018-03-10,700,499,0.27454870062818754,0.0012915908131347295
2018-03-11,760,639,0.3241427013982561,0.0016603532855956008
2018-03-12,523,446,0.29854741427061554,0.0009628698634514197
2018-03-13,747,385,0.26027817959331895,0.0010503619891601061
2018-03-14,637,416,0.2666096027666487,0.0011663983402879152
2018-03-15,700,464,0.22664861478761356,0.0011899404597064526
2018-03-16,627,419,0.23117797874361035,0.0010116269938041723
2018-03-17,986,826,0.2917675536212203,0.0018315248860804108
2018-03-18,911,867,0.36094097913141165,0.0021688779235165276
2018-03-19,679,426,0.24411166207679125,0.0011077263915812794
2018-03-20,638,354,0.21826352702765012,0.001020910533510921
2018-03-21,748,608,0.3732747391892125,0.001331958319727863
2018-03-22,674,463,0.2357922207188008,0.0011418102805530112
2018-03-23,812,595,0.2750961685412958,0.0013632772411096812
2018-03-24,1061,831,0.31258070175533764,0.0019154435521092957
2018-03-25,871,782,0.308229094468259,0.001903904735530324
2018-03-26,907,746,0.30553595946932594,0.0016914129902221844
2018-03-27,517,399,0.34771008878344073,0.0009877226991599742
2018-03-28,925,740,0.274663745646605,0.001625955006760389
2018-03-29,518,373,0.2891249131866779,0.0009099181073703367
2018-03-30,1462,1392,0.3472786937800873,0.0031177137956602138
2018-03-31,1369,1233,0.3507652839017579,0.0028839475010328185
2018-04-01,1222,1178,0.3703067358536859,0.002568210890005407
2018-04-02,1152,1223,0.3945629378731543,0.0024221024982586875
2018-04-03,545,407,0.4150886049499231,0.0009447627974351874
2018-04-04,494,231,0.20671637276795662,0.0006912800114129386
2018-04-05,748,572,0.39847239625475256,0.001358695652173913
2018-04-06,570,373,0.2379138433636887,0.0009199583763416496
2018-04-07,753,639,0.39204667433013823,0.0015369703683190254
2018-04-08,647,605,0.321449763021083,0.0013288250060299622
2018-04-09,785,564,0.28209261935723834,0.0013042256503820026
2018-04-10,731,584,0.3112978518841289,0.001310180173375964
2018-04-11,658,473,0.31615409584537413,0.0010822731197159007
2018-04-12,622,412,0.20597427500350926,0.0010154158589495061
2018-04-13,730,487,0.2211670508908013,0.0011883258864911113
2018-04-14,301,132,0.15218969841183513,0.000438866176325634
2018-04-15,134,79,0.18473485273682502,0.0002904404563292379
2018-04-16,374,200,0.14169846564173966,0.0005615557401766208
2018-04-17,557,596,1.0297359900927738,0.001104671998957434
2018-04-18,871,628,0.24705625444108534,0.0014569452815742746
2018-04-19,726,1470,0.5365211056827839,0.0021999528802952835
2018-04-20,1260,1029,0.300640545474598,0.0021016452771781807
2018-04-21,2183,2153,0.42123111151721837,0.004411272356026569
2018-04-22,2532,3001,0.4196711444735799,0.006011173970188094
2018-04-23,1902,1826,0.31449074112430925,0.0036179135182181424
2018-04-24,1222,1021,0.2903559233449271,0.002149187007951893
2018-04-25,744,991,2.1425357262702236,0.0018076277346995293
2018-04-26,1823,4941,17.10517457699469,0.005934502126692656
2018-04-27,2004,1604,0.333305645720087,0.003550945380259192
2018-04-28,1115,963,0.3160190198910161,0.0020157810875786144
2018-04-29,2110,2132,0.3727505201413718,0.004519610218775962
2018-04-30,2708,2701,0.38840794433969694,0.005604717907404144
2018-05-01,3206,3173,0.43069543723318715,0.006064609680297855
2018-05-02,2510,2374,0.39985474458072434,0.004500138465798948
2018-05-03,1186,954,0.3309486434365536,0.002077990359569592
2018-05-04,1150,1271,0.5639227520202601,0.00239566194796944
2018-05-05,6815,6757,0.4953414870823238,0.01245915258931044
2018-05-06,2446,2336,0.4196220543544898,0.004728908046668995
2018-05-07,2474,2255,0.3198647875967224,0.005211450674909104
2018-05-08,2821,2944,0.4286820937190701,0.005632590892906595
2018-05-09,2484,2334,0.40123073185640507,0.00462885315214466
2018-05-10,1703,1660,0.36456568886118446,0.0032569133995331728
2018-05-11,2127,2240,0.4516880028808937,0.004189077973796811
2018-05-12,2705,2642,0.5467918575826691,0.005001839888013415
2018-05-13,7346,5964,0.4919504826245374,0.014107534669705813
2018-05-14,4220,3122,0.3762334327270003,0.007297548954683555
2018-05-15,1284,3218,1.4349331217935455,0.00451439229804356
2018-05-16,3878,2598,0.5280997009447291,0.00607257884014977
2018-05-17,3399,3565,0.4352456685521365,0.006627126988522723
2018-05-18,2967,3153,0.45073448525290577,0.0058155635558017164
2018-05-19,1384,2157,1.3184481057710866,0.003199483061017262
2018-05-20,15493,16404,1.42343676935907,0.025911023506605634
2018-05-21,15216,14288,0.8309061088399304,0.02368248182233872
2018-05-22,1480,1452,0.4398662200570921,0.0027500846179882455
2018-05-23,3958,4760,0.5618434771013219,0.008313717345149081
2018-05-24,4079,4350,0.44977912545803417,0.008035824179205515
2018-05-25,5724,6021,0.5063669306715209,0.010629982946843709
2018-05-26,8842,8786,0.7010731144244208,0.01598915594164031
2018-05-27,10726,10700,0.6769709203730183,0.0199764982373678
2018-05-28,5616,5661,0.4133940843126068,0.010774369980614788
2018-05-29,4376,6567,0.6497424501309572,0.010453206252500076
2018-05-30,4155,5199,0.5569184180117318,0.008565494322902243
2018-05-31,2667,2937,0.5065892315116418,0.005319394442905936
2018-06-01,4800,5138,0.8068972361201013,0.00922855838391701
2018-06-02,11452,10889,0.6791957551306995,0.01902622644799327
2018-06-03,3100,3217,0.6987406554731499,0.0059217838947204695
2018-06-04,2884,2798,0.9891607861647961,0.0054713492809529566
2018-06-05,2634,2993,0.4574769456914786,0.005417718161642243
2018-06-06,3206,2985,0.5026798524975629,0.006053922538275903
2018-06-07,4423,4803,0.6704773162720193,0.008447336841133574
2018-06-08,7172,7469,1.0680802039604667,0.01309490841476441
2018-06-09,11267,12464,0.8024497316569773,0.01948988540306735
2018-06-10,13722,11868,1.1384921001321309,0.021276187552758806
2018-06-11,5777,6550,0.6166827607684129,0.010733728515892018
2018-06-12,5360,5959,0.658205720644726,0.010108003323179175
2018-06-13,2291,3013,0.9104640290544633,0.004762494716436619
2018-06-14,6000,6998,0.7858824458724734,0.0117714148289583
2018-06-15,7840,10043,2.215874536068929,0.01600988322118203
2018-06-16,21517,18968,1.970437759230268,0.030731799355449313
2018-06-17,19681,17039,1.2346551224462199,0.02949160510842194
2018-06-18,3536,3966,0.7655028831866311,0.007246051774507471
2018-06-19,6751,6464,0.5658906235838547,0.012294453134940535
2018-06-20,6502,6522,0.8638512408476025,0.010926977865735456
2018-06-21,7465,7497,0.6576001219807974,0.012719194778642761
2018-06-22,9285,7259,0.7015890781098899,0.015001676164934629
2018-06-23,3173,2891,0.4786863810804036,0.005383082716231428
2018-06-24,1704,1951,0.8731477342740384,0.003494798756538121
2018-06-25,10112,10138,0.7469302083189471,0.017904692925462793
2018-06-26,7703,7433,0.5368839794159708,0.014091701782092255
2018-06-27,1600,2062,0.7920228521876744,0.0033111788055017076
2018-06-28,8618,9031,0.9951019473784617,0.015799487137066755
2018-06-29,10892,12991,1.6390179401027105,0.020599383827194683
2018-06-30,18239,18679,1.6163305667712367,0.028975541904785882
2018-07-01,25748,23729,1.9123393358432352,0.037163768918642315
2018-07-02,14209,14001,0.9715973626311027,0.02404262011480695
2018-07-03,8657,9051,0.8988036133957602,0.015449452972457575
2018-07-04,10286,10400,0.8577097024019691,0.018059270372876128
2018-07-05,6483,6808,1.4706875596339366,0.012038325875613987
2018-07-06,12062,13062,1.3312464008674856,0.021143052056385975
2018-07-07,20428,20136,1.5273984351421575,0.0337664699228929
2018-07-08,21285,20798,1.6354154467073436,0.03380900092095857
2018-07-09,9022,9335,0.7174902185373261,0.01622446371130946
2018-07-10,8798,9843,1.112732430905903,0.016267102278901668
2018-07-11,9298,9145,0.9350640674862318,0.015314651016138775
2018-07-12,9866,10181,1.0950519020955742,0.017499272616372616
2018-07-13,10341,11450,1.3386142799215714,0.017473256779993947
2018-07-14,18968,17059,1.5259352667688173,0.03072402227760854
2018-07-15,21582,19747,1.347393042762827,0.032819577472410294
2018-07-16,5401,6564,0.8903505624486052,0.010688840375907671
2018-07-17,9698,11301,0.9578993095739409,0.018569506280666625
2018-07-18,14888,14454,1.9415323886268787,0.02597476372054051
2018-07-19,12487,12483,1.325860808473214,0.021013029293959512
2018-07-20,15183,14767,1.6869220754367529,0.025217661481516506
2018-07-21,21378,19778,1.217772361718201,0.033851591037966006
2018-07-22,2984,3175,0.8302892231373342,0.005328304162036533
2018-07-23,8500,8730,0.7064362283807272,0.016731934113682373
2018-07-24,6335,7255,1.0251541662143042,0.01247576848518416
2018-07-25,9709,10891,0.8694104040983743,0.01845281553118717
2018-07-26,8030,7758,0.9898098596738459,0.0141262088783551
2018-07-27,12155,12554,1.4821613983555986,0.020541317860753455
2018-07-28,19893,19143,1.3029233007551881,0.03135606319192648
2018-07-29,19597,19038,1.8997316791136485,0.032157430608615575
2018-07-30,12059,11879,1.88227608769643,0.02064698144558294
2018-07-31,8961,8708,0.9191036231134975,0.016241115111234192
2018-08-01,7047,8326,1.0187657742936702,0.013934942937515486
2018-08-02,11877,11833,1.5314677429591976,0.020709400600836404
2018-08-03,12350,14118,1.7179960615508438,0.022553685412542608
2018-08-04,20294,19702,2.237345175220928,0.031043565385417218
2018-08-05,23399,22634,2.5601755764389575,0.03698888409446587
2018-08-06,14345,13756,1.2971075959203022,0.022819163666574358
2018-08-07,7993,8399,0.7942774306576961,0.015266789913702125
2018-08-08,2698,3493,0.9647876183209495,0.005497272043935018
2018-08-09,11259,11658,1.139505308329844,0.020807219169496714
2018-08-10,13537,15271,1.600200055610236,0.02486153420105234
2018-08-11,23260,21792,1.6410355339576892,0.03662583283105544
2018-08-12,19094,18081,1.1773064343172066,0.02985789544866139
2018-08-13,9568,9828,1.2450870233594458,0.016509054979469456
2018-08-14,10380,10448,1.0392529661773993,0.0179555524785378
2018-08-15,11664,12191,1.0031688467749014,0.020836473644174448
2018-08-16,8023,8038,0.8782215385026189,0.014756761746515279
2018-08-17,3910,6492,1.773806919436214,0.00916359556625411
2018-08-18,19891,18663,1.241798721426517,0.030262644445003904
2018-08-19,20548,19084,1.3641285688925673,0.032989059533620496
2018-08-20,10315,9666,0.6454047970413352,0.018132642947718228
2018-08-21,1088,1819,1.596907103599474,0.002650497354180544
2018-08-22,8663,9231,1.4790697195316773,0.015813504320843007
2018-08-23,12984,12357,1.317683759665821,0.021861153420105233
2018-08-24,12868,12339,1.0720157314903278,0.022021320227574675
2018-08-25,8682,8790,1.0257420810201545,0.014864559935177494
2018-08-26,16512,15468,1.2497739857527166,0.02597862739668008
2018-08-27,4760,5666,1.2267958761766637,0.009818742578802213
2018-08-28,9676,9002,0.7549389974230781,0.01609491830517862
2018-08-29,5184,5992,1.6490770299257538,0.009850598953340575
2018-08-30,10982,10458,1.9743420127922384,0.018960938443076357
2018-08-31,11754,12109,1.6199443929833601,0.019598679959383365
2018-09-01,20969,19722,1.4585999250076198,0.03231186954293554
2018-09-02,15976,15353,1.0164395271711022,0.026708514108126403
2018-09-03,14468,13441,0.7920506999195079,0.023494437727539834
2018-09-04,3757,3953,0.4907257081724513,0.007448874916627987
2018-09-05,4243,4343,0.4683890634539781,0.008186790362780394
2018-09-06,2699,2861,0.44839930319278104,0.005277085448783039
2018-09-07,4223,4735,0.880136140064831,0.008665813769351082
2018-09-08,9019,8857,1.2819663015573648,0.015209869705392644
2018-09-09,5642,3907,0.463579447371125,0.008864617871818093
2018-09-10,786,704,0.3214116568296365,0.001542595541401274
2018-09-11,2596,2635,0.3811694523691461,0.005179423580926236
2018-09-12,3515,3482,0.4304320527344963,0.006951384457314406
2018-09-13,3755,3578,0.38904165402035534,0.007288518576491316
2018-09-14,4909,5241,0.8872546333380278,0.009177003017096882
2018-09-15,13387,12909,1.2555415480313081,0.023271130235959923
2018-09-16,12963,12187,0.9405589706437278,0.021427155023573376
2018-09-17,3762,3964,0.4353592113309477,0.007258073694153708
2018-09-18,4063,3881,0.3630563615757569,0.007787712149384817
2018-09-19,3483,3663,0.4505643800089912,0.006998457095383155
2018-09-20,2020,1790,0.4587569578400364,0.0035943413643496724
2018-09-21,3011,3201,0.6786599615005116,0.005822202326984139
2018-09-22,6834,6347,0.7980343936395753,0.011782180710455427
2018-09-23,7761,7441,0.8603541468411892,0.01434828131698046
2018-09-24,2067,1895,0.3403292441052069,0.00396460162575138
2018-09-25,1193,1094,0.3264926931078177,0.0022254865367094907
2018-09-26,2629,2479,0.38421787558646464,0.0050560084122989735
2018-09-27,2935,2736,0.5893909650876227,0.005620908736991239
2018-09-28,3635,3656,0.7672225293822197,0.007040303298606371
2018-09-29,6023,5819,0.5751647992417145,0.011812738050802902
2018-09-30,2873,2509,0.38992384301278193,0.0062462156593084215
2018-10-01,1334,1376,0.39774604292839094,0.0026899017707332174
2018-10-02,936,776,0.31110713897330244,0.0016998226811111984
2018-10-03,2332,2146,0.5898778446873962,0.004297315323678432
2018-10-04,2800,2521,0.36551246519168606,0.005269727362848623
2018-10-05,2166,1833,0.4128162173906373,0.0037760777254684757
2018-10-06,1902,1741,0.4281327286352624,0.0035860635176734536
2018-10-07,2215,2147,0.4859966347533014,0.004307490397697855
2018-10-08,2608,2321,0.36273618061837976,0.004670336010338779
2018-10-09,3906,3716,0.35796700389399544,0.007469240811805199
2018-10-10,4379,4030,0.43023068116508134,0.00790582808238146
2018-10-11,2177,2100,0.35396306883555717,0.004160897258377181
2018-10-12,1918,1751,0.4546633777794535,0.003458760269546755
2018-10-13,2168,1917,0.3897807021800108,0.003971001305534676
2018-10-14,3200,2982,0.3494572944888122,0.006415582017908244
2018-10-15,1145,965,0.27977265649350536,0.0020478890989287964
2018-10-16,1841,1601,0.3268190093968846,0.0033350476717964946
2018-10-17,1361,992,0.2928347570525687,0.0022917093101192413
2018-10-18,1535,1336,0.31333981926483334,0.002616816484166249
2018-10-19,2402,2056,0.27979440370186787,0.004537338232680408
2018-10-20,2162,2077,0.41299612554565085,0.004246623878019776
2018-10-21,1383,1297,0.3678845743976903,0.002875912665444651
2018-10-22,1576,1379,0.2831709451215446,0.002984247965379417
2018-10-23,1202,1969,0.6582479352292626,0.003361040916643589
2018-10-24,1512,1198,0.299611058067691,0.002862347687621158
2018-10-25,1502,1236,0.28219832713856136,0.002718409435222441
2018-10-26,1272,991,0.26149777506862,0.0022014055281968543
2018-10-27,916,791,0.3178894594281301,0.0018066489957932772
2018-10-28,744,641,0.3521749054760431,0.0016430450607271432
2018-10-29,886,626,0.23887814261964152,0.001516829888472093
2018-10-30,1828,1623,0.415452518885876,0.0034967780868573224
2018-10-31,1157,893,0.3921877706551283,0.002183583670706351
2018-11-01,729,705,0.3818767180066527,0.0014350091890939303
2018-11-02,823,642,0.314600970421318,0.001444590947230064
2018-11-03,1167,1004,0.3124846851852807,0.002279276862364996
2018-11-04,1916,1762,0.31129766667849607,0.004105170449128574
2018-11-05,856,662,0.37770369073687804,0.0015476215836226913
2018-11-06,900,655,0.21712420226071735,0.001587031080246256
2018-11-07,973,785,0.34415213460601296,0.001803250750910679
2018-11-08,1051,844,0.2665935709296059,0.0020468371731537146
2018-11-09,837,431,0.14747974709741618,0.0014186877197264478
2018-11-10,926,796,0.28552566630457965,0.0017649063758174808
2018-11-11,982,905,0.38570141998148033,0.002183223674786811
2018-11-12,1030,790,0.37309211592757735,0.0018692882857934089
2018-11-13,860,594,0.2422391936272288,0.001411129392216593
2018-11-14,949,720,0.2367672979238635,0.001736231307117142
2018-11-15,1125,858,0.36046909723125,0.0019798542595799735
2018-11-16,581,420,0.26727518366022707,0.0009969537524231516
2018-11-17,748,518,0.27452769771346314,0.0013444582413950207
2018-11-18,690,545,0.33468716945255494,0.0013799642335800685
2018-11-19,967,720,0.24590439319771235,0.0017276271222546494
2018-11-20,897,567,0.20809005699349348,0.0015144696759900305
2018-11-21,895,527,0.1822570220838314,0.0014690355857103295
2018-11-22,817,563,0.22796038575409244,0.00149701958042593
2018-11-23,971,721,0.33655554253975634,0.001883134865688175
2018-11-24,353,239,0.3521262544504362,0.0008622642934467913
2018-11-25,700,588,0.4543136940469068,0.001495187706180433
2018-11-26,672,521,0.22863051934605522,0.0012213116172805317
2018-11-27,746,608,0.25394140801841475,0.0013729416526425664
2018-11-28,859,653,0.32772606196390675,0.001675436167266685
2018-11-29,765,526,0.3347143452885142,0.00130583899622947
2018-11-30,813,597,0.21592046474628945,0.0014098335892852646
2018-12-01,727,693,0.34289199625252365,0.00154241820303172
2018-12-02,561,580,0.3244784266729226,0.0014498966832115546
2018-12-03,745,619,0.28666397344704003,0.0013835928679462326
2018-12-04,792,623,0.2928876521982097,0.00143791406599493
2018-12-05,910,497,0.2418602235996686,0.0014528091248961507
2018-12-06,755,468,0.1614918027830117,0.0012537645389088894
2018-12-07,554,360,0.2510462323591478,0.0009194994461368042
2018-12-08,544,453,0.3493670599339408,0.001163359971515607
2018-12-09,727,604,0.2711433967900288,0.0014665835871872982
2018-12-10,712,476,0.1823233347760691,0.0012573587872182668
2018-12-11,725,430,0.1932776246183163,0.0012205090181434863
2018-12-12,1033,586,0.19040598427056848,0.0016551988581897195
2018-12-13,850,611,0.22639971838446396,0.0015363110073716554
2018-12-14,733,503,0.2094210275891093,0.001289050652107977
2018-12-15,606,461,0.3975291730189725,0.001050032308686421
2018-12-16,620,511,0.24119936879535844,0.0014081710496752584
2018-12-17,736,477,0.18147698667830134,0.001203183874189136
2018-12-18,867,550,0.15643583745963113,0.001417176472562792
2018-12-19,976,727,0.24759709347487724,0.0018324385167186286
2018-12-20,921,767,0.32503775524965306,0.0017857692324599
2018-12-21,826,504,0.177722809128062,0.00132591492325638
2018-12-22,659,532,0.2927436853950272,0.0012607087662250649
2018-12-23,563,388,0.26054920936073,0.0011278668714282119
2018-12-24,644,540,0.26272433430848446,0.0012969629834764145
2018-12-25,669,540,0.26364217081344077,0.001510060977202782
2018-12-26,602,485,0.2706885246261563,0.0013506946803007582
2018-12-27,656,517,0.28736714282752707,0.0011801546556462093
2018-12-28,754,582,0.3143899318918445,0.001447081095559561
2018-12-29,935,724,0.26027286588522097,0.0019110667596138238
2018-12-30,740,666,0.42924281563665406,0.0016690073980298295
2018-12-31,591,590,0.312766753300406,0.0012935013385027233
2019-01-01,712,698,0.3186227233083992,0.001673952605135103
2019-01-02,615,654,0.45776461141312963,0.0013710384026948623
2019-01-03,580,455,0.38103755609359635,0.0010002603983681703
2019-01-04,1009,823,0.28053240357132836,0.001852504552587632
2019-01-05,792,703,0.33173983983602157,0.0016558201790824332
2019-01-06,562,433,0.29643784149110175,0.0011832531910072757
2019-01-07,615,404,0.18496606772663646,0.0011905586105946115
2019-01-08,786,2517,1.2457746439650583,0.0035038337718083633
2019-01-09,738,518,0.3764424585630261,0.0013562838503479804
2019-01-10,727,549,0.24047397705900583,0.0014806123589227846
2019-01-11,732,503,0.1784624703040562,0.0013098417916581056
2019-01-12,441,337,0.2325226341131506,0.0008757354477303754
2019-01-13,413,291,0.26965061306543736,0.0008864526148315876
2019-01-14,729,414,0.16133738793586563,0.001167223414566602
2019-01-15,713,450,0.19338969893914212,0.0012954766274425131
2019-01-16,756,500,0.21139131530356836,0.0012894627527000832
2019-01-17,498,210,0.18947818238372457,0.0006848731440257334
2019-01-18,764,606,0.2946781557106895,0.0013678742562708223
2019-01-19,358,323,0.3005568732507951,0.0007436568340033804
2019-01-20,276,195,0.263161101376992,0.0005962506852644131
2019-01-21,356,222,0.2928838867961264,0.0005867771971798376
2019-01-22,712,560,0.261797879649252,0.001351158199408617
2019-01-23,664,401,0.1620507980040345,0.0011804796079775077
2019-01-24,784,497,0.18087355190437435,0.0014088895042924398
2019-01-25,821,427,0.18572613129136611,0.001324358367354231
2019-01-26,593,398,0.24955430660695427,0.0010742638235022616
2019-01-27,341,223,0.2507518365116613,0.0006407190151305355
2019-01-28,599,434,0.20254897186382645,0.0012078668354630693
2019-01-29,363,199,0.20134615834557318,0.0005902398039887538
2019-01-30,757,536,0.26786500081492093,0.0013982775762583363
2019-01-31,617,465,0.21706681912953013,0.0012449775782574686
2019-02-01,723,672,0.2892933071522318,0.0015140440639031013
2019-02-02,562,486,0.3091428447034963,0.0011817339737774425
2019-02-03,507,519,0.5493311699140974,0.0011992127230288404
2019-02-04,755,609,0.23248455839833418,0.0014788601313836139
2019-02-05,616,412,0.22920721038553202,0.0011370623659345972
2019-02-06,360,137,0.11009210348986412,0.0005799888182335944
2019-02-07,712,515,0.2061234002373559,0.0014477093800688374
2019-02-08,802,444,0.166946608269343,0.001300040001230807
2019-02-09,535,381,0.20995704367306242,0.0010433519411933321
2019-02-10,452,370,0.2362166864999412,0.0010251794729778667
2019-02-11,743,537,0.2003751625206346,0.0014854708080086674
2019-02-12,56,45,0.3558325570856726,0.0006300193852118527
2019-02-13,294,128,0.19698648062711868,0.0005523901553763029
2019-02-14,757,491,0.23043002725328607,0.001324358367354231
2019-02-15,527,314,0.18699284149927822,0.0008852731408129078
2019-02-16,615,481,0.4308229658763133,0.0012390301664454398
2019-02-17,404,289,0.2793808947924517,0.0008360199181745505
2019-02-18,563,439,0.2537215652349382,0.0012396607849182008
2019-02-19,796,560,0.2323555505821585,0.0014697804068624558
2019-02-20,745,473,0.19439732669522433,0.0012280851245127069
2019-02-21,762,571,0.25322568431534437,0.0013727585848795347
2019-02-22,843,612,0.23381833133938615,0.0015555069188233086
2019-02-23,681,576,0.26591707772434675,0.001357418815913125
2019-02-24,194,102,0.1462365137914811,0.00044309055663251177
2019-02-25,602,409,0.19247196919638399,0.0010973414566602048
2019-02-26,702,483,0.33240216704513453,0.0012330049715815433
2019-02-27,554,312,0.17437959511899662,0.0009300286162651159
2019-02-28,768,657,0.8007742138769454,0.0014255683391656805
2019-03-01,944,669,0.28261955901751606,0.001549211547646282
2019-03-02,399,372,0.46521359616795566,0.0008672331618300805
2019-03-03,552,409,0.2351725215779829,0.0010980094934095138
2019-03-04,706,483,0.2516438390163543,0.001197196600132075
2019-03-05,660,471,0.2050169817189048,0.0012144131547048862
2019-03-06,849,508,0.2129982707790236,0.001398720922182221
2019-03-07,746,459,0.18452550453804825,0.001298400606525598
2019-03-08,782,593,0.2706584563468447,0.0014181926751592356
2019-03-09,837,652,0.24002150863384755,0.00156708118491558
2019-03-10,333,271,0.2949417433712058,0.000750701831549568
2019-03-11,468,271,0.21072248811982888,0.0007979385024102436
2019-03-12,645,435,0.22465152139294192,0.001198081192589498
2019-03-13,467,307,0.2632898733698679,0.0007950616842801119
2019-03-14,523,399,0.2834670403562965,0.0009772053515896327
2019-03-15,666,608,0.36268270406758446,0.0012671718570361605
2019-03-16,617,418,0.24062919480203615,0.0011054564604509897
2019-03-17,638,558,0.29336838651819963,0.0014362679690843635
2019-03-18,591,384,0.22034324456000867,0.001055801716975907
2019-03-19,1019,844,0.2883902058219232,0.0020111040637478673
2019-03-20,941,721,0.2467688109046041,0.0015745539423191045
2019-03-21,1020,667,0.2482087673653529,0.0016739895096657394
2019-03-22,812,637,0.27304310832731804,0.0014982432151758515
2019-03-23,1068,946,0.2883746079238109,0.0021440220138641626
2019-03-24,898,753,0.3402980084133683,0.0018358257177143913
2019-03-25,937,645,0.2060302657638906,0.0016421178343949045
2019-03-26,983,764,0.3668898240067013,0.0017915344140766462
2019-03-27,1126,796,0.25489641561192283,0.0019469130518701273
2019-03-28,803,619,0.3279376115274819,0.0014224213891895975
2019-03-29,1437,1239,0.2900583488963356,0.0027810323157872316
2019-03-30,325,204,0.22220887768953163,0.0005311638844877447
2019-03-31,404,305,0.23856103094454226,0.0008073050599359101
2019-04-01,908,926,0.4285598209355633,0.0018841999872185415
2019-04-02,904,712,0.2506394457615078,0.00173528912552148
2019-04-03,987,881,0.3588165885264034,0.0018902679523006302
2019-04-04,1024,1765,0.8669552576537054,0.0029013910487186586
2019-04-05,759,587,0.23944187096224345,0.0015102159597087995
2019-04-06,1716,1562,0.34123104914497077,0.0033180125404547465
2019-04-07,1065,1083,0.3997004603336798,0.0026346265199768382
2019-04-08,1342,1131,0.31966084249905613,0.0025648126451228086
2019-04-09,1036,1324,0.47416001182881407,0.002406367748378272
2019-04-10,1156,1953,0.7970573395093634,0.003050261078267291
2019-04-11,803,2516,1.7585950676573634,0.003309943473373841
2019-04-12,1070,892,0.3098245240491596,0.0018439353930283446
2019-04-13,3032,3009,0.3529661429287812,0.00608129571407627
2019-04-14,254,153,0.33830333468521434,0.0004525780280418885
2019-04-15,1200,929,0.2936781947809339,0.002098367732581817
2019-04-16,1122,845,0.24106114108725815,0.00196332102985488
2019-04-17,1995,1656,0.37430301326872284,0.0035417573287969298
2019-04-18,1527,1263,0.3107432928362744,0.0027301843401201643
2019-04-19,548,604,0.3835722986737447,0.0012825687987270535
2019-04-20,2226,2096,0.4402517646138624,0.004331128740612833
2019-04-21,5936,6467,0.5321364220161526,0.012375631624785778
2019-04-22,3186,3024,0.4003962932660713,0.006072714325275942
2019-04-23,1062,735,0.2507329229555156,0.001874697106064802
2019-04-24,1953,1710,0.30009550448737415,0.003660180494241452
2019-04-25,2201,1999,0.3175952970598669,0.004144943590237559
2019-04-26,885,685,0.2786632709065344,0.0015292325736719502
2019-04-27,1580,1450,0.35706760294672946,0.002885354218916378
2019-04-28,2493,2769,0.4011205065249585,0.006002492384381057
2019-04-29,1028,885,0.25415877866732056,0.0019075213795326884
2019-04-30,1683,1358,0.31395745091719346,0.0029384420619535546
2019-05-01,987,833,0.39839383269140255,0.0018399167526832992
2019-05-02,1366,1323,0.4016218092434544,0.0027093830211997335
2019-05-03,1660,1204,0.33762971795438523,0.00276338173042687
2019-05-04,1999,1984,0.3826268086232822,0.0038146352498820116
2019-05-05,5399,5386,0.48651550064864957,0.01044734204172696
2019-05-06,1889,1705,0.3935432885576355,0.003435316969666239
2019-05-07,1412,1516,0.5176931673681381,0.002911854301399319
2019-05-08,1704,1548,0.32343990360330377,0.003193743753988417
2019-05-09,891,2278,1.601949402977082,0.0031572238421815695
2019-05-10,1781,1672,0.43636470691921175,0.003297826281978774
2019-05-11,3906,3740,0.4000864092192615,0.007084209659673521
2019-05-12,858,947,0.42292323826163997,0.002013523493030555
2019-05-13,696,569,0.33051293693746153,0.0012781458364399378
2019-05-14,1237,1279,0.5965398290222205,0.00241919531589983
2019-05-15,1913,1849,0.4411028460909818,0.003548186098033786
2019-05-16,2000,2089,0.4117082024670523,0.0038626188498107634
2019-05-17,3078,3218,0.5340829954847942,0.006157771887486648
2019-05-18,5121,5386,1.0210308762975324,0.009023643035170312
2019-05-19,13075,13409,1.052520763106705,0.0217589112632037
2019-05-20,5664,5259,0.6323412284801604,0.01029009533275418
2019-05-21,3078,3886,0.4074232000443642,0.0067214419165226745
2019-05-22,1521,1981,0.4921286528477824,0.003252049483503602
2019-05-23,1881,1690,0.4024232718256223,0.0035138204921355437
2019-05-24,3515,3308,0.3632787517876329,0.006776797145597791
2019-05-25,1296,1340,0.6314448996899984,0.002537880286426396
2019-05-26,8837,8497,0.6146845151523391,0.016370261339969574
2019-05-27,3636,3637,0.41194709296843757,0.007228316055209725
2019-05-28,1000,935,0.42483718705687534,0.00199177726178557
2019-05-29,1597,3013,0.5543928725630564,0.004490248051588401
2019-05-30,2002,1995,0.46116493156762556,0.0038282868075247387
2019-05-31,3474,3427,0.42096384112722196,0.0066600099071304035
2019-06-01,3372,3291,0.5912541528088154,0.006337695006000185
2019-06-02,4677,4639,0.5467513876020675,0.00927821190484791
2019-06-03,2606,2703,0.4252966961468462,0.005181588004905645
2019-06-04,1679,2350,0.6389010343048724,0.003915614985955611
2019-06-05,953,1017,0.641658104628971,0.001851736283109903
2019-06-06,3884,3908,0.4357111806264431,0.0076373778533845
2019-06-07,5474,5484,0.748355604215812,0.009913058053608127
2019-06-08,11243,11007,0.8908960625719656,0.01918616726668513
2019-06-09,7997,7777,0.706408075216922,0.0143002375781603
2019-06-10,770,1213,0.8780320330689464,0.0019798542595799735
2019-06-11,4442,4650,0.5935887993855183,0.008323640727406996
2019-06-12,4521,5150,0.6272618277307114,0.009361068097869968
2019-06-13,848,1505,1.3135524438740884,0.00207425410660409
2019-06-14,4144,5514,1.360365312552565,0.008503220217426808
2019-06-15,8054,6636,1.1591657233208765,0.011106935158444436
2019-06-16,11592,9641,0.7560718049718048,0.017225145389088894
2019-06-17,2765,3532,0.5703898785243895,0.005985761100341549
2019-06-18,5026,4551,0.4154307842936525,0.009269407639411656
2019-06-19,4841,4689,0.5443501734084178,0.008846841857088325
2019-06-20,1897,1891,0.7136011557206677,0.003427490076617742
2019-06-21,7255,6971,0.6712319269892165,0.013422646934974185
2019-06-22,12519,11963,0.8889042656103496,0.02138595501088446
2019-06-23,10013,9763,0.7351583997137411,0.017711933593960734
2019-06-24,3478,3580,0.52527327562705,0.006624545244174005
2019-06-25,5156,7389,0.6772596789788053,0.011828393455309689
2019-06-26,5281,5734,0.6015119667967848,0.010522439151973907
2019-06-27,6469,6903,0.7718069574884281,0.011503046247576847
2019-06-28,4862,5665,1.1112991637517067,0.008928479850662072
2019-06-29,14333,14613,1.421284394185623,0.024980960952644696
2019-06-30,20925,20324,1.9573781327130697,0.03313760280280538
2019-07-01,17432,16795,0.91861482618733,0.02848057975463193
2019-07-02,3923,5628,0.8818838977352182,0.00863133845413867
2019-07-03,8221,7878,0.8697397464045127,0.014405837861944205
2019-07-04,8804,8756,0.6016760989645322,0.015719464694817782
2019-07-05,8311,8462,0.7854461670678773,0.015011850514481364
2019-07-06,11193,11368,1.389470911358379,0.019955939472693834
2019-07-07,15604,14973,1.2225872994373583,0.02707095129554282
2019-07-08,7648,7941,0.659526575111109,0.014321056032493307
2019-07-09,7192,7580,0.8361220108893662,0.01356687898089172
2019-07-10,7863,8730,0.950628249451098,0.0139402976001513
2019-07-11,3578,4028,0.8600330058544271,0.00714426618816933
2019-07-12,9357,10566,1.6109504605949638,0.016751828761710493
2019-07-13,18371,17027,1.8259200032528422,0.028427350537440506
2019-07-14,20739,19162,1.4690502597295316,0.032430319122941344
2019-07-15,8489,8541,0.5913688938239454,0.0154444023378857
2019-07-16,6146,5742,0.5324197896392178,0.011361888058094094
2019-07-17,2250,2759,1.7190940109553043,0.00432048347349344
2019-07-18,8266,7824,0.5759841144877833,0.014783531800978493
2019-07-19,5506,6448,0.9276513332940808,0.011114687104717568
2019-07-20,10477,10412,1.1181178906339222,0.017567426089658292
2019-07-21,14463,14246,1.1361128816407924,0.024469128964651903
2019-07-22,6981,6937,0.8843841342884053,0.012778547032216375
2019-07-23,9421,9059,1.046773694503213,0.016333638668172036
2019-07-24,10052,9810,1.062189059568467,0.01756030363064426
2019-07-25,8977,8525,0.9370585223839469,0.016305283405809577
2019-07-26,10264,11738,1.5204167594465618,0.01897154527831626
2019-07-27,18553,17389,1.3672951878580875,0.028865288878298225
2019-07-28,12628,12215,1.388118877938537,0.02143017862088064
2019-07-29,8321,8405,0.8071378204643613,0.01537062678851657
2019-07-30,3953,4734,0.8152077592578393,0.008169482137911936
2019-07-31,11091,10445,1.1250611417511636,0.01833817108902496
2019-08-01,11012,11935,1.341905245991683,0.018843711674644933
2019-08-02,10513,11736,1.5765489338034264,0.01993547853420465
2019-08-03,17075,16587,1.970054515255894,0.027675027363479317
2019-08-04,21487,20944,2.2335311036968264,0.03408915265371314
2019-08-05,19108,18166,1.0591848803757504,0.030652042040854005
2019-08-06,3094,3298,0.8071450132906235,0.006163678275691257
2019-08-07,8282,8604,0.8634364151525381,0.014918802235335052
2019-08-08,5952,5975,1.015915157281409,0.011089426452206846
2019-08-09,12081,12675,1.453610651069113,0.0221895938456448
2019-08-10,18148,17193,1.3775750487711615,0.028716177692345284
2019-08-11,16111,15415,1.3766805291628106,0.02654828403725743
2019-08-12,6545,6316,0.9145205028813483,0.011494459569784964
2019-08-13,9314,9697,1.1756125306860847,0.017249012520223293
2019-08-14,10313,11234,1.4733953162641509,0.01834757308771894
2019-08-15,9108,8863,0.9395035215973643,0.015483072556078647
2019-08-16,10139,10259,0.7464003592992045,0.018036057914208013
2019-08-17,7052,6985,1.0080306168078161,0.011782257465332893
2019-08-18,11845,11356,0.9830225605683174,0.020524004288889362
2019-08-19,9577,10772,1.0142565675046364,0.017763935092842194
2019-08-20,11252,10845,1.0172130773604982,0.019295822539427698
2019-08-21,7039,8652,1.6900832313050667,0.014610948528145979
2019-08-22,11289,11201,1.3001934802433819,0.019640234305164598
2019-08-23,10377,10557,1.7515376437228407,0.018511812197771767
2019-08-24,17254,16574,1.578223156458778,0.02781184476005855
2019-08-25,17204,15885,1.6254716782263312,0.027202760084925687
2019-08-26,9457,9090,0.9833385838441789,0.016606904588073238
2019-08-27,1746,2198,1.0870893135881325,0.0036206935265367833
2019-08-28,11467,11352,1.5618480454698038,0.020184940601722656
2019-08-29,10131,9643,4.921602107913657,0.01642487980167694
2019-08-30,10781,11501,3.2664716555195783,0.018743541077061283
2019-08-31,18311,17304,1.3586253619844828,0.03075238853503185
2019-09-01,8703,8199,1.092062714796788,0.01420118742865634
2019-09-02,12686,11995,0.6458235604430383,0.02241415120465245
2019-09-03,2924,2964,0.5563138826210405,0.005514922060826318
2019-09-04,2390,2407,0.4140680031840751,0.0045434090279700915
2019-09-05,3357,3614,0.47625341993325665,0.006633857964860457
2019-09-06,2346,2958,0.7295059159573529,0.005030924028431644
2019-09-07,7666,7993,1.12064051944907,0.013829715470535188
2019-09-08,8325,6400,0.6661455537859018,0.013344641373580726
2019-09-09,2767,2937,0.43886540685536374,0.005196159881842519
2019-09-10,2568,2399,0.3990245121501134,0.004706875596172191
2019-09-11,4184,3769,0.3908102535511997,0.008027961946340431
2019-09-12,2320,2296,0.37185137882724334,0.004562347737789925
2019-09-13,2197,2400,0.6225214724290322,0.004118446559489279
2019-09-14,8721,8087,0.7292239512951261,0.016092802855472474
2019-09-15,2149,2035,0.4825668689985509,0.004010632613181164
2019-09-16,2182,2202,0.4308700888397656,0.004394252854838972
2019-09-17,3457,3418,0.41073633722438724,0.006730426870277328
2019-09-18,3370,3450,0.5978069242623295,0.006773787019533711
2019-09-19,3601,4669,0.5561773581631047,0.00799493722233707
2019-09-20,4301,4232,0.7299355827677221,0.00791406887363686
2019-09-21,12339,11879,0.7621570112782952,0.021705862677892585
2019-09-22,9817,8162,0.5244226083157372,0.015686948108627297
2019-09-23,2299,2253,0.3733266215762272,0.0045652988417743175
2019-09-24,2886,2854,0.36982927861487014,0.0056078648573802264
2019-09-25,2862,2738,0.34988362024385466,0.005549669086808023
2019-09-26,2294,2118,0.4328025355581995,0.004232957980505575
2019-09-27,3568,3108,0.47307985460154767,0.0061766973287327755
2019-09-28,2556,2493,0.5926934798707519,0.0047192179148188755
2019-09-29,5375,5217,0.5464133055274838,0.010259145568509367
2019-09-30,1935,1883,0.364444342242954,0.003935785436754697
2019-10-01,2684,2616,0.35852156280271563,0.005172686632116153
2019-10-02,977,1919,0.6154376696792192,0.0029232816807681335
2019-10-03,1384,812,0.27199734869926023,0.0021999528802952835
2019-10-04,2715,2571,0.3539365458681142,0.005312606903741835
2019-10-05,3023,2947,0.46049319006180034,0.006009008421978594
2019-10-06,1881,1688,0.37435365320330194,0.0038528658024642518
2019-10-07,1896,1779,0.32601139591501915,0.0036181715290236355
2019-10-08,2331,2138,0.3769185156897231,0.004169148302561048
2019-10-09,2413,2225,0.34681246801758975,0.004517941211377933
2019-10-10,2278,2698,0.4883298176752782,0.004996986332611139
2019-10-11,2917,2705,0.36362174535467817,0.005491157969695771
2019-10-12,2633,2721,0.41587170288210124,0.005463199097285657
2019-10-13,4745,4605,0.4843954394216835,0.00973876119265208
2019-10-14,3351,2981,0.43478465816613615,0.006473792764232011
2019-10-15,2244,1853,0.34061222785885903,0.004164307237007982
2019-10-16,883,830,0.306515308578775,0.0017008560079690167
2019-10-17,1255,1086,0.3725027172942837,0.002279668805862923
2019-10-18,2156,1960,0.3798220603694697,0.0037302686236499586
2019-10-19,2967,2752,0.33093053055952454,0.005840363400389357
2019-10-20,3349,3196,0.374242723696715,0.007010912835779562
2019-10-21,1652,1469,0.31973950353032227,0.0031557802237772645
2019-10-22,870,699,0.24158574070928687,0.0015050630320397817
2019-10-23,1632,1415,0.32114293026828744,0.00312701929290132
2019-10-24,1706,1526,0.3008835248207473,0.003321081208093116
2019-10-25,1447,1283,0.3307109519622039,0.0027517494223702867
2019-10-26,2109,1991,0.41970497611914587,0.003985836926850497
2019-10-27,630,569,0.4331543440437051,0.001361978246545517
2019-10-28,1756,1609,0.3531730078863377,0.003514901050209829
2019-10-29,1339,1162,0.2724071475139579,0.0025151175719298827
2019-10-30,724,651,0.2582368107840199,0.0014661741453086893
2019-10-31,804,679,0.28018113812978934,0.0015350231930213237
2019-11-01,1070,826,0.28256379326881337,0.001889954822949776
2019-11-02,769,647,0.2951339765080613,0.0015923566878980893
2019-11-03,1267,1144,0.36769961993179745,0.0029114906832298135
2019-11-04,968,795,0.24237379003894366,0.001780124703137719
2019-11-05,1097,913,0.26443571555088896,0.0021051128496261426
2019-11-06,961,705,0.2227492026142362,0.0017329860149543064
2019-11-07,818,631,0.2251450003339169,0.0015488069608097122
2019-11-08,1146,910,0.25362521692780143,0.0020552871202007134
2019-11-09,849,678,0.27285073593512393,0.001635906414986466
2019-11-10,871,682,0.23775268047043993,0.0018856524256690415
2019-11-11,594,452,0.25441622162158284,0.0012474509705193725
2019-11-12,767,602,0.22866461292618087,0.0014117020908335641
2019-11-13,753,540,0.20174402678174352,0.0013516899421081086
2019-11-14,826,509,0.18728293036927326,0.001374922112988092
2019-11-15,809,417,0.25455939854119697,0.0012570098310717252
2019-11-16,527,305,0.18957293164632158,0.0008598279450782109
2019-11-17,710,564,0.25080381198032753,0.0014515035475892628
2019-11-18,705,457,0.17711019966301755,0.0012495970872243736
2019-11-19,803,551,0.225955004355666,0.0014187249717573728
2019-11-20,815,591,0.21240256005243877,0.0014056376559838206
2019-11-21,780,678,0.28767268475007907,0.0015079790916643588
2019-11-22,719,432,0.21847236221144162,0.0011567219819781439
2019-11-23,926,816,0.2853140976786557,0.0018451117177231827
2019-11-24,702,523,0.25120868020013065,0.0014727725888069284
2019-11-25,568,370,0.20710281979797573,0.0009615680482476384
2019-11-26,1045,763,0.22764019915535597,0.0018565068274290098
2019-11-27,770,567,0.22360195967272192,0.0013123251094293142
2019-11-28,986,714,0.23357164494674756,0.0017697659927997786
2019-11-29,931,765,0.34347331447651613,0.0016575170638734585
2019-11-30,680,619,0.34062283463324367,0.001358283551581807
2019-12-01,184,134,0.22781103189571275,0.00040937714471482063
2019-12-02,627,535,0.2687767037685491,0.0012495970872243734
2019-12-03,961,592,0.24952764431345767,0.0016107466768208252
2019-12-04,729,456,0.17456260372037946,0.001233004971581543
2019-12-05,787,594,0.22550980411732127,0.0015242776700821565
2019-12-06,589,380,0.23375730774885134,0.0009956350305284118
2019-12-07,664,471,0.2735807951636939,0.0012189530169654653
2019-12-08,579,416,0.28562709140277387,0.0011832531910072757
2019-12-09,675,447,0.19954487937112353,0.0011637720721077132
2019-12-10,706,518,0.21155966716167496,0.0012548463029631682
2019-12-11,874,632,0.1984809983333925,0.0015857630784243911
2019-12-12,856,635,0.2393547940639183,0.0015436773054555524
2019-12-13,929,616,0.20162704425587633,0.00157637986494259
2019-12-14,297,77,0.08027185620324234,0.0004384750300009231
2019-12-15,505,396,0.2791463362339877,0.0010446750009890414
2019-12-16,812,568,0.20807724219230778,0.0014006348124320986
2019-12-17,798,584,0.33337893978272115,0.0013378239692443026
2019-12-18,758,524,0.24253621088358934,0.001275563723639049
2019-12-19,759,682,0.3510428640856859,0.0014423520723714576
2019-12-20,903,553,0.19009271525839813,0.0015566235784922413
2019-12-21,767,709,0.2590841690706968,0.0015527950310559007
2019-12-22,742,655,0.31908994778219574,0.0017907355729288711
2019-12-23,869,710,0.34291315098845493,0.0016939727177709687
2019-12-24,575,422,0.23621853882793248,0.001100685757736483
2019-12-25,568,455,0.26576488908946533,0.001242345918335949
2019-12-26,484,404,0.3278128173915167,0.0010485637320309157
2019-12-27,932,742,0.28222415980807997,0.001800055386319579
2019-12-28,1283,1047,0.26742353706335853,0.0025752368673134457
2019-12-29,325,235,0.3528390455822069,0.0006487379098844067
2019-12-30,697,509,0.3361619267189462,0.00134593450333022
2019-12-31,526,361,0.22940501975275424,0.0009055223677212047
2020-01-01,642,628,0.325987518094681,0.0015294176883764257
2020-01-02,822,791,0.3297117328396665,0.0016488081290075198
2020-01-03,706,618,0.30192418151170397,0.0013630227083910275
2020-01-04,564,519,0.3042682029359069,0.0012461921905289393
2020-01-05,523,441,0.2893530821277751,0.0011016533302239259
2020-01-06,739,481,0.17418068535938366,0.0012105267574666634
2020-01-07,730,459,0.1851427141848811,0.0013027323917659006
2020-01-08,678,434,0.19549120069760376,0.0011336887288839657
2020-01-09,739,547,0.23642977301084797,0.001390332817302323
2020-01-10,759,550,0.2904439524360374,0.0013250111837760689
2020-01-11,286,119,0.15424516841438235,0.0004314693199351189
2020-01-12,415,297,0.22628557140718814,0.0008608392594953575
2020-01-13,744,455,0.20547065332262357,0.0012915908131347295
2020-01-14,702,480,0.19757081298014595,0.0013664388054045388
2020-01-15,753,543,0.20118093616579205,0.001377958031463003
2020-01-16,744,559,0.289717735794991,0.0013403056632511768
2020-01-17,503,319,0.215573090560913,0.0008199771531431737
2020-01-18,318,172,0.1619665265625794,0.0005831540378757217
2020-01-19,375,294,0.2550777549921864,0.0008389398406828808
2020-01-20,496,272,0.24079714647462278,0.0008024206545573408
2020-01-21,707,495,0.21965898368853476,0.001272992022583325
2020-01-22,776,551,0.22540796899695223,0.0013227679732802965
2020-01-23,776,531,0.2172731737452476,0.0013446327194682913
2020-01-24,749,567,0.46861663997963854,0.0013769654450906182
2020-01-25,366,231,0.18244110578795866,0.0006688392609882502
2020-01-26,437,295,0.20970016795661128,0.0008521940535233252
2020-01-27,730,442,0.14252390180331745,0.0013060375782097075
2020-01-28,767,532,0.2142907826289089,0.0013359786070340626
2020-01-29,846,588,0.20542340896422678,0.0014820167543616726
2020-01-30,773,529,0.23143886780062306,0.0013615803563186558
2020-01-31,805,608,0.26368805166113696,0.0015086072127281336
2020-02-01,615,539,0.31708566650155856,0.0011791228191636665
2020-02-02,393,247,0.20293287415009123,0.0008940074410316304
2020-02-03,879,717,0.22334813429404138,0.001903904735530324
2020-02-04,797,569,0.27852336902261005,0.0014319121907047688
2020-02-05,826,585,0.22852840455612836,0.0014813642617575045
2020-02-06,449,260,0.2477186750222986,0.0006859382655560999
2020-02-07,435,185,0.18259445364805693,0.0006838267088380047
2020-02-08,499,308,0.19648642539168076,0.0008619495984491831
2020-02-09,394,289,0.29718204871651743,0.0008401146070766675
2020-02-10,805,614,0.2481500246952561,0.0015958770048204872
2020-02-11,503,211,0.12645168579598604,0.0006912638732079331
2020-02-12,534,244,0.15223157005013072,0.0007995283229558428
2020-02-13,710,493,0.1771081792121225,0.0012741086822522579
2020-02-14,448,222,0.19404375182303368,0.000644398525871802
2020-02-15,478,429,0.2994169979731039,0.0010134264078152007
2020-02-16,677,523,0.2773034263969632,0.0014143292321082408
2020-02-17,835,692,0.2635867132308166,0.0017535022297768313
2020-02-18,752,584,0.22063716512548212,0.0013760038770423706
2020-02-19,823,560,0.215195680258369,0.0014038301770231984
2020-02-20,663,407,0.1697776403809597,0.001070447138018448
2020-02-21,650,413,0.292243171079957,0.001117776328601674
2020-02-22,800,664,0.32677236394725123,0.0014664786888547619
2020-02-23,1069,927,0.3026220208457854,0.002398425446057681
2020-02-24,925,1742,0.5941917729558893,0.002728405629264117
2020-02-25,767,617,0.24624282850035156,0.001501559442686509
2020-02-26,719,683,0.25319121066567984,0.0015219888228591146
2020-02-27,670,666,0.415470832628567,0.001447081095559561
2020-02-28,740,683,0.6859190502788612,0.001446435038237863
2020-02-29,546,397,0.25255206831912536,0.0010010396284576726
2020-03-01,542,524,0.2864967073542415,0.0012974758197688134
2020-03-02,680,628,0.3274730981703597,0.0013913579474901956
2020-03-03,720,584,0.2807513589335505,0.0014354287824240746
2020-03-04,929,738,0.3058689506681619,0.0017626915993019564
2020-03-05,939,696,0.24626385974095677,0.0016202565130591848
2020-03-06,726,453,0.25448206681779956,0.001131143401697428
2020-03-07,855,726,0.2798338711252575,0.0016681831968456172
2020-03-08,1549,1395,0.3146541708508403,0.003636615392361723
2020-03-09,1144,903,0.2623994652686876,0.0021451381196344503
2020-03-10,732,538,0.30799398403297185,0.0012629759237347165
2020-03-11,768,571,0.31914923196066114,0.0014022409480731275
2020-03-12,811,517,0.17372125084242726,0.0013673497646081417
2020-03-13,728,462,0.1683529585753515,0.0013271594797440965
2020-03-14,531,385,0.23525734445931842,0.0010241694439404503
2020-03-15,706,669,0.3250772606890105,0.0016615895873719193
2020-03-16,301,160,0.2020643519324943,0.00048104928427505987
2020-03-17,268,195,0.2050235710347448,0.0005355752600805714
2020-03-18,231,151,0.279429841686427,0.00044933509266348467
2020-03-19,222,127,0.16275128137965544,0.00040453733418041826
2020-03-20,194,93,0.13353036328869808,0.0003362740831586027
2020-03-21,200,195,0.269104578197599,0.0004888690452641871
2020-03-22,98,129,0.25941231058857755,0.00036731899443059787
2020-03-23,151,105,0.18967392177414696,0.0003160632367283542
2020-03-24,207,109,0.1470398377892147,0.000328541577503084
2020-03-25,157,134,0.38788911043416724,0.0003337025754638604
2020-03-26,166,94,0.17430585933256348,0.00029812534263220657
2020-03-27,168,108,0.33898193077777156,0.00033732625488312897
2020-03-28,124,105,0.2313290568780738,0.0002910928727876942
2020-03-29,76,31,0.10393370641948019,0.00016973226967777666
2020-03-30,108,65,0.15925443344521018,0.00024595898497281696
2020-03-31,152,76,0.13128011264815476,0.00025962337302686233
2020-04-01,150,177,0.4291598957942136,0.00042292271200317875
2020-04-02,159,139,0.2808187355215325,0.0003433951813901966
2020-04-03,149,224,0.5475137679637818,0.00044724453060094156
2020-04-04,117,170,0.3508432221776369,0.0004038585802640081
2020-04-05,71,64,0.24845477131306276,0.0002322652111380102
2020-04-06,126,105,0.19323409120129545,0.00027103943623797266
2020-04-07,140,110,0.3092814551409501,0.0003241358475365676
2020-04-08,156,101,0.1988702631102402,0.0002796466135609602
2020-04-09,166,108,0.1421729347575904,0.00033438017405445537
2020-04-10,47,27,0.1523480845564479,0.00013569648296870673
2020-04-11,146,109,0.2706188290879908,0.0003511097044744234
2020-04-12,32,12,0.08119142127450076,0.00013385027231607125
2020-04-13,62,24,0.09458082605648951,0.0001360784575864934
2020-04-14,143,95,0.18371375593209843,0.0002889721021516381
2020-04-15,155,141,0.26576061107661414,0.0003762657580099454
2020-04-16,174,156,0.28004942340318545,0.000427437901099298
2020-04-17,159,150,0.2608345759604031,0.00038593658855624364
2020-04-18,136,128,0.2871211520128025,0.00031154804763223483
2020-04-19,64,37,0.2012525584341587,0.00017188857800399163
2020-04-20,156,161,0.3233625474537904,0.00040787208168278086
2020-04-21,133,76,0.18171075031288977,0.00026727119331757616
2020-04-22,191,126,0.16726639357461281,0.0003786615726323761
2020-04-23,178,127,0.23277448215610486,0.0003706844825994646
2020-04-24,160,139,0.23393510010098212,0.0003807809471060648
2020-04-25,134,93,0.2042044812776153,0.00027241640879920053
2020-04-26,54,40,0.1585392940865417,0.00017180015795357806
2020-04-27,153,129,0.2555047076668919,0.00031358430938146516
2020-04-28,166,115,0.1789735172200515,0.0003122268015486449
2020-04-29,161,124,0.28995632509442437,0.0003792074721180232
2020-04-30,151,227,0.5292190230281443,0.000525540646005891
2020-05-01,200,178,0.28294792071837704,0.0004439050613322039
2020-05-02,147,168,0.3956226744109376,0.0004379383408577152
2020-05-03,131,110,0.2199919404624666,0.0003187933510655426
2020-05-04,138,112,0.22379837761241805,0.0003241358475365676
2020-05-05,205,175,0.37047393443958326,0.0004569371365272778
2020-05-06,186,172,0.2557960840187024,0.0004471291424351519
2020-05-07,174,138,0.2802529141519198,0.0003807809471060648
2020-05-08,231,168,0.2615149353560255,0.0005446321425274624
2020-05-09,121,80,0.23140820240832105,0.0002620959765794992
2020-05-10,115,71,0.12398040147267048,0.0002884704144742915
2020-05-11,141,109,0.23282476823462703,0.00034286769263230075
2020-05-12,187,133,0.24864702521700582,0.0003738576571586818
2020-05-13,236,224,0.2989134956930947,0.0005316564167141282
2020-05-14,185,214,0.37696434405034435,0.00045197326826311636
2020-05-15,170,138,0.3962928192974094,0.0003844635481419068
2020-05-16,232,351,0.5130066022318861,0.0007069744157808406
2020-05-17,97,80,0.25925881724321675,0.000271162189605834
2020-05-18,68,51,0.11655638854821906,0.00018822694544447523
2020-05-19,205,167,0.22722364414725993,0.00043576001433528273
2020-05-20,255,213,0.3905323956175521,0.0005538631957906397
2020-05-21,275,163,0.19312351612708367,0.0005253555313014157
2020-05-22,261,299,0.3928594276427287,0.0006230960952644697
2020-05-23,185,192,0.3189790661421562,0.000463436551579923
2020-05-24,105,74,0.20713793908590855,0.0002952579536383925
2020-05-25,214,293,0.47234343122977474,0.0005930516294550718
2020-05-26,226,191,0.2801472919787319,0.0005081694821379119
2020-05-27,200,189,0.30663198366514416,0.0005037798217031882
2020-05-28,245,164,0.22504178289980803,0.0004859878041496299
2020-05-29,208,164,0.2884783976049658,0.0004167036779651275
2020-05-30,213,211,0.4729832658736173,0.0005063504216419329
2020-05-31,160,263,0.489580827378384,0.000611825623257102
2020-06-01,222,214,0.2865244105202077,0.0005226405156357753
2020-06-02,234,165,0.3149970765170392,0.00045197326826311636
2020-06-03,239,143,0.1850799739733879,0.00044933509266348467
2020-06-04,308,225,0.2284556299432903,0.0005669935732770557
2020-06-05,275,262,0.3206282940286291,0.0006322400631195038
2020-06-06,228,284,0.5041164956770052,0.0006124448799608035
2020-06-07,199,158,0.30501347770336734,0.00045664252844441046
2020-06-08,225,141,0.19291408966429738,0.00045866795901412354
2020-06-09,276,246,0.3074538961828449,0.0006000184621065265
2020-06-10,236,135,0.1322399746861251,0.0004549590536851683
2020-06-11,287,243,0.280071667052049,0.0006502462519208736
2020-06-12,313,248,0.255000617444308,0.0006500200006154035
2020-06-13,259,248,0.5052247356578985,0.0005930516294550718
2020-06-14,209,212,0.4383754647577342,0.0005643986370149182
2020-06-15,268,176,0.226612960372653,0.0005711714206590972
2020-06-16,298,288,0.448526003131872,0.0006962478381047428
2020-06-17,319,272,0.3624331941641088,0.0006486029529653544
2020-06-18,336,299,0.2784293895061493,0.0006514702343930886
2020-06-19,347,305,0.26594226221121314,0.0007514916542886634
2020-06-20,330,327,0.36071385745335516,0.000788993797777232
2020-06-21,269,283,0.46153222843358993,0.0007106969068436013
2020-06-22,245,314,0.49648552254219386,0.0006750207698698422
2020-06-23,264,281,0.36943255082242166,0.0006706088694131765
2020-06-24,345,2661,4.060559364361288,0.0028619515486717033
2020-06-25,342,1956,2.786816790305673,0.001870976893097649
2020-06-26,434,2339,2.975483892487592,0.0022162769843467713
2020-06-27,1753,2848,2.0464672494514584,0.0036783032238096014
2020-06-28,4192,3345,1.7982081930526652,0.005602597136768087
2020-06-29,2008,3001,1.8034351525345123,0.004010621141283985
2020-06-30,1923,4121,2.971390581894999,0.004912239057905078
2020-07-01,5697,3919,2.337614818249863,0.007327917782085603
2020-07-02,2674,3142,1.816871029090467,0.004506432365751114
2020-07-03,2750,3697,2.2112942384745504,0.0050611636856730865
2020-07-04,5226,3967,1.901443753228473,0.006924811549569234
2020-07-05,4025,3159,1.4794448392150816,0.005519184514233973
2020-07-06,1956,2173,1.4033327275572327,0.003293857005554922
2020-07-07,1783,1966,1.461661540056087,0.0029488384973562695
2020-07-08,1812,1981,1.289250403982829,0.0029842599808079964
2020-07-09,2099,2196,1.2998605001830312,0.0033486441492629484
2020-07-10,2353,2299,0.9330867557574388,0.0037649510094816103
2020-07-11,1067,1719,2.010893135432337,0.002372322264248832
2020-07-12,3846,3247,1.1545547541258288,0.005448395819266349
2020-07-13,1408,1920,1.5087231910965182,0.002706756130031063
2020-07-14,2213,2502,1.6366188226756149,0.0037265010658646385
2020-07-15,2495,2596,1.1308598764735083,0.003982085390425806
2020-07-16,542,1626,2.663210282625925,0.001830728189883934
2020-07-17,3208,4453,2.825891986501951,0.005824025354626297
2020-07-18,5201,3130,1.940498822361873,0.006411433229924793
2020-07-19,1827,1780,1.3371680459543798,0.002868685552315637
2020-07-20,2443,2822,1.496461676296903,0.004322468494860083
2020-07-21,2199,2176,0.9685539727764978,0.003716941290501246
2020-07-22,623,1463,1.9017296563243917,0.0017360149543062865
2020-07-23,1824,2572,1.785840660305801,0.0034696953108396184
2020-07-24,3239,4059,2.6033069108119107,0.005544785993415182
2020-07-25,5923,4921,1.9661167388265022,0.008272562232684083
2020-07-26,4995,3967,1.2057190215599702,0.007062551526784378
2020-07-27,1002,1828,1.7483534809728591,0.0023201464360254236
2020-07-28,2587,2684,1.3767620986178597,0.004174099811300097
2020-07-29,1649,2461,1.453237860545732,0.003359046821459196
2020-07-30,2566,3214,2.385733186498447,0.004810842209779063
2020-07-31,3710,4615,2.51571024647903,0.006632672776335872
2020-08-01,5137,3011,1.448096284392665,0.006414786237454522
2020-08-02,1213,1230,1.0800734800083656,0.0020717287893181526
2020-08-03,2083,1984,0.9864041107655267,0.0034069424358356324
2020-08-04,637,1470,1.9116400076541493,0.0018757500230776332
2020-08-05,2820,3200,2.275209177482857,0.0050134750862878335
2020-08-06,2980,3476,1.8965970486468817,0.005128064763352289
2020-08-07,3282,4282,2.651563284932737,0.005814785658054819
2020-08-08,5445,4641,2.3670270180085224,0.007520799971102789
2020-08-09,5059,4146,1.6705676146713437,0.007341102445370412
2020-08-10,2479,2588,1.090226484796655,0.0040098729334784545
2020-08-11,1201,2237,2.043264685685656,0.003062644842513373
2020-08-12,3297,3624,1.6793885262174006,0.005375777296644093
2020-08-13,2923,3716,2.5241466892024325,0.005213953532787746
2020-08-14,3821,4841,2.8716536337745486,0.006745487273734297
2020-08-15,5230,3170,1.611692774862145,0.0065393620503008485
2020-08-16,2363,2021,0.8732152288964652,0.003632194311419714
2020-08-17,1381,1846,1.254230496798397,0.002832254978474862
2020-08-18,2690,2934,1.8837422390935838,0.004737752614610365
2020-08-19,2795,3326,2.022353248266946,0.004975702549089423
2020-08-20,3135,3531,1.9803335060469092,0.005297121843462804
2020-08-21,2727,3720,3.0348579772409985,0.005441193062350636
2020-08-22,5449,4493,2.5000958005249565,0.007842416371432119
2020-08-23,5487,4524,1.5519995917152722,0.007718301444711696
2020-08-24,2421,2942,1.693183128542822,0.00440421336411834
2020-08-25,3094,3288,1.4191076509433125,0.004895310521222606
2020-08-26,2287,1936,1.0352728989801783,0.003330424478177146
2020-08-27,1626,2127,1.4235837058197622,0.0031786554970922184
2020-08-28,2676,3131,1.8276743247003495,0.0048336384083863
2020-08-29,3865,3933,1.724592325490283,0.006208420008629961
2020-08-30,5284,4610,1.8610382787636033,0.007895770674875863
2020-08-31,2835,2861,1.4595329977215044,0.004681979093332621
2020-09-01,2610,2693,0.9905966092613641,0.004354165484980631
2020-09-02,986,1881,1.9788745992863062,0.0024433078953549105
2020-09-03,3112,3688,2.0010283609527364,0.005469399058432568
2020-09-04,3318,4311,2.9183655212775736,0.005932787442410815
2020-09-05,5483,5034,3.01998235342806,0.008496913027188167
2020-09-06,5367,3633,1.4696447455579276,0.006854057047909166
2020-09-07,2214,1736,0.8732640113760622,0.003529055954758122
2020-09-08,583,813,0.8129777085481192,0.0012547277534777676
2020-09-09,1073,1005,0.5915512961826854,0.0019015337458223162
2020-09-10,932,1162,0.9953983387078176,0.001838315672870906
2020-09-11,1604,1868,1.2601588037255955,0.0029354749376903906
2020-09-12,3204,2554,0.7013157674909637,0.004913805040155082
2020-09-13,1734,1639,0.7661571218236207,0.0027786033191265175
2020-09-14,933,1100,0.5948564416632591,0.0019414883095304032
2020-09-15,840,938,0.7421510417126784,0.0016170149808613712
2020-09-16,1900,1649,0.5058922644484679,0.003163761314113309
2020-09-17,892,1048,0.7994995159271889,0.0016980279555160402
2020-09-18,1086,1257,0.9676367561306619,0.0020651445145680597
2020-09-19,2159,1878,0.8294858086755698,0.00386729125793253
2020-09-20,1943,1673,0.6086884977078205,0.003360166614188761
2020-09-21,844,732,0.3938966302253124,0.001609398632383955
2020-09-22,922,1023,0.6792499144390562,0.0017753970933562973
2020-09-23,1657,1610,0.6490529921954756,0.0029068708186972556
2020-09-24,904,1135,0.9925881052989435,0.0017640902437357714
2020-09-25,1611,2123,1.4527267756205409,0.0031223182935543317
2020-09-26,3641,3162,1.2014870865687657,0.005892683747620667
2020-09-27,2832,2345,0.8024198078572423,0.004525878902782807
2020-09-28,1041,972,0.44029283021123444,0.0019802645511264602
2020-09-29,650,606,0.458160267511036,0.0012894627527000832
2020-09-30,497,436,0.4082067565966264,0.000989689972806225
2020-10-01,744,784,0.5409518606980593,0.0016370230746553989
2020-10-02,539,684,0.7213938044092753,0.0011578951593159388
2020-10-03,1271,1064,0.4760278540719424,0.0026250807717160527
2020-10-04,354,309,0.3488400415016684,0.0007221707617528815
2020-10-05,782,720,0.43032850714494764,0.0015305796391368255
2020-10-06,823,741,0.33797010466729055,0.0015966171740195555
2020-10-07,553,567,0.6183006257633198,0.0010710736800951341
2020-10-08,712,732,0.542400870963932,0.0013796411127031333
2020-10-09,937,1020,0.7955583759112106,0.0017616966176921868
2020-10-10,1638,1342,0.6011709621884375,0.0029647971068793065
2020-10-11,1092,977,0.5465908837553304,0.0021689369288285794
2020-10-12,765,751,0.41337902814171873,0.0016236231586282059
2020-10-13,903,834,0.40884271584688736,0.0016992604297326795
2020-10-14,848,725,0.43416394360198385,0.0016872727597573721
2020-10-15,475,502,0.44616145986069,0.001004426509826676
2020-10-16,735,844,0.6313391640911012,0.0015383957515434864
2020-10-17,1231,1068,0.6183256516362873,0.002204573327530957
2020-10-18,539,436,0.42149751515276224,0.0010748701003055635
2020-10-19,500,470,0.362949330491606,0.0011299798235550106
2020-10-20,600,510,0.2950800754869125,0.0011905788778368465
2020-10-21,540,389,0.36059514182840147,0.0009516776340370913
2020-10-22,524,465,0.4859482925414489,0.0008951521368588156
2020-10-23,1193,1084,0.45504433394512034,0.0020326779285516476
2020-10-24,799,752,0.6352860060125567,0.0016627062470408519
2020-10-25,536,419,0.43167868795849357,0.0011114352969102347
2020-10-26,538,505,0.5091605291389253,0.0012679877329558858
2020-10-27,509,389,0.49023439768992005,0.0009845152992973448
2020-10-28,754,611,0.3038658869355665,0.001430813255792486
2020-10-29,532,503,0.40772973029653914,0.0011452764387535261
2020-10-30,627,623,0.4800447618145973,0.0012829721683744115
2020-10-31,748,710,0.4373247064281851,0.001733295090398386
2020-11-01,197,196,0.39856863251921404,0.0005222568721178043
2020-11-02,475,386,0.31704168571170555,0.00105547514669537
2020-11-03,517,479,0.3809236025055204,0.0011196630983871124
2020-11-04,799,717,0.4801199545234091,0.0015707214068125172
2020-11-05,665,638,0.6761884133378893,0.0012771919962634901
2020-11-06,1047,1292,1.0994498761241422,0.0021490650713383384
2020-11-07,1368,1305,1.3843424600372178,0.002365761051757058
2020-11-08,1241,880,0.6817430835481885,0.0018629115713681879
2020-11-09,1119,998,0.678075054304065,0.0019950776383585367
2020-11-10,1376,1235,0.6034960045977434,0.0025505801516300837
2020-11-11,955,790,0.47583899604122953,0.0017894041710159129
2020-11-12,694,541,0.33069757483029405,0.0012667457075602327
2020-11-13,645,507,0.380856114476943,0.0011967401194762036
2020-11-14,712,631,0.5099069200022402,0.0015066956427864013
2020-11-15,105,99,0.33105945473744414,0.0002752429905910801
2020-11-16,452,351,0.2305313581971233,0.0009602859575166415
2020-11-17,515,481,0.4264075392134506,0.0011621236697392887
2020-11-18,545,464,0.26952686879053694,0.0012008761108733416
2020-11-19,569,471,0.5297157104825682,0.0011939638628556994
2020-11-20,672,644,0.42021641737359405,0.0014002912248416576
2020-11-21,430,383,0.4032515533402997,0.001034420968608989
2020-11-22,123,71,0.24339870128811328,0.000229237822702237
2020-11-23,462,390,0.2981027559461239,0.0010873637740889766
2020-11-24,492,395,0.26404094639486503,0.001210133388719653
2020-11-25,474,317,0.17370166549635707,0.0009449008687446793
2020-11-26,527,522,0.39100654377760885,0.0012048953732989355
2020-11-27,541,493,0.3603578649554538,0.0011238807347918396
2020-11-28,429,425,0.6785643497277395,0.0009501618617442871
2020-11-29,445,358,0.4341393788621773,0.0010208458902807869
2020-11-30,418,320,0.2168358752081094,0.0009734993415809968
2020-12-01,256,244,0.31257599183850604,0.0006372252584223941
2020-12-02,481,392,0.30182790976450585,0.0010930809705387385
2020-12-03,532,379,0.2100479388822078,0.001272706917987002
2020-12-04,474,380,0.3266040460373639,0.0010057652123561843
2020-12-05,339,343,0.41581170647887294,0.0008051529790660225
2020-12-06,228,273,0.5629404828417222,0.0006533854887842703
2020-12-07,493,413,0.39503143584006545,0.0011142577971920181
2020-12-08,507,493,0.66412827110752,0.0011670688768445623
2020-12-09,473,419,0.319311492468778,0.0010743920325753612
2020-12-10,545,417,0.24256863003362575,0.0011641383837451408
2020-12-11,589,492,0.29753643241807026,0.001199254631563631
2020-12-12,177,113,0.2775215029756426,0.00034051283210598
2020-12-13,245,195,0.33375634879119603,0.0005654020123696114
2020-12-14,480,333,0.1796330949722826,0.0009731068648266101
2020-12-15,536,336,0.2193800156266494,0.0011381888673497645
2020-12-16,458,307,0.18149862399094324,0.0009492895639392454
2020-12-17,525,406,0.2835819852588275,0.0010232387854437243
2020-12-18,577,478,0.39445809365491075,0.001258779990433272
2020-12-19,275,230,0.36855520442121287,0.0006442898400013565
2020-12-20,186,151,0.29502384372324264,0.0003882472401865759
2020-12-21,302,262,0.33769886661534737,0.0006039973643751373
2020-12-22,344,346,0.47559961794308475,0.0007543998701286298
2020-12-23,441,367,0.3114557530749711,0.0008478192771631309
2020-12-24,240,130,0.2211418450099702,0.00044309055663251177
2020-12-25,138,99,0.395799268511352,0.0002953937044216745
2020-12-26,228,261,0.560086206194411,0.0005463105158480401
2020-12-27,295,267,0.6129254840359667,0.0006648970911731973
2020-12-28,188,262,0.6429302318886783,0.0006725481663172054
2020-12-29,360,271,0.45458228044849325,0.0007250572744895647
2020-12-30,228,241,0.5251406867485365,0.000510592633619496
2020-12-31,378,288,0.4541810930059616,0.0008007503278765617
2021-01-01,206,200,0.5261240014883457,0.0004929382442536693
2021-01-02,347,324,0.5475616211822361,0.0008598726114649681
2021-01-03,160,124,0.2934294133817812,0.0003677036216498969
2021-01-04,225,217,0.3589578304635135,0.000581850963663039
2021-01-05,241,187,0.33831305655254085,0.00047950193339282236
2021-01-06,266,254,0.3084955406608012,0.0006230960952644698
2021-01-07,295,254,0.33758700683792736,0.0005642481307117142
2021-01-08,286,240,0.4026266241106195,0.0005088068643870361
2021-01-09,505,470,0.5963976333788366,0.00100222864000211
2021-01-10,293,197,0.4255281639096069,0.0006092495153697037
2021-01-11,252,209,0.3860920343865722,0.0005690944336748823
2021-01-12,253,158,0.2436660021185145,0.0005235738022708391
2021-01-13,286,153,0.15971726044336987,0.0005042245131490257
2021-01-14,225,145,0.22005459500141825,0.0004757920538307889
2021-01-15,204,147,0.26774418208871964,0.00043703267792855163
2021-01-16,309,211,0.4190256565420129,0.000680790178159328
2021-01-17,163,131,0.37770846862063395,0.0004396289116588203
2021-01-18,202,116,0.16621305366773384,0.0004549590536851683
2021-01-19,221,180,0.33982381270889206,0.0005617305707308476
2021-01-20,227,138,0.2829724820481767,0.0004923228407027908
2021-01-21,249,175,0.3224691625497758,0.0004846302963168097
2021-01-22,241,208,0.3318453671815594,0.0005172873243705032
2021-01-23,318,336,0.44567656538198147,0.0008941355315024423
2021-01-24,205,189,0.5051818946722675,0.0005507162458145566
2021-01-25,242,229,0.5326698404780899,0.0005578574015295145
2021-01-26,176,119,0.20691045938869215,0.00040573699226523603
2021-01-27,251,197,0.2760951666322698,0.0006050353388799923
2021-01-28,231,158,0.2710973116786834,0.0005292470537555002
2021-01-29,255,280,0.5331304661789334,0.0005805846657629952
2021-01-30,522,482,0.7403745348514109,0.0012179861944470085
2021-01-31,247,193,0.4283509403635195,0.0006230960952644697
2021-02-01,232,193,0.27762327560574745,0.0005077079294747531
2021-02-02,267,191,0.3612997106293921,0.0004969933140799937
2021-02-03,397,377,0.3732291155827068,0.0009231053263177328
2021-02-04,303,224,0.34248368611089836,0.0006324159086551775
2021-02-05,244,295,0.5793362003117736,0.0005326466620809177
2021-02-06,471,475,0.6146689278290507,0.001100308580923369
2021-02-07,447,384,0.7521854477713517,0.0011814744801512287
2021-02-08,283,205,0.41033074818442183,0.0005804912340498051
2021-02-09,307,284,0.36354909045520895,0.0006614214503303398
2021-02-10,326,287,0.40368131312530553,0.0006624872277237178
2021-02-11,347,278,0.3870778386353299,0.0006176014207030547
2021-02-12,321,354,0.549510964155685,0.0006725481663172054
2021-02-13,557,584,0.8537517950748189,0.0010279162435767254
2021-02-14,885,1080,1.6440104372377529,0.001961254376139243
2021-02-15,680,595,0.5915266514959224,0.0014526972182698462
2021-02-16,219,235,0.423520503488065,0.00048220107177386834
2021-02-17,526,458,0.527570175087464,0.000978846686406919
2021-02-18,407,346,0.49146876165992937,0.0006974196491113753
2021-02-19,426,682,1.092586917183202,0.0009961844979845533
2021-02-20,355,548,1.729143498506521,0.0014192744392135142
2021-02-23,62,61,0.3711954361012794,0.0004038585802640081
2021-02-24,347,317,0.4202650259939496,0.0007516714800015825
2021-02-25,400,467,0.5675046955335751,0.0009656795805918696
2021-02-26,466,542,0.5653335020399185,0.0011769592910551093
2021-02-27,633,659,0.7144833764753783,0.0013971426106931914
2021-02-28,224,262,0.5689752036025539,0.0006466647418938585
2021-03-01,301,383,0.5968354021233873,0.0008972018605282046
2021-03-02,344,343,0.367376908539478,0.000795548953953828
2021-03-03,497,482,0.4771584332674501,0.0010418983888028836
2021-03-04,397,335,0.3468917896974733,0.0008521940535233252
2021-03-05,401,382,0.440097911064359,0.0008051116213005064
2021-03-06,498,533,0.6406251887643981,0.0010820432191958264
2021-03-07,650,624,0.6900420080843203,0.0014257283535712444
2021-03-08,397,360,0.41520527412983294,0.0009196219099920055
2021-03-09,534,539,0.4714408580638273,0.0012340460678142325
2021-03-10,567,476,0.412343943705368,0.0011757656203745261
2021-03-11,412,488,0.6596136423105081,0.001023918144849801
2021-03-12,580,708,0.6554708702141827,0.001223114557370996
2021-03-13,867,791,0.5880736612839872,0.0015943634386074755
2021-03-14,372,314,0.3768062614595591,0.0008441088128155422
2021-03-15,362,333,0.35815098894306274,0.0007068455704344253
2021-03-16,330,255,0.2886241466549205,0.0006290644486673859
2021-03-17,432,438,0.4902154449602852,0.0009692605926336196
2021-03-18,324,316,0.4890026729607891,0.0007220002373699411
2021-03-19,459,723,1.2424972866133004,0.0011341977943212732
2021-03-20,1809,1582,0.9589812096046795,0.003061017262069602
2021-03-21,1461,1307,0.6307318730624533,0.002629875068745344
2021-03-22,637,546,0.4088158738316345,0.0012734313640924136
2021-03-23,515,470,0.38215720199723124,0.0010132179891249402
2021-03-24,423,425,0.46313130732663843,0.0009258433505907091
2021-03-25,672,639,0.6181777323952056,0.0014187069564309419
2021-03-26,353,365,0.5842885499805481,0.0007325287428198783
2021-03-27,803,683,0.7034427207553089,0.0015382684851841595
2021-03-28,195,207,0.5102984644205913,0.000465990669535394
2021-03-29,406,464,0.5220462068479153,0.0009181871422021056
2021-03-30,893,2186,0.9365108239393559,0.003261518623649958
2021-03-31,378,1470,1.7809679074602225,0.0018991116886436742
2021-04-01,393,476,0.7349834099580161,0.0008708200636942675
2021-04-02,862,776,0.592939080152253,0.0015058155635558018
2021-04-03,718,766,0.9582618967891652,0.0013778322106552357
2021-04-04,1662,1408,0.9676705485108793,0.003103080554028528
2021-04-05,541,427,0.390671017148823,0.0011065117793098089
2021-04-06,460,324,0.3271978782176542,0.0008507432562462157
2021-04-07,556,434,0.45208245687066323,0.0010187126636863552
2021-04-08,606,541,0.5258580774548566,0.0011159930064438262
2021-04-09,427,467,0.8918734824579716,0.0008685581933989577
2021-04-10,1691,1434,0.6713416719888972,0.003159913531208538
2021-04-11,146,144,0.44856312244479485,0.0003579488206838443
2021-04-12,260,205,0.46459196150224075,0.0005160997960776415
2021-04-13,429,398,0.6417520678081251,0.0007982763105997667
2021-04-14,727,583,0.5104884201547787,0.0012844252842682186
2021-04-15,315,241,0.43245690228017,0.0005618079547466529
2021-04-16,419,343,0.47940069099569865,0.0008100249238438105
2021-04-17,409,367,0.4515073866123721,0.0008901372789492424
2021-04-18,490,397,0.4006051331416546,0.0011840238726340715
2021-04-19,340,267,0.36642926645805285,0.0006311732668697498
2021-04-20,300,194,0.23661257040184244,0.0006287477605276395
2021-04-21,217,107,0.18345512910164066,0.00040803219477129573
2021-04-22,279,222,0.4102659680115045,0.0004993848486636916
2021-04-23,771,680,0.5093739386312951,0.0013456535390688076
2021-04-24,1064,975,0.5796046012624831,0.0020696441009373716
2021-04-25,531,472,0.5194203456175779,0.0011077263915812794
2021-04-26,375,286,0.33348484629926556,0.0006809793390868521
2021-04-27,359,227,0.2931613815223619,0.0006069417520539094
2021-04-28,271,158,0.2373311655972661,0.0004807840241238192
2021-04-29,288,162,0.2638098055075916,0.00044150160484130916
2021-04-30,349,264,0.4028935683524784,0.0006265009919599039
2021-05-01,858,767,0.46193503792488927,0.0018704819564739925
2021-05-02,438,402,0.4134968990914381,0.0009692605926336196
2021-05-03,290,239,0.3133042842536413,0.000596661715465371
2021-05-04,287,192,0.35943805946889723,0.00052295565138268
2021-05-05,388,296,0.34003071468693313,0.0006945623140761651
2021-05-06,587,545,0.3847970672084976,0.0011747614212305434
2021-05-07,383,317,0.42191629611415116,0.000665055428278912
2021-05-08,1176,1139,0.6361886185548062,0.0022203979902678324
2021-05-09,871,827,0.4665578871171034,0.0016853561051017414
2021-05-10,412,362,0.36213861091870536,0.0007950616842801119
2021-05-11,398,345,0.4621395900879246,0.0007345177928551647
2021-05-12,864,1022,0.6399597906890551,0.0017442844395212159
2021-05-13,1043,1218,0.8000807190722306,0.0021048724576140806
2021-05-14,1176,1468,1.0085514859342268,0.002473153020092926
2021-05-15,2388,2271,0.9741738408900221,0.004473810461773688
2021-05-16,2629,2271,0.7145991505207985,0.004171282193298255
2021-05-17,939,1169,0.8575251855835841,0.0018261301146928397
2021-05-18,1261,1318,0.8531300859963866,0.0022496196686171764
2021-05-19,1271,1335,0.8516115325450762,0.002336379580910182
2021-05-20,1058,1548,1.3004942656404945,0.002336379580910182
2021-05-21,2413,2985,1.4181556396510908,0.004488318214669269
2021-05-22,2382,3630,2.5116026264637017,0.004945564590124552
2021-05-23,5865,5387,2.9413783194357834,0.008586418043632112
2021-05-24,5898,4594,1.2992070893163215,0.00818521688779235
2021-05-25,1532,1541,0.7836298868270696,0.0025253122234905542
2021-05-26,663,951,1.0361735878335907,0.0014206590972029908
2021-05-27,1560,1729,0.9321494507347243,0.0027419647100252655
2021-05-28,322,1035,2.406112269984546,0.0011834210283393335
2021-05-29,3583,3412,1.7746139545483395,0.005628227474872531
2021-05-30,4391,3662,1.023543868602616,0.0075681991479611375
2021-05-31,1778,2096,1.3065452385537495,0.0031237224881644713
2021-06-01,1695,2027,1.3131538025005587,0.0031120615677063565
2021-06-02,1534,2081,1.3273597650708107,0.0029829248029395274
2021-06-03,628,1876,2.3569117067151915,0.002153320693891173
2021-06-04,1859,5064,4.515154570923509,0.005504015508169482
2021-06-05,5810,5593,5.947612643824761,0.008606181965362248
2021-06-06,6392,2593,1.109189966071863,0.00800943725341399
2021-06-07,1891,2551,1.0501514727985786,0.0036811639232426662
2021-06-08,623,1342,1.9344530590889286,0.0015698351422861203
2021-06-09,1449,2683,1.7245410934884755,0.0033363663936912345
2021-06-10,2202,3296,2.0986362389783295,0.004207648912965688
2021-06-11,2449,4157,3.2208781484834996,0.005127954986027542
2021-06-12,5899,3338,2.0383704969370777,0.008572716998360864
2021-06-13,5151,3317,1.2603358402828768,0.0067477925975539844
2021-06-14,844,1286,1.3089056116717135,0.0018711102042006152
2021-06-15,1766,2024,1.3566405395376318,0.003130677942060506
2021-06-16,2025,2467,1.1033941285055906,0.0036330788200076482
2021-06-17,2171,2894,1.6385708877932799,0.004105346098561275
2021-06-18,733,2601,2.81847652807654,0.002890029752394748
2021-06-19,6731,5645,1.9608444303517558,0.00945106003261639
2021-06-20,6317,4502,1.4223552725520712,0.008346842824204443
2021-06-21,1101,1661,1.2392388965180843,0.002207210771320436
2021-06-22,1428,1776,1.4504445642146166,0.002635916001918258
2021-06-23,2192,2477,1.1990249885681972,0.0038728208522738785
2021-06-24,2787,2920,1.1633578049070283,0.004634483258825546
2021-06-25,1701,1776,1.0312210535854196,0.0029398019939075046
2021-06-26,2081,2784,1.433985946459405,0.00398881596727536
2021-06-27,6449,5689,1.7560188371743763,0.00948018680295058
2021-06-28,2293,2749,1.2045769053245374,0.004086389471324393
2021-06-29,1029,1758,1.6046745520575745,0.002404511854802633
2021-06-30,1756,3009,1.2997544643909507,0.003766752751605237
2021-07-01,5907,5605,1.4872147248389465,0.009198315225441641
2021-07-02,2525,4643,3.2756741646000624,0.005769136787919266
2021-07-03,7838,6248,2.8225553065225624,0.010530926035182353
2021-07-04,7312,6274,2.441151328082543,0.010154660277172408
2021-07-05,3546,3707,2.6966576101618154,0.005769676634057435
2021-07-06,2797,3005,1.4733969094774924,0.0048294168901257
2021-07-07,1699,2052,2.515218380244684,0.0032180152768089064
2021-07-08,717,2054,4.81482641047364,0.0024550350537101548
2021-07-09,2277,4951,3.950163309529905,0.0058180070699007935
2021-07-10,7968,5539,2.4039012597207114,0.010321086802670852
2021-07-11,2952,2463,2.6315139005336023,0.004502671376755307
2021-07-12,2255,2845,1.8334339922395666,0.004516322779961662
2021-07-13,1824,3730,6.837433838222738,0.00462002958439997
2021-07-14,4036,5605,3.7417006506224184,0.007515703280380656
2021-07-15,3648,4005,2.5807318357446647,0.006238378763302607
2021-07-16,3167,4384,2.4595189684781418,0.006465487399612296
2021-07-17,2670,3772,2.6034497912407586,0.00530424105727813
2021-07-18,7713,5926,4.449790631314759,0.010540514470453888
2021-07-19,4735,4985,3.2595904660895334,0.008038523520834933
2021-07-20,3244,5114,3.9724388728295192,0.006902436664408951
2021-07-21,6367,6191,3.1871157204571783,0.00969960700605827
2021-07-22,4830,5680,2.9024985162280026,0.008294419669146319
2021-07-23,6779,7165,2.7322184546418704,0.011288220633033053
2021-07-24,4914,6453,4.464278900416905,0.009189242021926466
2021-07-25,10831,8529,3.457319731668361,0.014823533031785593
2021-07-26,5831,5412,2.7543634779147643,0.008776056745801968
2021-07-27,1719,3695,4.1109643016805695,0.004340495544659292
2021-07-28,7278,7279,3.904120045642995,0.011928663739104062
2021-07-29,1632,4323,4.903841946036782,0.005216432694970496
2021-07-30,8425,8468,3.5867190788773993,0.01322112358701946
2021-07-31,9986,7992,2.2156836918001805,0.013915812794239823
2021-08-01,4502,8196,5.055351530440245,0.010396473737653466
2021-08-02,14311,10822,4.307096755258782,0.019051980973886263
2021-08-03,6235,6784,3.387293678157403,0.010790322742089933
2021-08-04,7278,8068,3.0139313270981463,0.012430156222001401
2021-08-05,7892,8324,3.5638189100125426,0.012688502303567384
2021-08-06,7077,7340,3.033072945551294,0.011273161551823972
2021-08-07,6436,7350,2.8321192667491375,0.010654865439247742
2021-08-08,11348,9070,3.338539185780069,0.015130738514038646
2021-08-09,6062,5461,2.9186501772852407,0.009428037346204059
2021-08-10,2021,2892,1.675835644835398,0.0040788309433911285
2021-08-11,3602,4519,2.523805783945758,0.006872006318143123
2021-08-12,5282,7124,2.999353490178185,0.010155806991863485
2021-08-13,4319,7820,5.0330953315898554,0.0094809735404446
2021-08-14,13318,10981,4.366223864529174,0.018216530408293498
2021-08-15,12923,10804,5.335649549973041,0.018182867165143543
2021-08-16,7350,6048,3.2771194872919853,0.010013184352160668
2021-08-17,3504,4582,2.3595484310432564,0.0067578064315675
2021-08-18,3968,5499,3.4509999677539107,0.007733479711463649
2021-08-19,5513,7720,3.6168067020064916,0.010461329844631823
2021-08-20,7965,8851,3.5335126537895003,0.013312611210318407
2021-08-21,12990,10692,2.9679552745490807,0.017752218462909225
2021-08-22,9833,8731,2.8218397904314894,0.014535761939528208
2021-08-23,6446,6949,2.6315091772241583,0.010350707420211028
2021-08-24,8965,8771,2.6268445014482418,0.013727561539490757
2021-08-25,4086,4891,3.826619761890615,0.007242575789662307
2021-08-26,5038,6174,3.132905161264633,0.008751667883487324
2021-08-27,7803,8370,3.179590550219841,0.012371919135973415
2021-08-28,11917,9155,2.637509536814376,0.015617602129693322
2021-08-29,6353,6897,1.8908509382179906,0.011255901890998355
2021-08-30,5363,6713,3.4012542812885647,0.009883820601073439
2021-08-31,6621,7102,2.875610299507429,0.011241279951471034
2021-09-01,6331,7321,2.9946445171898093,0.010921087375139272
2021-09-02,7098,7772,3.8710827321454655,0.01176402244737504
2021-09-03,8130,9207,4.408460372613434,0.013267331302501614
2021-09-04,14603,12257,3.2916792126961365,0.019926419572215123
2021-09-05,14016,12402,2.6349227513855706,0.01981114469073965
2021-09-06,10896,8343,1.7161940867330001,0.015066809747992245
2021-09-07,4995,4837,0.9325961455410755,0.00833444447863353
2021-09-08,1979,1996,0.6038896800247381,0.0037530000923105327
2021-09-09,1170,1574,0.9175316224837774,0.002533165404035614
2021-09-10,2689,2918,1.227564044426721,0.0047232222529924
2021-09-11,6598,5464,1.1045891872082827,0.009755322788212489
2021-09-12,2338,2019,0.6592051611565929,0.0038482702564674315
2021-09-13,1684,1641,0.5497046638869939,0.0030841834121766443
2021-09-14,1244,1244,0.5828306479825125,0.002197233599090498
2021-09-15,1355,1701,0.736528462517146,0.002829064919594997
2021-09-16,2001,2279,1.0612174570316002,0.003634727222376073
2021-09-17,2893,3762,1.928740589252554,0.0058377535876843545
2021-09-18,6999,6378,1.1247153130718055,0.010956106341733593
2021-09-19,6124,5263,1.1953884740415377,0.009097686011090145
2021-09-20,2269,2100,0.5008148806992367,0.003963814271208345
2021-09-21,1238,1104,0.3991724370222709,0.0022144776719023643
2021-09-22,553,561,0.42197452047615525,0.0010818932201358204
2021-09-23,1084,1126,0.6682918023055242,0.0019708298716883594
2021-09-24,1744,1695,0.5240344794336561,0.0031923005428618036
2021-09-25,1983,2168,0.8161137138960314,0.0035685616032586787
2021-09-26,3567,3094,0.6997315351537536,0.005624104673306187
2021-09-27,1260,1261,0.6046804942316734,0.0022893635812494856
2021-09-28,1617,1677,0.6337049341216092,0.002931466717194537
2021-09-29,1731,1617,0.609139009190507,0.0029806585141891008
2021-09-30,1907,2063,0.725415124525504,0.0035472751388301825
2021-10-01,2067,2346,0.989988931199054,0.003702678031118906
2021-10-02,5223,4628,0.8638060237784355,0.008350684294559492
2021-10-03,691,575,0.5522922729939654,0.0012197207877889455
2021-10-04,760,671,0.3866495868788903,0.0014094578340642398
2021-10-05,1117,1029,0.5309421258988892,0.0020840106116977513
2021-10-06,1256,1225,0.5925718973937173,0.0022519403923447127
2021-10-07,1265,1028,0.4924829358900099,0.002300185585503664
2021-10-08,1244,1164,0.614332801635685,0.0021536047262992707
2021-10-09,1087,1397,1.2201759202804758,0.0021935897622760866
2021-10-10,3913,3948,1.1424299856964206,0.0071872980707098685
2021-10-11,4748,4151,0.8786523702041078,0.007444225300740961
2021-10-12,1494,1441,0.5597256673258104,0.0027529693221329888
2021-10-13,1980,1766,0.46291681088964287,0.0032989027034997682
2021-10-14,1491,1425,0.48969420927552065,0.002734699529216284
2021-10-15,909,746,0.4298373770523168,0.0015676306523717213
2021-10-16,1169,1123,0.5796127068462804,0.0021346810671097572
2021-10-17,1795,1678,0.8180811741462665,0.003365707955849191
2021-10-18,1139,1093,0.5714957440798814,0.0020769869842148987
2021-10-19,1845,1737,0.5606935414265954,0.003524857621037169
2021-10-20,1269,1069,0.4631897349575984,0.002178913197329149
2021-10-21,705,609,0.45426033174429764,0.001330336791427902
2021-10-22,1178,1117,0.433728897380705,0.0020214184727951143
2021-10-23,1737,1669,0.7944420962945438,0.002993198991537402
2021-10-24,2498,1923,0.4425742918831468,0.00449910513894113
2021-10-25,551,491,0.342845278932451,0.0010406237351681827
2021-10-26,636,537,0.41963729700617014,0.0011077263915812794
2021-10-27,1787,1622,0.4418813379023258,0.003120158374935445
2021-10-28,1158,966,0.3949635489690148,0.0020019034171799
2021-10-29,875,756,0.34423726292508317,0.0015438936582664081
2021-10-30,486,638,0.7073573555383437,0.0010585609992013133
2021-10-31,1729,1564,0.5948704256897328,0.003333512443322022
2021-11-01,1088,1147,0.6619763558880728,0.0021412746765834554
2021-11-02,1014,901,0.4879807197402275,0.0017721699129203976
2021-11-03,826,780,0.3950916635297073,0.0016680801716975908
2021-11-04,827,798,0.4375555527497338,0.0016099232444810013
2021-11-05,1227,1206,0.5197770686168243,0.0022382142843594345
2021-11-06,1906,1870,0.66718932645392,0.0033258765604376236
2021-11-07,2206,2036,0.6148984166031051,0.004249678270643621
2021-11-08,1455,1382,0.43366234067515025,0.0028623153961568506
2021-11-09,873,781,0.5276728031430596,0.0015436011248883498
2021-11-10,1115,946,0.4508657528269119,0.0019691814693199353
2021-11-11,1210,1011,0.38621551077145216,0.0021274280966886894
2021-11-12,1338,1245,0.42132964812028606,0.0023473695240518832
2021-11-13,1362,1231,0.4605151310148685,0.002532519395245606
2021-11-14,342,374,0.4695097893320027,0.0007709494060051913
2021-11-15,772,623,0.3407749252263858,0.0014398279562448076
2021-11-16,824,649,0.3713285740781621,0.001602571377984392
2021-11-17,619,431,0.2441000841612539,0.0011224809439281612
2021-11-18,675,504,0.32777033800827354,0.0012061669205206316
2021-11-19,814,656,0.38075888005768777,0.0014497575815191558
2021-11-20,869,732,0.35083891281455876,0.0018094428981126408
2021-11-21,483,423,0.42996073660603285,0.0010122327371346173
2021-11-22,658,583,0.31005943900146743,0.0014121124151300147
2021-11-23,724,592,0.33547803659979825,0.0014002912248416576
2021-11-24,842,660,0.30307815168821456,0.001555576710052617
2021-11-25,640,569,0.30663621663573665,0.0012184990307394074
2021-11-26,772,649,0.35382164156067175,0.0014443047951771299
2021-11-27,817,737,0.39023237138542477,0.0015859659587158894
2021-11-28,244,171,0.25898321780919076,0.0004941328511465511
2021-11-29,597,479,0.3385447200459077,0.0010262759216120676
2021-11-30,605,612,0.403500828756065,0.0013350410781870212
2021-12-01,648,671,0.4820417714331847,0.0014527370072925322
2021-12-02,642,478,0.2461790715659176,0.0011814259297308403
2021-12-03,715,588,0.35787916966374006,0.001362679291230939
2021-12-04,711,516,0.41295369351858036,0.0011986591550692948
2021-12-05,285,245,0.335760046165553,0.0005979204954558041
2021-12-06,567,397,0.38138386604140734,0.0013507780599468526
2021-12-07,655,498,0.31961684848378036,0.0011780410551093879
2021-12-08,573,422,0.2701192363080461,0.0010983388797882179
2021-12-09,597,497,0.2989871298351327,0.001114216975906951
2021-12-10,658,550,0.26520094946759826,0.0012174339092090407
2021-12-11,481,498,0.41493701741542033,0.0010604172436074956
2021-12-12,690,558,0.3395523281178551,0.0012600387704237053
2021-12-13,736,548,0.2345628938515611,0.0014634402543950954
2021-12-14,699,480,0.22374668897162553,0.0012688915018318344
2021-12-15,547,606,0.32757431611594173,0.0011780410551093879
2021-12-16,637,546,0.38009722369915877,0.0012308071017569772
2021-12-17,680,439,0.22215971691127895,0.0010870598544249124
2021-12-18,318,258,0.35715910753683494,0.0005954029354749376
2021-12-19,552,561,0.42352560773369097,0.0013067709775685405
2021-12-20,485,343,0.2824245600094332,0.0008861811132650235
2021-12-21,541,1426,0.4948159846443344,0.0020258611507573015
2021-12-22,431,324,0.3085685670333862,0.0006994559108606057
2021-12-23,461,482,0.6242402631014836,0.0009837771683297452
2021-12-24,336,271,0.38639639583222546,0.0006948465547191662
2021-12-25,471,449,0.5932166622176995,0.0010482103902792151
2021-12-26,723,609,0.4373911881500031,0.0015486306461251441
2021-12-27,282,214,0.38185566726104625,0.0006040909856049869
2021-12-28,667,680,0.5882446504584194,0.001459565716776153
2021-12-29,576,484,0.4401161968983722,0.0011960580219444418
2021-12-30,727,640,0.6415489589398307,0.0013867882325373324
2021-12-31,715,617,0.5165807746972083,0.0013945484036871464
2022-01-01,503,471,0.503189396150561,0.001134925030660284
2022-01-02,345,322,0.4578762093300219,0.0008020566089987093
2022-01-03,532,503,0.35899104070583837,0.0011452764387535261
2022-01-04,475,412,0.3987067160192235,0.001008128185320682
2022-01-05,225,201,0.2850001877829131,0.0004481919281726887
2022-01-06,358,324,0.29956828600313345,0.0007448505046839638
2022-01-07,369,339,0.31031694049629455,0.0007615618942121297
2022-01-08,543,477,0.3848003164601906,0.0011077263915812796
2022-01-09,313,289,0.3211176552500166,0.0007813427226332239
2022-01-10,224,198,0.42812869175153,0.0004344961277323122
2022-01-11,247,159,0.146720406898615,0.0004611172361181505
2022-01-12,394,282,0.3508518665787811,0.0007665071013174032
2022-01-13,379,299,0.2978813909525456,0.0006758449710540543
2022-01-14,405,414,0.4903965307050651,0.0008167318609803378
2022-01-15,401,439,0.5773018401711038,0.0009334504722161213
2022-01-16,1068,940,0.5776140770483,0.0023276578271373867
2022-01-17,129,90,0.2326940749026044,0.0002753581229072783
2022-01-18,303,262,0.5577655079543927,0.0006292776041460617
2022-01-19,541,410,0.22098908355125024,0.0010467075649263785
2022-01-20,469,329,0.2751730245672174,0.0008515646635281085
2022-01-21,537,506,0.3834595796938522,0.0010416888566985494
2022-01-22,813,767,0.5819245925887928,0.0015881607545966449
2022-01-23,715,645,0.4929158302993005,0.0015541592261194242
2022-01-24,474,467,0.39088552471145943,0.0010165697406074032
2022-01-25,565,448,0.3264222601544292,0.0011399554999570278
2022-01-26,542,415,0.30458743737986727,0.0011139079004628713
2022-01-27,521,469,0.48314136584171363,0.0010362601727695838
2022-01-28,632,509,0.5374567837368546,0.0011097930452969162
2022-01-29,1143,1198,0.6630693869058228,0.002279668805862923
2022-01-30,916,767,0.6184906115684242,0.001939714855947822
2022-01-31,478,357,0.3019738993890214,0.0008483777522824878
2022-02-01,686,605,0.33312193555895764,0.0015268326937532145
2022-02-02,490,398,0.2360641898138263,0.0010093427975921528
2022-02-03,469,354,0.31343253859698567,0.000966743032652753
2022-02-04,568,446,0.3025753988420324,0.0010450871015811475
2022-02-05,810,744,0.4781337777229015,0.0015608871881372572
2022-02-06,950,883,0.5078748402979968,0.0022808394104433982
2022-02-07,636,526,0.39077180893218627,0.0012495970872243734
2022-02-08,566,405,0.2601097424383582,0.0011756772003241125
2022-02-09,638,484,0.48543960684458043,0.0012700656041406046
2022-02-10,363,259,0.33134771392714973,0.0011973219085474123
2022-02-11,0,2,0.8000415397396844,6.923289947382996e-05
2022-02-12,0,7,0.7000311548047633,5.192467460537247e-05
2022-02-13,87,87,0.3836597082108021,0.00033231791747438384
2022-02-14,304,224,0.2579404945769369,0.0005300289189225999
2022-02-15,566,469,0.29301183401837444,0.0012336043906246066
2022-02-16,647,598,0.4384308201155573,0.001321008388347433
2022-02-17,444,281,0.21139106682452938,0.0009346441428967046
2022-02-18,367,314,0.3565052706086075,0.0006561148627058347
2022-02-19,435,418,0.4582927207323298,0.0008988927275946448
2022-02-20,622,553,0.5334736467258863,0.0011822848987069424
2022-02-21,998,949,0.6591973508577833,0.002140545055863005
2022-02-22,539,439,0.29381712374137103,0.001022860256742391
2022-02-23,682,562,0.3153872519291839,0.0013198917286785005
2022-02-24,726,626,0.4448564548094269,0.0013708114095818333
2022-02-25,562,487,0.37456861370357697,0.001083549823511053
2022-02-26,630,519,0.4562578158252917,0.001234842534877492
2022-02-27,387,339,0.39352162874024627,0.0008446413735807256
2022-02-28,526,462,0.3708475702101962,0.0009671626259828974
2022-03-01,685,742,0.4349765721803266,0.0014506955243593293
2022-03-02,685,581,0.30130154277976284,0.0013915812794239822
2022-03-03,693,493,0.34561546166413654,0.001234103906493826
2022-03-04,758,667,0.34585317974112845,0.0015750484630296317
2022-03-05,683,601,0.39946145528567045,0.0013417995278975617
2022-03-06,1476,1401,0.3934305163890072,0.0033067510291059803
2022-03-07,486,311,0.1551750688455634,0.000865997962909941
2022-03-08,737,666,0.42288074294648476,0.0013805246820453258
2022-03-09,769,588,0.3150970962023087,0.0013761370172336663
2022-03-10,764,630,0.271629988468506,0.0014626823682486933
2022-03-11,548,437,0.26041162747289504,0.0011065327209006963
2022-03-12,497,455,0.31486941817305014,0.0009938271053501397
2022-03-13,306,246,0.3548918986531669,0.0006384811840364319
2022-03-14,679,625,0.3795812296370282,0.0012986413567969925
2022-03-15,356,395,0.4722600185620685,0.0007431719052893935
2022-03-16,551,614,0.49685014808349043,0.0011345928898845567
2022-03-17,1591,1421,0.43882578875622463,0.002952933668862052
2022-03-18,1032,936,0.41822738283208777,0.0019344486617687783
2022-03-19,470,357,0.3343013309637871,0.0008253859734145666
2022-03-20,1366,1442,0.7903973454570785,0.003016576334216877
2022-03-21,1005,870,0.42826812135864517,0.0018976108355781575
2022-03-22,824,787,0.5345395816164987,0.001595456668471544
2022-03-23,496,405,0.3018651155981577,0.000988035616219743
2022-03-24,788,874,0.4458261460860816,0.0015983769400262483
2022-03-25,732,672,0.3607164257512858,0.0014035396893330983
2022-03-26,759,652,0.36667278788998664,0.001457136181113265
2022-03-27,326,302,0.3445842300690283,0.0008180785468438276
2022-03-28,578,451,0.24100953474213047,0.0010986466670601213
2022-03-29,881,818,0.41596557288783603,0.001797857516495013
2022-03-30,527,465,0.2629735267186356,0.0010754177051601587
2022-03-31,865,675,0.3266943953651988,0.0014986886474334957
2022-04-01,495,449,0.4354775201662202,0.0008918826461628684
2022-04-02,1602,1446,0.41507525874194495,0.0029029062215998845
2022-04-03,588,569,0.39888452482503967,0.001288435993597717
2022-04-04,911,773,0.3437968498416519,0.0016708895290922844
2022-04-05,821,767,0.34568677366036477,0.0015716901507417222
2022-04-06,680,591,0.3961877741698552,0.0012845365656221374
2022-04-07,940,814,0.3426873400643998,0.0017432224091395694
2022-04-08,859,740,0.4082690656168051,0.0015587583690357895
2022-04-09,876,701,0.3508974445016853,0.0015363594897942563
2022-04-10,1555,1592,0.5223073168493014,0.0031826467220805415
2022-04-11,933,828,0.4224879245785439,0.0016977111001408739
2022-04-12,2068,1914,0.42185980688756103,0.003984964243243684
2022-04-13,952,782,0.32105418525677987,0.0017225558719832022
2022-04-14,1226,1525,0.7774637657302242,0.0026516200498476875
2022-04-15,1879,1895,0.5620096680035397,0.0034145666020492936
2022-04-16,2930,2779,0.6129291407560604,0.005271991736959889
2022-04-17,3019,2914,0.40179644153695315,0.006250133140191296
2022-04-18,780,676,0.3759730425219417,0.0015308163328102403
2022-04-19,825,693,0.40504727394321194,0.0014321319776872256
2022-04-20,1714,1420,0.3931598196663403,0.003030422914111643
2022-04-21,901,774,0.45395494566322137,0.0015874114807928157
2022-04-22,2313,2240,0.49790064753766256,0.004308786424197668
2022-04-23,961,1213,1.1196873027152443,0.0019925797506098186
2022-04-24,4324,3862,0.5931055307511182,0.008027060173280058
2022-04-25,940,833,0.4789764608704384,0.0016843375400561777
2022-04-26,1331,2133,5.879285008181526,0.0032160104399418825
2022-04-27,1056,1007,0.4793608517419335,0.001942421630308018
2022-04-28,1691,2039,0.606849329998212,0.003284516646466245
2022-04-29,2274,2182,0.6302508046624571,0.0037394312987408156
2022-04-30,4161,3937,0.5959931012058454,0.0069388673497646075
2022-05-01,660,742,0.5429386940233877,0.001297873087319263
2022-05-02,1366,1348,0.47460969461615105,0.0026939742942316777
2022-05-03,1002,826,0.40050996294482605,0.001688513492722853
2022-05-04,1838,1758,0.5696864247778519,0.0033411986965246982
2022-05-05,2343,2341,0.8202400417816695,0.003984353364718914
2022-05-06,1775,2037,0.8194792809229149,0.0032714735915924968
2022-05-07,4911,4816,1.0119082050157167,0.008244698127463751
2022-05-08,6368,5809,1.077542738545182,0.010739087829921393
2022-05-09,2098,2347,0.6787808257131512,0.0040339702760084925
2022-05-10,1894,1907,0.6369908314634403,0.0033933230334212716
2022-05-11,2464,2827,0.6470249696744859,0.0045096579894766
2022-05-12,2977,3190,0.8064787885206692,0.005335315088565529
2022-05-13,3516,5366,1.9969437228565317,0.007714648279343356
2022-05-14,10406,9337,1.216945664513527,0.01639902173078912
2022-05-15,7024,6774,0.47788503625821854,0.013978936908465961
2022-05-16,1057,2177,2.4909630798692515,0.0029978793868051575
2022-05-17,2037,2009,0.5153868623832956,0.003616508038304013
2022-05-18,2086,2120,0.46841105053576965,0.004342790966994789
2022-05-19,2275,2180,0.6154735964820763,0.004098774764795257
2022-05-20,3250,3599,1.0575525357419993,0.005932996575162391
2022-05-21,5363,5758,1.1887348783176184,0.008988873865802206
2022-05-22,5680,6231,1.8717321485082523,0.00986610524068025
2022-05-23,11998,10690,1.3922160299680062,0.018410249727140924
2022-05-24,2503,2354,0.5219730717326908,0.004297834538765029
2022-05-25,2087,1988,0.5251428734925445,0.003795480324579007
2022-05-26,2106,2055,0.515227197083399,0.003877042370534478
2022-05-27,1416,2558,1.812305394340786,0.0035039040162274725
2022-05-28,10292,10263,1.396312883550495,0.015742792085910336
2022-05-29,10647,9771,1.3267950306497012,0.01805380993971412
2022-05-30,4225,4313,0.6373889447518032,0.008028171151314666
2022-05-31,4060,4123,0.5934409677632776,0.007012427305455553
2022-06-01,1240,1781,1.1272213764068204,0.0026470344941682523
2022-06-02,2666,3223,1.0400725756082514,0.005091685391682937
2022-06-03,5156,5762,1.9432967386222377,0.009379327056217114
2022-06-04,13256,12459,1.8782754197522333,0.01971214498907659
2022-06-05,9464,8730,1.0382153871293516,0.014577550507815267
2022-06-06,2286,2240,0.4113592887575179,0.004282824086894981
2022-06-07,1159,1532,0.6853069787090009,0.002554791501710345
2022-06-08,4138,4043,0.7202610448866302,0.0072865378874794546
2022-06-09,2473,2883,1.7111191254594833,0.004809864595023977
2022-06-10,6159,6695,1.323711559751462,0.010917429938015186
2022-06-11,7885,7353,0.7238482643050054,0.012955099473146181
2022-06-12,3403,3720,1.079677663218182,0.006686190976582209
2022-06-13,5280,5467,0.8937476370032628,0.009349070526415417
2022-06-14,4724,4897,0.9941046621358274,0.008470378970240503
2022-06-15,3393,3830,0.8389825852194941,0.006104461333853008
2022-06-16,3159,4210,0.9368474626150102,0.0065564454930281575
2022-06-17,6613,8674,1.7628593032854705,0.01268213257349531
2022-06-18,16610,15132,2.1678059750224197,0.023817622482029545
2022-06-19,19240,16842,1.660026503268919,0.027083609261555876
2022-06-20,3886,4310,0.8253115732912266,0.007113461329481998
2022-06-21,6193,6379,0.756394146081917,0.010417466042514005
2022-06-22,4526,4700,0.718283327295037,0.008016118120090161
2022-06-23,6652,6612,0.9263836953907781,0.011129610742244226
2022-06-24,8326,9659,1.2916410467513613,0.014409298461419563
2022-06-25,18147,16558,1.4435593980063566,0.02604737336399648
2022-06-26,6543,6564,0.9078441231369798,0.010863726298158571
2022-06-27,6853,7524,0.9460677018159753,0.01221917939355399
2022-06-28,6800,7021,1.1346495719161145,0.011188036554970924
2022-06-29,3042,3963,1.3088574402950333,0.006148414034041284
2022-06-30,8077,9873,1.1764176078174486,0.016500507707929473
2022-07-01,14738,15507,2.975349912055146,0.022691082802547773
2022-07-02,19897,19239,3.0339662761682544,0.02970547868083177
2022-07-03,17196,17455,2.237045739201911,0.026293285778193006
2022-07-04,9473,9522,0.7908776839229044,0.015968314972543245
2022-07-05,2385,3304,1.1189454824654625,0.00498033075573923
2022-07-06,8156,8288,1.0763052586623383,0.013324482382263345
2022-07-07,7551,8529,1.428341889903899,0.013846579894765992
2022-07-08,7373,8226,2.414191008434942,0.012636225911023506
2022-07-09,17059,17032,1.9839700295857214,0.026155420166774364
2022-07-10,17760,16791,1.6976719733807175,0.02742577755708133
2022-07-11,8783,8864,0.9034906776708649,0.014650682486245174
2022-07-12,5921,7349,0.7868408915318603,0.012515980470631974
2022-07-13,5052,5941,1.309229734247455,0.009100372689873312
2022-07-14,9498,9738,1.295349017937311,0.015598579503803736
2022-07-15,9978,12617,3.2600771615642836,0.017911426452378906
2022-07-16,22798,20498,2.3526855572539533,0.03251237161812336
2022-07-17,17550,16123,1.529222668940297,0.025270760839463956
2022-07-18,3348,4195,0.7602434756083685,0.006987844948243729
2022-07-19,6371,7127,1.0116346731754142,0.011911609114599975
2022-07-20,7321,7563,1.1051763939184265,0.012345977651953704
2022-07-21,9356,9105,1.2177560625315553,0.015329665379880087
2022-07-22,10235,11115,1.5387774617712295,0.017118236911761866
2022-07-23,18578,16509,1.6256549040127897,0.027852315880276424
2022-07-24,4434,5119,1.1635787900462593,0.00819804070894489
2022-07-25,10205,10411,1.3991541869531159,0.01799792476574742
2022-07-26,9404,9699,1.568021795646034,0.015490250378744685
2022-07-27,9075,8606,1.0546460705162681,0.014164568212116724
2022-07-28,10955,11314,1.3207343807672605,0.019202610080310163
2022-07-29,10887,12061,1.45491568772369,0.018192336952542836
2022-07-30,17565,17227,2.199065488302906,0.02730293799249767
2022-07-31,20180,19425,2.4013221485214844,0.031447651970193245
2022-08-01,14793,14337,1.8657194881678598,0.022590928467634785
2022-08-02,9497,9741,1.3507093330367377,0.015977785414713407
2022-08-03,9155,8922,1.1262799127403649,0.015009358953398753
2022-08-04,3395,4138,1.0826326730847713,0.006884519523677651
2022-08-05,10291,11095,1.974426003388564,0.017557133626089592
2022-08-06,18479,17099,1.6284927679614023,0.028572256606106662
2022-08-07,11330,10645,0.9983503400947783,0.01848433985586048
2022-08-08,3077,4170,1.0731101716185016,0.006532488449037299
2022-08-09,8064,8811,1.0929675020106318,0.014178391230049105
2022-08-10,10428,10431,1.2993075552115485,0.017329912282750496
2022-08-11,10777,11081,1.4342877098828963,0.01773421082639647
2022-08-12,11738,12419,1.5673140082124615,0.019606757130988646
2022-08-13,20641,19525,1.7209098572861672,0.02920243699806148
2022-08-14,16907,16278,1.5398164093057591,0.02696010555980908
2022-08-15,12551,12642,1.35318603595375,0.020694867534385673
2022-08-16,9476,9828,1.0368304299121691,0.015653965823382802
2022-08-17,6982,7512,1.0760496677474047,0.012795659984804265
2022-08-18,8983,9878,1.4620278344909214,0.015663317907464808
2022-08-19,11129,12011,1.603936521742288,0.0190027825031979
2022-08-20,17891,16470,3.3842341444655593,0.02551046235665812
2022-08-21,5957,5375,0.6798184122149031,0.008846076382769819
2022-08-22,2237,2872,1.087629304968689,0.00458485767173403
2022-08-23,8309,8648,1.2022008472927035,0.013906746581213488
2022-08-24,9234,9956,1.0393856214055637,0.016332981185745887
2022-08-25,4742,5047,0.9823942905590926,0.008402277762392689
2022-08-26,6648,7817,1.3367532239028856,0.0121436194284402
2022-08-27,15835,15550,1.8191947362925827,0.0249063366405969
2022-08-28,14744,12921,1.1870218778815134,0.021946033352750374
2022-08-29,8774,9061,0.8476969129110202,0.016177724496786134
2022-08-30,2341,3514,1.4112710422399093,0.005195164846231033
2022-08-31,7830,8852,4.657880851585286,0.013680091255555117
2022-09-01,8736,9053,1.1456254633386558,0.015135508442994825
2022-09-02,11152,11213,1.6773069543632255,0.017135142619772916
2022-09-03,15664,14690,2.202996391021472,0.02354307530983667
2022-09-04,7555,7869,1.0975901560422332,0.01264324616581609
2022-09-05,8534,7890,0.7469175957280442,0.013308192288269504
2022-09-06,3647,3697,0.5513743620139963,0.0066208514917867915
2022-09-07,2383,2416,0.45940886121951546,0.00436074956152497
2022-09-08,3526,3822,0.6473445831210909,0.00637030311740848
2022-09-09,4326,5360,0.9023051114992765,0.008108692274959304
2022-09-10,11013,10624,1.1718811581942985,0.01755420528776451
2022-09-11,7616,5711,0.7395258647325168,0.010536133207281709
2022-09-12,1384,1762,0.482897109493064,0.0029984671250989736
2022-09-13,1846,1839,0.4445509472034866,0.0035240520943439642
2022-09-14,3485,3272,0.613408626192063,0.006428082402535462
2022-09-15,3026,2844,0.4673506225085191,0.005422620072301601
2022-09-16,3421,3678,0.7327143864111461,0.006231848553920003
2022-09-17,10354,9637,0.7604700586216464,0.01745019613066965
2022-09-18,3805,3500,0.5964951861484956,0.006585324082846274
2022-09-19,4094,4121,0.4534542720482214,0.007941306103026355
2022-09-20,3654,3543,0.4339942658627844,0.006756372271939242
2022-09-21,1797,1880,0.4875872200356224,0.0034664528139327364
2022-09-22,2186,2084,0.5677324593300063,0.0042151798650660825
2022-09-23,2685,2777,0.5327666425151434,0.004841807320345121
2022-09-24,6855,6352,0.7810602713963133,0.011360253392412074
2022-09-25,1205,1090,0.39527549363381054,0.0022673774577679313
2022-09-26,1238,1111,0.33698261505734645,0.0023223565249971493
2022-09-27,1006,2161,1.227205465397027,0.003252897291944647
2022-09-28,1729,1687,0.9284742292436567,0.003215483553340103
2022-09-29,2324,2287,0.5496461139023631,0.0041872057601772365
2022-09-30,3261,3309,0.49710221016757333,0.006077525878135127
2022-10-01,4144,4000,0.6201597370388195,0.007872073203552526
2022-10-02,3946,3793,0.5363852692297113,0.00769588897049675
2022-10-03,1740,1642,0.42563018566717864,0.0031827902396996833
2022-10-04,1910,1803,0.4393141643369712,0.003501069263669651
2022-10-05,2548,2291,0.4464755731472094,0.004458037378281078
2022-10-06,1817,1665,0.4185846095512511,0.0033746093286386837
2022-10-07,1411,1488,0.6376648224003673,0.0026068494415212775
2022-10-08,3464,3353,0.5155110727406242,0.006223576110034154
2022-10-09,4090,3993,0.5814768322511696,0.007294050343249428
2022-10-10,4603,4417,0.5952695734687257,0.008147619117025462
2022-10-11,2779,2465,0.4586364152622294,0.005192467460537247
2022-10-12,1511,1401,0.3550095418029708,0.0029398149104932275
2022-10-13,927,876,0.32518497456883066,0.0018511812197771766
2022-10-14,2037,1994,0.4105079660385767,0.00397537315529441
2022-10-15,2256,2258,0.6434149255004249,0.004332419329045444
2022-10-16,2539,2397,0.3942733849027681,0.005270354472445306
2022-10-17,1039,928,0.42930121891744855,0.0019334305308941636
2022-10-18,940,750,0.3095378239344437,0.0016770894902391946
2022-10-19,1655,1746,0.6752081122904169,0.003498359390079135
2022-10-20,1008,923,0.4038995659574523,0.0018406060845828224
2022-10-21,1850,1900,0.6620282049748617,0.0033924120742176685
2022-10-22,4703,4507,0.6272799618801889,0.008105574846089939
2022-10-23,4441,4160,0.5429636910893451,0.007977688294774974
2022-10-24,2332,2127,0.4522184951486985,0.004046893750576941
2022-10-25,1796,1540,0.34226550908567904,0.0033779454982082115
2022-10-26,982,875,0.31230014568099884,0.001821436134686497
2022-10-27,1726,1618,0.515689242716324,0.003238121612533133
2022-10-28,1650,1568,0.38065490032776705,0.0032071122550377117
2022-10-29,3152,3058,0.42468927782518306,0.006072714325275942
2022-10-30,1935,1710,0.3943593639692518,0.0037543113214672337
2022-10-31,1157,958,0.3234794189669074,0.0021834991372515606
2022-11-01,1315,1274,0.3733096177052126,0.002386164042139126
2022-11-02,1447,1336,0.35064321320434627,0.0027642253245801227
2022-11-03,915,804,0.3194516464693831,0.001707055969115927
2022-11-04,1618,1501,0.354561114970191,0.0032025460923273165
2022-11-05,3425,3320,0.5821197609357932,0.006416543585956491
2022-11-06,3425,3330,0.5301727741153306,0.006426159266438967
2022-11-07,1319,1184,0.35166205828397734,0.0024422156133232197
2022-11-08,1171,1009,0.30853116992484175,0.002150292407187189
2022-11-09,1141,1050,0.34559323328504354,0.002161491846807956
2022-11-10,1919,1732,0.3136038987931988,0.0035940905205109988
2022-11-11,688,640,0.45632916011865776,0.0013030251677089491
2022-11-12,1718,1611,0.39927020026423243,0.0033201247821199927
2022-11-13,1017,966,0.3251199202652545,0.002181403816208216
2022-11-14,966,824,0.264146758690082,0.0017532213660872824
2022-11-15,577,425,0.2690717971803918,0.0010496600887967768
2022-11-16,573,446,0.22709843656362227,0.0010161259399697506
2022-11-17,756,583,0.25205927025357355,0.0013569648296870673
2022-11-18,632,565,0.3009594008821167,0.0011864001409833589
2022-11-19,804,672,0.3237892517814659,0.0014790664887590946
2022-11-20,501,417,0.386118115842949,0.001007984078779999
2022-11-21,758,593,0.24057638209174034,0.0014896612203452414
2022-11-22,872,761,0.2542764878277161,0.0016972878011631126
2022-11-23,1032,958,0.33400404278360796,0.0018989595284250507
2022-11-24,776,616,0.29361339635355566,0.0013691580866093238
2022-11-25,1097,1002,0.35646970672558503,0.0020678238063433626
2022-11-26,1915,1770,0.35412013774424744,0.0037385765715868178
2022-11-27,341,285,0.27403894837673554,0.0006911143824668289
2022-11-28,804,639,0.26337592217790945,0.00149175263085018
2022-11-29,772,647,0.377090896172333,0.0014192744392135144
2022-11-30,589,494,0.25153779465464593,0.001084293717913214
2022-12-01,673,710,0.46998847677272315,0.0013815110395005161
2022-12-02,667,557,0.36486185592720893,0.001158898534670632
2022-12-03,620,577,0.3577670420967261,0.0013353735525630254
2022-12-04,881,838,0.5056379840977233,0.0017339694368218323
2022-12-05,552,461,0.422280022071,0.0009621336765113135
2022-12-06,683,662,0.37505956685895614,0.0014326743552407072
2022-12-07,771,622,0.25057386503772283,0.0014376644281362504
2022-12-08,995,781,0.25131231663148423,0.0017659556000115732
2022-12-09,692,585,0.2930820229897154,0.0013121797978399336
2022-12-10,592,433,0.3045548382656696,0.0010395752561617282
2022-12-11,334,282,0.2507099364471424,0.0006923289947382996
2022-12-12,642,493,0.27759555540162034,0.0012855833229881873
2022-12-13,660,562,0.2845651029571065,0.001252682774854611
2022-12-14,513,383,0.4930546825089624,0.0009154127819317518
2022-12-15,417,294,0.2533807270941257,0.000809777663488547
2022-12-16,688,487,0.2341541447585292,0.0011822848987069424
2022-12-17,673,558,0.30217443371390373,0.0012419317044074728
2022-12-18,525,497,0.29548866681670044,0.0012172402507489742
2022-12-19,806,872,0.5880454353742554,0.0017180410284813497
2022-12-20,747,647,0.31049608680872287,0.0015129090983379565
2022-12-21,962,847,0.3059614455938378,0.0019508044416254992
2022-12-22,671,499,0.32931109074024206,0.0011397595241736485
2022-12-23,79,97,0.5441952378375569,0.00035093918009148294
2022-12-24,0,36,1.3091853175901917,0.000157347498804159
2022-12-25,503,411,0.27795995388432576,0.0010409227166503908
2022-12-26,529,444,0.35700884768128044,0.0009671303495728862
2022-12-27,768,643,0.26619351650884754,0.001367349764608142
2022-12-28,778,712,0.35396525771550386,0.0015177981807724262
2022-12-29,1312,1218,0.33431673330581013,0.002584694913689652
2022-12-30,843,835,0.39087201308359215,0.001639190708130386
2022-12-31,559,469,0.39852141022045634,0.00102571203374305
2023-01-01,731,661,0.32705102156881954,0.0014365826640819718
2023-01-02,1155,1228,0.47486907610260404,0.0026353900422661173
2023-01-03,421,327,0.26632550803640054,0.0007797213432544456
2023-01-04,411,451,0.37373665123738387,0.0008780489949141293
2023-01-05,637,607,0.48380094853285666,0.0012357023572753289
2023-01-06,671,551,0.32874600221968325,0.0011749230293058791
2023-01-07,981,882,0.3585166938096707,0.0019460935336471892
2023-01-08,540,481,0.32850929977777354,0.001070876622506499
2023-01-09,744,623,0.2859213128866696,0.001433011125617052
2023-01-10,662,472,0.21029608232605773,0.0012178180514003205
2023-01-11,603,468,0.2760882479740263,0.0010542282419878654
2023-01-12,564,443,0.19291293335254484,0.0010373945571951664
2023-01-13,400,258,0.21111512770606322,0.0006775744423914178
2023-01-14,845,730,0.32717607884683064,0.0015829158379698396
2023-01-15,880,817,0.3951019331232845,0.001856803664576817
2023-01-16,767,627,0.23164835388429386,0.0014155465138572312
2023-01-17,343,233,0.37649409194324324,0.0005739630698314291
2023-01-18,775,600,0.28208143671381775,0.0013306970531219966
2023-01-19,540,395,0.18711761395109305,0.0009115665097387611
2023-01-20,678,600,0.31006249731042645,0.0012713677903376048
2023-01-21,714,668,0.33709442538653694,0.0014494951493012973
2023-01-22,388,355,0.3428179414098042,0.0007740465154287219
2023-01-23,952,828,0.22989849821985148,0.0018266834245787445
2023-01-24,669,553,0.3088026810720146,0.0012953252159619798
2023-01-25,688,469,0.21544958407104156,0.0011823681113265023
2023-01-26,453,300,0.2458755157898038,0.000732803612892231
2023-01-27,646,481,0.27461891784453035,0.001131159065249345
2023-01-28,730,566,0.2977775617246555,0.0013779580314630029
2023-01-29,328,324,0.31243603166220185,0.0007514916542886635
2023-01-30,674,565,0.43692774724688055,0.0012504526766504058
2023-01-31,515,442,0.31055695568052166,0.001016929146369699
2023-02-01,829,823,0.38182298200576215,0.0017754888736030588
2023-02-02,751,682,0.2966151843478393,0.001480934990307394
2023-02-03,508,371,0.219829828101339,0.0007878898982373888
2023-02-04,111,74,0.343905482698061,0.00027693159789531985
2023-02-05,778,745,0.34497343626958965,0.0016044449719332023
2023-02-06,743,629,0.26621675394932026,0.0014385058001784672
2023-02-07,457,256,0.17818830276156436,0.0007399975484743792
2023-02-08,851,721,0.2751767052043559,0.0015797688879937565
2023-02-09,492,316,0.19823358282398293,0.0008478192771631309
2023-02-10,677,619,0.3283348783239513,0.0013111646038813027
2023-02-11,1170,1081,0.3288152480115269,0.00232835566538142
2023-02-12,1340,1307,0.36506454798406146,0.002625759525632463
2023-02-13,856,705,0.3556016430390013,0.0015682300714147848
2023-02-14,896,817,0.41557498456070496,0.001674825288741916
2023-02-15,650,615,0.43796355228355255,0.0012379255756663926
2023-02-16,828,700,0.2742127601081625,0.0015096905392726206
2023-02-17,515,410,0.2880008488273288,0.0008865944440081509
2023-02-18,926,805,0.3966207694439072,0.0016676098395000782
2023-02-19,1451,1375,0.41682930600922885,0.0029408005453422236
2023-02-20,1626,1530,0.3289429926089179,0.0032922906503632062
2023-02-21,853,672,0.2908156380130058,0.0014834166843142684
2023-02-22,553,371,0.17980745419439598,0.0009969537524231514
2023-02-23,344,223,0.31336718043914097,0.0005961069988594174
2023-02-24,836,722,0.37627270347658603,0.0015170150031765684
2023-02-25,532,506,0.3619356856983626,0.0011284962614234284
2023-02-26,896,849,0.3467471583643593,0.0017894041710159129
2023-02-27,506,311,0.23201233050825487,0.0008430780500442197
2023-02-28,855,836,0.736048274072942,0.0018190386006914356
2023-03-01,805,894,0.4203089117525989,0.0017129897703146112
2023-03-02,959,814,0.2803184550709978,0.0017628556194381182
2023-03-03,616,459,0.18958121650128898,0.0010936634588756577
2023-03-04,717,693,0.34276463490810777,0.001557740238161174
2023-03-05,867,818,0.4186605230586017,0.0018431840777950797
2023-03-06,741,619,0.263607127648707,0.0014019662143450568
2023-03-07,646,1881,1.2294378339177667,0.0025815479637135686
2023-03-08,1040,906,0.2815604035961175,0.001941621165840694
2023-03-09,760,791,0.3137287088181386,0.0015577402381611743
2023-03-10,714,721,0.3269111336833787,0.001507738699652297
2023-03-11,751,846,0.42154593214901837,0.0016857661554421455
2023-03-12,672,682,0.3860647945768325,0.0015469972020359247
2023-03-13,591,519,0.4604616740181371,0.001150584853160317
2023-03-14,544,409,0.3382442291483495,0.0010304163205021694
2023-03-15,1051,1165,0.4421702388179906,0.0020616018954429365
2023-03-16,891,811,0.33099784947666766,0.001801154321231862
2023-03-17,476,471,0.39684806855896626,0.0009551976599279977
2023-03-18,714,662,0.48633942191866153,0.0013741681562229888
2023-03-19,636,603,0.3387240206523381,0.0013369894357405196
2023-03-20,1133,1028,0.2757885986888334,0.0020680856114254063
2023-03-21,1157,997,0.34869254452201087,0.002225038876935858
2023-03-22,806,746,0.34437248235724965,0.0015838357156551562
2023-03-23,704,728,0.30197327790174966,0.0014329112224432082
2023-03-24,1124,1020,0.3630150845266769,0.002113639695701044
2023-03-25,317,374,0.9058905049818331,0.0007023789317586943
2023-03-26,2179,2115,0.40339440359090517,0.004367872627998198
2023-03-27,748,732,0.3677260224093004,0.00150714696546876
2023-03-28,807,1018,0.4716195342464032,0.0017888559466988124
2023-03-29,612,626,0.6587840812920333,0.0012100257505052968
2023-03-30,957,921,0.35498103895188987,0.0018713549395090456
2023-03-31,454,594,0.3672854350005515,0.0010470144643503826
2023-04-01,1279,1299,0.442726957467527,0.002676650405811303
2023-04-02,1711,1647,0.3760850060921855,0.003620990535972535
2023-04-03,1278,1244,0.40278010162820194,0.002576303047086763
2023-04-04,716,626,0.42363050837488814,0.001317491743718406
2023-04-05,1560,1412,0.25939364377524277,0.0032494796365942773
2023-04-06,1497,1520,0.524574299807279,0.002831817902089295
2023-04-07,4149,4187,0.5492660270363577,0.0073298113314729215
2023-04-08,4030,3780,0.5587727726966456,0.007237644734183089
2023-04-09,4738,4655,0.5141591405132315,0.009089987167535816
2023-04-10,3217,3211,0.4697945673714836,0.00611172651466199
2023-04-11,1921,1875,0.38728924438673923,0.0036322894442255864
2023-04-12,3149,3158,0.4479960732284866,0.005912299935888438
2023-04-13,3728,3646,0.4744556690062679,0.006312309609526447
2023-04-14,3422,3456,0.5514545711747357,0.005958411183829999
2023-04-15,5908,5689,0.5945345340843887,0.010093981470121183
2023-04-16,4992,4892,0.5595739043051435,0.009568766796291458
2023-04-17,817,584,0.2941430278941699,0.0012779239361211114
2023-04-18,1027,777,0.21689030993341793,0.001740856240392681
2023-04-19,1379,1150,0.3076460427665461,0.0025440507239487963
2023-04-20,1416,1250,0.3190522672952193,0.0025304137202054756
2023-04-21,1976,1806,0.36983265801722875,0.003567417458998738
2023-04-22,1202,1199,0.5103493834464203,0.00223949198436875
2023-04-23,2603,2511,0.4063326225396575,0.004715321802001392
2023-04-24,1306,1220,0.3910575047006101,0.0025409507433753415
2023-04-25,1710,1528,0.48255798085347634,0.003044324440752023
2023-04-26,2025,1980,0.4659464753772161,0.003677763889616562
2023-04-27,3162,2974,0.400030893099,0.005830948644573679
2023-04-28,1407,1452,0.36731862689789196,0.002679890150466168
2023-04-29,1066,1005,0.3795726486865359,0.0021032115673489254
2023-04-30,716,682,0.3459929240648525,0.0013334858463872467
2023-05-01,1411,1343,0.39330929858068936,0.002734699529216284
2023-05-02,1127,1071,0.4870003988653533,0.002168618762930262
2023-05-03,1109,1220,0.5057198089836784,0.0021395811125063066
2023-05-04,1843,1955,0.47725155247401374,0.003484098887034362
2023-05-05,3298,3423,0.6689863275033496,0.006053323907942107
2023-05-06,9031,8732,0.8333430473007528,0.014747441719244744
2023-05-07,1928,1771,0.5857623922144366,0.0032140042178812602
2023-05-08,2890,3190,0.47500462585757125,0.005543247484537986
2023-05-09,2637,2538,0.532140733264844,0.004707837164220438
2023-05-10,2853,3116,0.4890113280677912,0.005440782793316717
2023-05-11,3257,3394,0.5432417806917216,0.005910871183648808
2023-05-12,4034,4529,0.7078865301263126,0.0077313107609788805
2023-05-13,10688,10303,1.048424000833628,0.017440017616853456
2023-05-14,7845,7355,0.6465676951899503,0.013251527505617505
2023-05-15,2984,3044,0.6154909957480036,0.005350714087906001
2023-05-16,2794,3038,0.6167500448775965,0.005538631957906397
2023-05-17,1767,1787,0.5350562758366714,0.003085302032961961
2023-05-18,2522,2845,0.8177544490419226,0.00481988514626361
2023-05-19,3484,4206,0.7096869454090651,0.007029447059909536
2023-05-20,5348,7103,1.990013147476575,0.01070600249238438
2023-05-21,19826,19649,2.467223134931803,0.030987229676997054
2023-05-22,12999,12011,1.006642613934393,0.0200646603079737
2023-05-23,4600,4564,0.4949000490292098,0.008504419678609654
2023-05-24,2130,2357,0.6578064397646158,0.004432912317034504
2023-05-25,3012,3068,0.4685782611152472,0.005619091814051659
2023-05-26,4083,5606,0.9391235923032994,0.008995599032984799
2023-05-27,13183,12940,1.2921120001475024,0.02120807337058335
2023-05-28,13228,12633,0.8969785550611676,0.02027658543339795
2023-05-29,4807,5035,0.5967426296816548,0.00889642758238715
2023-05-30,3921,4046,0.5435476408795982,0.006825498476876211
2023-05-31,4767,4819,0.6328829892275019,0.008124181598750047
2023-06-01,4480,4842,0.6898701900407626,0.007998130711714206
2023-06-02,5311,6589,1.1699703669032226,0.009977980560752714
2023-06-03,13987,15395,1.2815624930633012,0.023312388391791363
2023-06-04,11039,10496,1.0646802963709998,0.017067899171433393
2023-06-05,4478,4739,0.692998577918203,0.00800823082774504
2023-06-06,3970,4209,0.54127718612794,0.007480845564478907
2023-06-07,4416,3571,0.5797746997283099,0.006674220370007632
2023-06-08,2025,2135,0.5027558496996106,0.003930890181236346
2023-06-09,2700,3421,0.8066438001682564,0.0054343330444133545
2023-06-10,13619,12749,1.0530874844913325,0.02166330392583508
2023-06-11,5076,4820,0.5809015181431945,0.008828543375760212
2023-06-12,2554,3201,1.5287505011322036,0.0053887854083603
2023-06-13,3561,4263,1.395575781721065,0.006875359478516498
2023-06-14,2497,3366,0.8185345153706755,0.005134773377642389
2023-06-15,3077,3846,0.996547743883917,0.006237337667069918
2023-06-16,4287,6839,1.7487950067128455,0.009324489534011928
2023-06-17,21429,19288,2.3217182860956074,0.030571592838308067
2023-06-18,18343,15772,1.6844056629418895,0.026173882273300714
2023-06-19,6510,7291,0.7311234663658799,0.012180552301017545
2023-06-20,7293,6992,0.6439209186794753,0.012293166712821933
2023-06-21,6843,6530,0.7748296493294135,0.011085605229002413
2023-06-22,6030,5850,0.741145402573004,0.009607082932868523
2023-06-23,4385,4320,0.7016889173912996,0.007757681255327337
2023-06-24,5564,5826,0.9406938897065754,0.009547385698171576
2023-06-25,13746,13336,1.0573486522024942,0.021989183377588088
2023-06-26,3470,3910,0.8026273852605031,0.006566335907238704
2023-06-27,1987,2334,0.9285435696263596,0.003766092211121289
2023-06-28,5910,6077,0.8618985338355053,0.009929499220921349
2023-06-29,8322,8327,0.8524522780420172,0.013987578604670012
2023-06-30,7155,8167,1.3744629190339535,0.012867187658306934
2023-07-01,18635,17274,1.5005101164028158,0.027553924736145728
2023-07-02,7857,7826,0.8364582567771094,0.013171981276722209
2023-07-03,13064,13729,1.1837158195995403,0.02227964752946986
2023-07-04,9757,10035,1.2535337022700124,0.01624335693845525
2023-07-05,14494,14627,1.2913514945035787,0.023104689693369877
2023-07-06,5496,6302,1.7859005488943505,0.009654692671862431
2023-07-07,10803,12516,1.7177365942896057,0.018487571500873767
2023-07-08,16770,15472,1.6845342925247013,0.025011746255978143
2023-07-09,12170,11626,1.1709785999129387,0.019779755966541326
2023-07-10,9574,9882,0.9256887516665058,0.016768208252561617
2023-07-11,6775,7556,1.358857739541675,0.012030482739056136
2023-07-12,9322,8866,0.8095279713189201,0.015286961925282503
2023-07-13,5465,6651,1.2754299932374007,0.010824608789161545
2023-07-14,11960,12817,1.7023243339595517,0.019877087452422507
2023-07-15,14028,12296,2.3412508384283743,0.02064084489312958
2023-07-16,17008,15684,1.2289892342682334,0.026558554742860865
2023-07-17,7927,8517,1.2902090286516383,0.013483931373712597
2023-07-18,8344,9173,1.0759137684153883,0.014903022657107398
2023-07-19,11270,10397,1.329932989910036,0.01778873415885324
2023-07-20,7124,8492,1.5657771846878072,0.013616095685125269
2023-07-21,9438,10787,1.5450466860509606,0.017006808464650695
2023-07-22,20861,19477,2.5705058175251576,0.031666184134337
2023-07-23,15453,14060,2.34015086751601,0.023149750761561894
2023-07-24,6000,6960,0.9756991800418439,0.011008031016338965
2023-07-25,7678,8075,1.133629104212107,0.013395283957455102
2023-07-26,10427,9849,1.2534107239991705,0.016253630702053802
2023-07-27,8482,8924,0.8392187450767188,0.015580998895870122
2023-07-28,9915,10040,1.2058622098259602,0.015995214879599158
2023-07-29,7269,7964,1.520607231151151,0.012193845678257004
2023-07-30,18959,17902,1.7055927840371228,0.02828625496169113
2023-07-31,8832,9636,1.256181999644425,0.0157158681805594
2023-08-01,10118,10113,2.013536223974463,0.01680607781444248
2023-08-02,9614,9533,0.9972511215915828,0.016096649127665466
2023-08-03,8506,9829,1.0896273120573123,0.015411074562144127
2023-08-04,11050,12283,1.2254743720042192,0.01939355316586201
2023-08-05,18473,17858,1.947501859562505,0.02787855010923413
2023-08-06,20905,19126,1.643823280539821,0.031070791806558612
2023-08-07,5146,5534,0.7719339450404106,0.009290354016735083
2023-08-08,6536,7503,1.2589987154557503,0.012391801404540258
2023-08-09,12866,12186,1.11300861042121,0.021611049570756023
2023-08-10,5617,6577,0.9058001009919688,0.010353310016376571
2023-08-11,12953,12104,0.9123084023091954,0.020339811360711554
2023-08-12,9302,10173,1.549968281263617,0.016373580725560787
2023-08-13,17859,16419,1.8910338917141252,0.026595546068660367
2023-08-14,9616,9420,0.7563392058617772,0.01640473553032401
2023-08-15,10788,12168,1.2940999605308918,0.019797147604541678
2023-08-16,12521,12637,1.0865095469594412,0.021171758380558053
2023-08-17,9912,9780,1.3191054620121914,0.015969993646863342
2023-08-18,7759,9057,1.4875823560701744,0.014483522569925227
2023-08-19,21001,20234,1.6395393775144218,0.031650973876119266
2023-08-20,17432,15928,1.7475886701966434,0.025311091566976363
2023-08-21,8733,8928,1.1972170248043166,0.015408263779099726
2023-08-22,9402,9074,0.8004235621521075,0.01612250191924114
2023-08-23,3960,4506,0.9709876740735102,0.007166887186272398
2023-08-24,7147,8225,1.2455657602725667,0.013402262425990907
2023-08-25,8749,8968,1.8320773159321524,0.015073968087906979
2023-08-26,11611,11808,1.5060573775385493,0.01835537247299917
2023-08-27,16421,15565,1.1636534242238246,0.025680575502502044
2023-08-28,9843,9725,1.4733973049544973,0.016452100965207935
2023-08-29,9528,9402,1.0009545784675555,0.015913435235155454
2023-08-30,7220,7784,1.4602063152703602,0.013079759805657117
2023-08-31,9687,9526,1.314505412907779,0.015766144452796352
2023-09-01,10984,11564,1.4347946258472573,0.01829621906918403
2023-09-02,15873,15527,1.491338952771363,0.0243567563530909
2023-09-03,19473,18674,1.9833212787482204,0.032943609803378564
2023-09-04,15092,14014,1.1383114667565466,0.02391996676820825
2023-09-05,4466,4998,0.6534022646212526,0.008331025570017539
2023-09-06,4110,4061,0.4908190043707798,0.007680109862179111
2023-09-07,2506,2717,0.7014620598704452,0.004884238798496223
2023-09-08,3434,4141,0.8758273444065623,0.006249311841661857
2023-09-09,9423,9271,1.2156921834979513,0.015714179573255164
2023-09-10,9421,7341,0.7465320707696683,0.013583494876765438
2023-09-11,3658,3787,0.4294228155307017,0.00680328625496169
2023-09-12,1703,1789,0.41753244016225954,0.0033358556211263704
2023-09-13,2371,2524,0.5048066494423474,0.00463764269669836
2023-09-14,3445,2857,0.3907808239614487,0.005990568940582787
2023-09-15,4612,5078,0.9184208939392543,0.00875796178343949
2023-09-16,11392,10728,0.8259970847891341,0.018381751875961336
2023-09-17,6802,6152,0.6600519394988813,0.012050266827336892
2023-09-18,2851,2942,0.46507826340691466,0.005579586630834578
2023-09-19,2937,2734,0.44651526965789834,0.005029725190345517
2023-09-20,2963,2945,0.4414473864101422,0.005533889978490381
2023-09-21,3292,3137,0.4701378807623375,0.006112688082710237
2023-09-22,4149,4223,0.6065705447283767,0.007557317553090703
2023-09-23,8292,8003,0.7128602304845343,0.013688695111819577
2023-09-24,7479,6897,0.547386707288606,0.01302671661152327
2023-09-25,3184,2943,0.556152326497942,0.005586633434874919
2023-09-26,2127,2116,0.4388789573383659,0.0040107003292409
2023-09-27,2409,2427,0.5359209764577739,0.004394904458598726
2023-09-28,2216,2290,0.5169240449898385,0.004324618438963886
2023-09-29,3980,4054,0.5905407492154805,0.0071543659884839616
2023-09-30,7452,7130,0.7121485501545213,0.013041859829453294
2023-10-01,7375,7037,0.6201309626703986,0.012403073940736638
2023-10-02,4441,4289,0.5054588982705207,0.00821026316088967
2023-10-03,4042,3867,0.5736161086128804,0.006950805586917468
2023-10-04,4003,3885,0.5135313092438129,0.007310619952547397
2023-10-05,3364,3191,0.442470048625053,0.0062338456567894406
2023-10-06,2957,3106,0.5373513468297327,0.0061036945933178035
2023-10-07,4655,4498,0.5302420011189842,0.008054981573397525
2023-10-08,2330,2206,0.4443406583760271,0.00435387177676973
2023-10-09,2654,2545,0.5198934637850956,0.004861477297299348
2023-10-10,6751,6637,0.4719751561196193,0.013172053645606679
2023-10-11,1804,1678,0.3749263312814784,0.0033746093286386833
2023-10-12,2408,2252,0.36467845065920645,0.004606496253396425
2023-10-13,2067,1910,0.4208389386754882,0.0036515676573832213
2023-10-14,2209,2123,0.4345689565206039,0.004341310049358984
2023-10-15,1785,1727,0.47510919357572395,0.003216523086365235
2023-10-16,1524,1409,0.3017625031307306,0.0028316255884796456
2023-10-17,1927,1812,0.4005624189724565,0.003628792973849745
2023-10-18,1763,1654,0.4151386618842282,0.0033593006875127927
2023-10-19,1608,1342,0.34745988333135897,0.002934253180640852
2023-10-20,966,838,0.39318025164425585,0.0018231330194775225
2023-10-21,2212,2088,0.4640260976082096,0.0039001200036924213
2023-10-22,2326,2319,0.46304298119564297,0.00439725068463645
2023-10-23,1763,1653,0.41546240281137026,0.0033093325948490722
2023-10-24,2179,2079,0.40820965609577253,0.004203139360809765
2023-10-25,1673,1609,0.37556624972281666,0.0032238450146292127
2023-10-26,987,884,0.38868444898111293,0.0017812635993195395
2023-10-27,2268,2233,0.5120394651234687,0.004030994475943389
2023-10-28,3971,3772,0.5744475564831156,0.007376188498107634
2023-10-29,1126,1039,0.39902265635930834,0.0023483352837655553
2023-10-30,1873,1815,0.3585941648633488,0.0038589353045182457
2023-10-31,1365,1226,0.33064371269609005,0.0025687441966540147
2023-11-01,921,844,0.3500807899440453,0.0017277680942219037
2023-11-02,954,828,0.3621885761512197,0.0018288136676394777
2023-11-03,1262,1094,0.3103180604367519,0.0023294834411194554
2023-11-04,1570,1438,0.40718993534073655,0.0032363633166734803
2023-11-05,1871,1783,0.387590319727533,0.0037637521713954833
2023-11-06,695,577,0.3597189421458481,0.0012856016871525043
2023-11-07,797,671,0.32289170199640327,0.0015187967322071447
2023-11-08,981,836,0.2859354872167375,0.001808322001182126
2023-11-09,947,827,0.3108599302003274,0.0017916635197166905
2023-11-10,1370,1158,0.34746465034331026,0.00250460195155326
2023-11-11,1233,1155,0.4958843833582719,0.0023268274475335025
2023-11-12,1392,1290,0.4536780749452177,0.0029256483326037825
2023-11-13,1942,1820,0.33361471451564423,0.0040649602405348735
2023-11-14,837,732,0.4446586071709051,0.0014825730901610159
2023-11-15,1008,931,0.3416392417050883,0.001996037747907036
2023-11-16,1151,985,0.36274327592679095,0.0020739768581508194
2023-11-17,833,735,0.29124296246382797,0.001600877660141022
2023-11-18,1810,1683,0.38306754028256684,0.0033854887842702853
2023-11-19,1205,1077,0.33610483666636737,0.002288818990067662
2023-11-20,899,728,0.2985154190370981,0.001611989898196638
2023-11-21,370,220,0.27149223517579385,0.0006115572786854981
2023-11-22,764,552,0.3009476852719634,0.0013769654450906182
2023-11-23,874,676,0.32809329077926247,0.001556691254835813
2023-11-24,899,693,0.31597012125661983,0.0015516314529134833
2023-11-25,1179,1032,0.34883209805961374,0.0022857508041667553
2023-11-26,621,549,0.3442557788792319,0.001327361796808602
2023-11-27,2311,2154,0.27118050948750133,0.0049983883488974945
2023-11-28,510,369,0.24485964053376558,0.0008816377042370534
2023-11-29,483,393,0.2618816038336444,0.0009089609705112514
2023-11-30,1072,1047,0.36842905986598107,0.0021535627669662565
2023-12-01,463,471,0.3861190146312764,0.0009571723085985063
2023-12-02,744,557,0.25994060906951166,0.001510977665709552
2023-12-03,454,370,0.34789320456400585,0.0009143517413267888
2023-12-04,616,465,0.3756717236231742,0.0010821634748524808
2023-12-05,575,1457,0.7044549888416013,0.002163802842285257
2023-12-06,643,559,0.3612290580687094,0.001231047493769039
2023-12-07,527,304,0.20678325646308798,0.000889642758238715
2023-12-08,645,551,0.34928497465462455,0.0013342001135888926
2023-12-09,854,664,0.35592198083658505,0.0015476215836226913
2023-12-10,574,472,0.3484128608806659,0.0010448842212896492
2023-12-11,545,467,0.28070646318231324,0.0010428892317565813
2023-12-12,2489,2301,0.27590285624970495,0.005279566914714001
2023-12-13,580,345,0.25820255751808924,0.0009313988507338687
2023-12-14,1172,1124,0.37924057310595,0.0022683955886425465
2023-12-15,1021,901,0.3105362319123436,0.0019469130518701273
2023-12-16,786,695,0.4887749328413967,0.0015328596649127665
2023-12-17,571,458,0.2973684053192729,0.0011806031278695215
2023-12-18,537,363,0.3760684017290506,0.0009868621772456101
2023-12-19,1014,846,0.2737878201956503,0.002076986984214899
2023-12-20,761,607,0.3250624484987757,0.0013657762896201002
2023-12-21,930,919,0.3444497142250636,0.001930948836887289
2023-12-22,739,618,0.333374416211744,0.001398720922182221
2023-12-23,444,312,0.2621726250992569,0.0008178869649704998
2023-12-24,951,918,0.4148692789698645,0.0019846764515831254
2023-12-25,963,906,0.4472809306981077,0.0018913169356259913
2023-12-26,726,624,0.3340983230873118,0.0014382576535853708
2023-12-27,428,334,0.3236996044125566,0.0007956108611664722
2023-12-28,719,603,0.27995950533400715,0.0014069911828552542
2023-12-29,829,773,0.36431128059837364,0.0016112383877545883
2023-12-30,1170,1141,0.4275994468406294,0.002318785468944395
2023-12-31,1047,953,0.42385903834690386,0.002200698230815677
2024-01-01,940,1003,0.42424534810483616,0.0021004368372624866
2024-01-02,832,739,0.41206897816095805,0.00155412359415881
2024-01-03,773,675,0.3346209772435454,0.001449694955648985
2024-01-04,907,806,0.3694495325552829,0.0017553202820441813
2024-01-05,597,498,0.3186178180694466,0.0011535094380075218
2024-01-06,569,478,0.3406000950959074,0.0011593577064431186
2024-01-07,494,479,0.30698782108240696,0.0010922086727336968
2024-01-08,510,563,0.3597364240332482,0.0011289429252910016
2024-01-09,375,165,0.11963263761790986,0.000564424146557834
2024-01-10,473,460,0.3226038720406132,0.000909468543088039
2024-01-11,474,338,0.39371314608710034,0.0008523591394237099
2024-01-12,1065,929,0.28687085294382225,0.0024872560181338913
2024-01-13,125,86,0.29149768580655266,0.0002627703230029455
2024-01-14,290,199,0.2306321318707233,0.0005463105158480401
2024-01-15,496,297,0.1968898237633385,0.0008162782179898339
2024-01-16,414,256,0.18798771727850278,0.0007038678113172712
2024-01-17,484,275,0.24067392978469757,0.0008065632788701191
2024-01-18,490,314,0.21829276329825792,0.0008904783277151234
2024-01-19,552,578,1.0845801181140808,0.007754084741068956
2024-01-20,446,344,0.25399596968190075,0.0009436187780136825
2024-01-21,825,732,0.3048724460317482,0.0017578115832508016
2024-01-22,526,403,0.26109302508453525,0.0010208919074954589
2024-01-23,242,137,0.26515191657160914,0.000513861964983538
2024-01-24,460,324,0.21740732169362892,0.0007531700276092411
2024-01-25,545,350,0.2430563709826948,0.0008555946382736002
2024-01-26,517,338,0.22041156796878505,0.0008276478437098764
2024-01-27,592,512,0.32941642079788014,0.0012046524508446412
2024-01-28,599,538,0.3338818563209169,0.0013619999496488004
2024-01-29,1327,1173,0.2721085559592354,0.002815471245269085
2024-01-30,533,441,0.3392458191823817,0.0009681954711032529
2024-01-31,669,548,0.259583227201484,0.0012270200029823402
2024-02-01,466,476,0.45167921651876436,0.0009999046628925278
2024-02-02,761,629,0.33744318497364006,0.0013459690162412239
2024-02-03,1363,1271,0.3431953938130212,0.002652550044019724
2024-02-04,1230,1129,0.34592479283325617,0.002746636236022116
2024-02-05,551,380,0.2079326363148582,0.0009223952452974884
2024-02-06,647,565,0.3567502431037339,0.0011647417205597277
2024-02-07,661,571,0.3184726430511683,0.0012231145573709961
2024-02-08,649,520,0.32777727510549265,0.00113872619731583
2024-02-09,1068,892,0.2856578006672755,0.002051024646912213
2024-02-10,1672,1541,0.38733046120459674,0.0031085571863749654
2024-02-11,734,649,0.44971514127057227,0.0014038301770231984
2024-02-12,673,505,0.2917206871185522,0.001225312427195562
2024-02-13,908,742,0.330169677145958,0.0016882176256310846
2024-02-14,1477,1292,0.2781106807651945,0.0027920491698252025
2024-02-15,523,360,0.22405714330365756,0.0008712694118398909
2024-02-16,538,416,0.32703988852670596,0.0009791510068441667
2024-02-17,794,723,0.3749836424009164,0.001652509862850761
2024-02-18,598,520,0.3291295532178487,0.0012426718736065412
2024-02-19,910,813,0.3224563299710214,0.0018547717100972833
2024-02-20,924,733,0.3250602583653155,0.0017517022501791263
2024-02-21,806,703,0.32933088867730403,0.001467126590320426
2024-02-22,782,627,0.3570006380840613,0.0013046988661406266
2024-02-23,892,733,0.3863223674172846,0.00153795940974008
2024-02-24,770,643,0.3384392165645186,0.0014357838229341966
2024-02-25,769,770,0.4438610689193478,0.0016774791052839456
2024-02-26,1170,1059,0.334826498014917,0.0023049229917133543
2024-02-27,1216,1089,0.29769879973447266,0.0023125855077974844
2024-02-28,561,519,0.3682962195798273,0.0010810983533221141
2024-02-29,667,516,0.3027757194217138,0.0011352159251958884
2024-03-01,1145,1055,0.3155142307868766,0.0021066582268465407
2024-03-02,824,781,0.41851687145623034,0.0016402871567645868
2024-03-03,921,918,0.4084246243949453,0.0018598474358651595
2024-03-04,1383,2245,0.447786165006887,0.0036245459136299216
2024-03-05,945,851,0.3401532625573333,0.001814741152874634
2024-03-06,837,596,0.27005147031349325,0.0016123051504583453
2024-03-07,1438,1217,0.34089667678605085,0.002519687496343333
2024-03-08,993,823,0.37576099179365013,0.0017528967446489992
2024-03-09,460,418,0.3691449623191977,0.0010162400601337184
2024-03-10,520,509,0.4198756423265065,0.0010615711252653928
2024-03-11,1230,1129,0.4053128953550984,0.002405318765052911
2024-03-12,1345,1242,0.3838502538828133,0.0024894172567947147
2024-03-13,3113,3086,0.6543321966624888,0.005730425801043358
2024-03-14,769,666,0.41781003467937794,0.0013917849055989054
2024-03-15,1121,945,0.3243730103147336,0.0020342254874810626
2024-03-16,1244,1183,0.4269805142680235,0.002556208460260316
2024-03-17,833,723,0.3374270021685414,0.0016407098240385418
2024-03-18,822,726,0.44362140260100263,0.001554593288185091
2024-03-19,679,473,0.21991146136797413,0.001238247431572926
2024-03-20,765,671,0.29846928164376774,0.0014146244683533316
2024-03-21,813,616,0.37098797261467875,0.001501145090178599
2024-03-22,558,531,0.38336154237364617,0.001108808155635558
2024-03-23,963,940,0.42490418953059506,0.001957693372813838
2024-03-24,1216,1109,0.403126328856304,0.0026135419551370814
2024-03-25,1176,972,0.2930806006103494,0.002183983283401727
2024-03-26,816,729,0.5899786460180534,0.0016020925643865965
2024-03-27,1228,1112,0.4173840809130117,0.0022125274493819745
2024-03-28,1568,1430,0.42194506939453086,0.002895913280848202
2024-03-29,2119,2028,0.45794836618756046,0.003863764828169634
2024-03-30,2624,2552,0.4316656452785923,0.005200612507534168
2024-03-31,2469,2433,0.4572134873548578,0.004516978900806095
2024-04-01,1691,1813,0.46591535174706705,0.0036064046725913243
2024-04-02,722,601,0.29262410421257445,0.0014573525339241207
2024-04-03,559,442,0.266872382618592,0.0010308009477214685
2024-04-04,553,360,0.24915441104050035,0.0008884888765808179
2024-04-05,1145,1017,0.3239589138331709,0.002198669049956782
2024-04-06,2682,2681,0.4892700154394569,0.005160288788950819
2024-04-07,3356,3290,0.5340903882835235,0.006321348349179975
2024-04-08,1182,1195,0.472787734984537,0.0022164143512108064
2024-04-09,1382,1203,0.3407409011724694,0.0025244923924080606
2024-04-10,2083,2047,0.36422972308619755,0.004015508169482138
2024-04-11,720,519,0.2254441566264873,0.001384657989476599
2024-04-12,596,511,0.3638423921029647,0.0011098566346420128
2024-04-13,1600,1522,0.41300274582015617,0.002932782547155297
2024-04-14,2266,2231,0.5394914868457411,0.004577637980135324
2024-04-15,2033,1911,0.3585393039671145,0.003946275270008308
2024-04-16,1969,1721,0.3667769078782161,0.003528927650644939
2024-04-17,645,459,0.2927027323683122,0.001125034616449737
2024-04-18,1220,1152,0.42995744991241497,0.002276773351267951
2024-04-19,1333,1232,0.37741272477293075,0.002504424885314197
2024-04-20,1543,1484,0.4533189067673003,0.0030126492579862184
2024-04-21,2185,2090,0.4107022451922283,0.004220196741839549
2024-04-22,2344,2150,0.35661046966864834,0.004192858199641127
2024-04-23,1088,920,0.3588130882435743,0.0019751738967533844
2024-04-24,1610,1491,0.39017375788822,0.0029545871183902085
2024-04-25,2029,1926,0.3893806989397062,0.003787332134596558
2024-04-26,2590,2406,0.386846725937303,0.004668952933009109
2024-04-27,1313,1316,0.3941618005532506,0.0025309569964790126
2024-04-28,2225,2133,0.453817280716873,0.00395366011261885
2024-04-29,1871,1684,0.36257653944781737,0.003397287630518642
2024-04-30,1179,1199,0.4354788783137571,0.0022495816772693765
2024-05-01,2496,2567,0.4683722383002856,0.0047324954571837195
2024-05-02,3645,3651,0.48841440808228204,0.006946367580540939
2024-05-03,1576,1777,0.5568985621696277,0.003025939259669528
2024-05-04,6020,5927,0.5732732322927602,0.010269835225699252
2024-05-05,1867,1772,0.4348839075818535,0.0036357453532506884
2024-05-06,3389,3504,0.49679723374975965,0.006210008890961827
2024-05-07,3078,3119,0.4849247626521483,0.005889604295516785
2024-05-08,2610,2497,0.4904271338580173,0.00484149512292686
2024-05-09,1850,1827,0.604911264767108,0.003418018763064153
2024-05-10,2317,2376,0.544732299618923,0.0045069642446203114
2024-05-11,3483,3525,0.7120484876924722,0.006231860081209292
2024-05-12,6140,5730,0.693860219060554,0.0104665942384026
2024-05-13,1727,1799,0.5373991491582665,0.003274810984700478
2024-05-14,1693,1605,0.481823963345,0.0030163090257247
2024-05-15,2270,2466,0.5518109516016848,0.0042450698887901
2024-05-16,3265,3289,0.517313750744626,0.005674468659405684
2024-05-17,2092,3185,1.2238853954781368,0.004867821296788342
2024-05-18,11046,11637,1.7963702843156684,0.018626122562012896
2024-05-19,16516,16742,2.0323644259152234,0.0249584602603157
2024-05-20,15707,14588,1.2083547358577436,0.023764979481886158
2024-05-21,3674,3610,0.46811332397698635,0.00656619393957061
2024-05-22,2647,2854,0.5479229938465329,0.005220352933936429
2024-05-23,4030,4263,0.5348513892069554,0.007387240286714117
2024-05-24,5291,6097,0.9894000712014219,0.009429854560863225
2024-05-25,4304,4061,0.6499145303517007,0.006664874124928352
2024-05-26,12607,12229,0.5506640758394643,0.02449459983384104
2024-05-27,1976,2386,0.6394995018967853,0.00395735253392412
2024-05-28,1738,2421,0.6767019687229766,0.0038751455787680716
2024-05-29,4195,4091,0.6634330215214586,0.007285431267707645
2024-05-30,4051,3929,0.8188101845416629,0.007105813045995821
2024-05-31,5052,5791,0.9478511184245246,0.009314421212960399
2024-06-01,11468,10799,1.1594454996776962,0.018067343248570546
2024-06-02,3511,3384,0.8990451632953715,0.006130258553410035
2024-06-03,4526,4868,0.7145737637890445,0.008377180836333426
2024-06-04,4510,4642,0.6052703175743456,0.00805409397212222
2024-06-05,3838,3362,0.5374535708140431,0.006240600976622066
2024-06-06,4075,4660,0.6961902536310149,0.0078879957439986
2024-06-07,2664,3488,1.2139332206882947,0.0051249231683676575
2024-06-08,9781,9330,0.9837700993135241,0.015496766416342221
2024-06-09,4495,4586,0.692330884491144,0.008313486568817502
2024-06-10,3640,4072,0.6572742927248122,0.007049755377088526
2024-06-11,4039,4387,0.8387424538465053,0.007409695446250417
2024-06-12,5653,5502,0.783093270696722,0.009584429520908336
2024-06-13,5324,6063,0.905276729111693,0.009544852787215216
2024-06-14,6311,8983,2.773281616745252,0.01238780197761741
2024-06-15,16967,14695,2.6032240688143866,0.02325046989989217
2024-06-16,13461,11349,1.9726739571922598,0.018400318024673713
2024-06-17,7425,7231,0.8505429451950495,0.01261423428413182
2024-06-18,5791,5743,0.7746900734649469,0.00955163773343165
2024-06-19,10965,11224,0.7848431742188178,0.01800381188199456
2024-06-20,4853,4869,0.5908159777682025,0.00867209500552065
2024-06-21,6029,6185,0.684823995187419,0.010243091907518355
2024-06-22,7082,6616,1.0067013218329794,0.010958118926020622
2024-06-23,6783,7031,0.787792258193135,0.011737968005853172
2024-06-24,8144,8198,0.7041048376425617,0.013898718251159863
2024-06-25,5539,5402,0.7755196792003486,0.008948352256992522
2024-06-26,4688,5349,0.9089402319108613,0.0085096635452031
2024-06-27,7621,7882,0.9195753257652222,0.01286230493839106
2024-06-28,8895,8565,0.7221933512629929,0.014321319776872257
2024-06-29,2768,4531,1.4627391704488697,0.006327361192418384
2024-06-30,16089,15800,2.00664062345641,0.02530740998927288
2024-07-01,18440,17363,1.30196442831055,0.026873652968586324
2024-07-02,7710,8317,2.561900884259047,0.01329938974952705
2024-07-03,6386,7403,1.01169516345992,0.011716599827003224
2024-07-04,10047,10302,1.0997957743742246,0.017111502117513562
2024-07-05,9572,10247,1.5347807969401586,0.016664021181890025
2024-07-06,16344,15798,1.8295196337694843,0.025508742444064588
2024-07-07,16073,15305,1.4646175806525334,0.02461701618791068
2024-07-08,8920,8868,0.9892306950702696,0.01532470229853226
2024-07-09,6740,6792,0.6923078970478574,0.011496934948425764
2024-07-10,1447,2608,1.5771324372980517,0.0035767334299596832
2024-07-11,6719,8190,1.1607470052705,0.012518490249981426
2024-07-12,13571,16110,2.425000089809501,0.023824972789860437
2024-07-13,19539,19681,4.7578621796711,0.029445053158826295
2024-07-14,13490,12256,2.5674418299961825,0.020657165122075313
2024-07-15,3603,4077,1.0704160101953366,0.006836074476617262
2024-07-16,2190,3422,1.8087981663035773,0.004556184146325381
2024-07-17,8495,9029,1.3898043595404357,0.01437406865266184
2024-07-18,9334,10034,1.4449657430191112,0.016086222486178442
2024-07-19,11378,11857,1.5755478306228057,0.018420725942761104
2024-07-20,17790,16725,1.837407903476971,0.027397129460747332
2024-07-21,13850,12745,1.4246455346094584,0.020854050754009215
2024-07-22,8956,9191,1.024508736517113,0.014711583885839022
2024-07-23,8938,8736,0.9657859980550494,0.015226045416782056
2024-07-24,3646,4606,1.2819340986476369,0.007255252824347258
2024-07-25,10723,10657,1.0809167223705811,0.0177644946999296
2024-07-26,11820,11875,1.2851932658587804,0.018786784951473307
2024-07-27,17727,16715,2.1525813983675537,0.026134278349731133
2024-07-28,15256,14682,2.353882760485941,0.022960706483276406
2024-07-29,9465,9204,0.8243200724061747,0.01629164052175315
2024-07-30,5010,5571,0.9587966944676236,0.009322476194533797
2024-07-31,8994,9041,1.0553875974584883,0.015538458875657713
2024-08-01,8022,8222,0.931756797799013,0.013480396245741759
2024-08-02,6402,7102,1.3433584755840688,0.011765211081470472
2024-08-03,12525,12684,1.638988829660907,0.021477583925659252
2024-08-04,17485,16444,1.4186761871192644,0.02574398738896108
2024-08-05,15098,14828,1.0472588780994065,0.02430563474351247
2024-08-06,3406,4787,1.1601181877662843,0.007493769039047355
2024-08-07,12020,12052,1.145602134723197,0.021026645026273445
2024-08-08,9112,8057,0.9813483957187266,0.014789012738853502
2024-08-09,4201,5571,1.2199019411466803,0.008604406762811637
2024-08-10,16951,15456,1.5725410700001834,0.025140099384216144
2024-08-11,8010,8020,1.1531968064078164,0.013632043379112519
2024-08-12,8182,8775,1.5248908308363502,0.01517729017036688
2024-08-13,9319,9794,0.9980825601416822,0.01647137219606757
2024-08-14,11299,10893,1.4115354794079262,0.018221439780564678
2024-08-15,11149,10752,1.130854598429102,0.017561810488623264
2024-08-16,7946,8294,1.0291432960941187,0.013315794332133297
2024-08-17,5785,5657,1.006694782321456,0.009250329874403374
2024-08-18,6522,5957,0.8284139265468863,0.009861311382525297
2024-08-19,5712,5944,0.9060267269002331,0.00965340175434499
2024-08-20,7496,7858,0.7468091973224107,0.013054247823009938
2024-08-21,8749,9626,1.1435483523698364,0.015444846708228923
2024-08-22,9509,9742,1.1195231492681925,0.016184456707485934
2024-08-23,10283,10375,1.0544306318979384,0.016957115163983065
2024-08-24,16320,15132,2.1396663981135964,0.024959653930996285
2024-08-25,13474,13092,1.3050800118469683,0.021317292768221134
2024-08-26,9665,9545,1.1879499436307221,0.015395464762064236
2024-08-27,9137,9415,1.0921564139598945,0.016189105721266594
2024-08-28,6766,6812,1.1980703675048299,0.011121770779760256
2024-08-29,9211,9101,1.0726019875743302,0.01577817779008585
2024-08-30,9501,9621,1.2659244649047825,0.015505725968038835
2024-08-31,13731,13717,1.8498074864292928,0.02368457490999723
2024-09-01,17097,16355,1.4937808932290244,0.026248709750509806
2024-09-02,11322,10698,0.972454057647969,0.018079677176880166
2024-09-03,3275,3248,0.4905448917269015,0.006475784539189834
2024-09-04,3466,3889,0.559637238093531,0.006811955960391297
2024-09-05,4518,4452,0.6399418954912566,0.007791768471162306
2024-09-06,1255,1585,0.6437964667590226,0.0025878135127650496
2024-09-07,9137,9716,1.0876683207207711,0.016452891831920047
2024-09-08,6853,5245,0.6722487053516881,0.010022087797326109
2024-09-09,1750,2055,0.5056831063653056,0.0035394134361141564
2024-09-10,3164,3177,0.4125521132567231,0.0058632781216553026
2024-09-11,3258,3107,0.4630624859412418,0.005653720414174582
2024-09-12,4127,4063,0.4827396281542188,0.007391522978034951
2024-09-13,4295,4889,0.783625879084685,0.008188363837768435
2024-09-14,10430,9647,1.0843039211520138,0.01609342899280622
2024-09-15,9022,8312,0.7804320445897105,0.015121692157227038
2024-09-16,4029,4063,0.6093684683870356,0.007302248976081855
2024-09-17,3091,2976,0.5163348290308004,0.005684684923919682
2024-09-18,3307,3265,0.4938409339044322,0.005917590986605255
2024-09-19,3883,3666,0.5153793147144613,0.0068992892088987345
2024-09-20,4289,4246,0.7863090890684833,0.007604829399346154
2024-09-21,7105,6900,0.8779186470779313,0.011473704685418893
2024-09-22,6964,6398,0.6827859890129552,0.011944922980647157
2024-09-23,1675,1567,0.3566240413043165,0.0030481707129450136
2024-09-24,1187,950,0.36446702877229037,0.0020145798635624323
2024-09-25,1648,1796,0.4347311185795156,0.0031970425222778193
2024-09-26,3696,3637,0.4752488305228326,0.006791373206493672
2024-09-27,3665,3812,0.6292726480800858,0.006742009065865994
2024-09-28,6107,5640,0.7541377139857476,0.010357419281540024
2024-09-29,6313,6036,0.5453895123224767,0.011034105744712225
2024-09-30,3977,3844,0.48462510750660337,0.0070553790319054345
2024-10-01,1742,1810,0.49701146957983,0.0031244717619683003
2024-10-02,2426,2275,0.4935177800095955,0.00451476513470187
2024-10-03,3072,2987,0.4471458206387708,0.005677097756854057
2024-10-04,2592,2721,0.5896010826125678,0.004835225699252285
2024-10-05,6241,5802,0.50666498253939,0.010901448789517409
2024-10-06,2779,2610,0.43613470946348176,0.005337956886967759
2024-10-07,2178,2124,0.422816223475202,0.0041856232939035485
2024-10-08,1807,1819,0.41533639314926973,0.0034174128434721067
2024-10-09,1543,1449,0.3859672803060254,0.002889979032321874
2024-10-10,2060,1990,0.44093958387753596,0.0037198649771344318
2024-10-11,3528,3468,0.5540796871299998,0.006303837688932939
2024-10-12,5270,5040,0.5026306449842295,0.008853157020216006
2024-10-13,2313,2153,0.5454657762305678,0.003999110903817283
2024-10-14,2629,2561,0.43651183114759967,0.004991594540937121
2024-10-15,1625,1541,0.3537697008874328,0.0033029418656668726
2024-10-16,1559,1450,0.4231165847246091,0.002824125357703314
2024-10-17,2067,1989,0.5518235701782104,0.003830887104218591
2024-10-18,2559,2471,0.5087876539095687,0.004905645448431381
2024-10-19,4550,4428,0.5096175121410853,0.008810380978755389
2024-10-20,4102,4067,0.6057975190282482,0.008247878215257302
2024-10-21,3082,2915,0.4529683239127615,0.005618297212095462
2024-10-22,2853,2722,0.3485408614041869,0.0052180741493837324
2024-10-23,1651,1600,0.41039998478911305,0.0032407105739000112
2024-10-24,1799,1540,0.35398398456356384,0.0030546677943520924
2024-10-25,1326,1217,0.4433373072158572,0.002445899434268307
2024-10-26,2773,2570,0.4507959049649862,0.005140786563746924
2024-10-27,2337,2176,0.4597875768961391,0.0040967414381980986
2024-10-28,1346,1210,0.4027827925524914,0.0024953945071219583
2024-10-29,781,671,0.3839499063580331,0.0014773235626184948
2024-10-30,2002,1980,0.445767966406769,0.003813660138621817
2024-10-31,1807,1609,0.40490571396005426,0.0034087021682115103
2024-11-01,1145,1065,0.3569801774460972,0.002085762985556652
2024-11-02,2261,2126,0.42097456039937936,0.004397307247462818
2024-11-03,1743,1605,0.3657172746395459,0.003730631812630805
2024-11-04,1016,885,0.3041229424698622,0.0019555631297531045
2024-11-05,1570,1338,0.3099218735473986,0.0029812106106761327
2024-11-06,1409,1213,0.29548374854848125,0.002561617280531709
2024-11-07,1358,1228,0.3394090504464092,0.002563653542280939
2024-11-08,1352,1246,0.35844870936545803,0.002537536272019072
2024-11-09,2164,2034,0.40750019293337214,0.004268673249647636
2024-11-10,533,440,0.35638703078182954,0.001000030770177544
2024-11-11,961,818,0.30264477625922803,0.0018552253530877874
2024-11-12,1167,945,0.2866732595975818,0.0020498958496381827
2024-11-13,3673,3514,0.37678912322761393,0.0078288123151042
2024-11-14,675,563,0.4004633701548872,0.0013131917706649039
2024-11-15,992,806,0.310662944599681,0.0018458556121253434
2024-11-16,1445,1316,0.3596002891871076,0.0027837825549626555
2024-11-17,997,959,0.41789736717645654,0.0020466975906950984
2024-11-18,1392,1215,0.2804011554068871,0.0026654666297424535
2024-11-19,757,544,0.32518645516282085,0.001431967137450383
2024-11-20,839,637,0.270395524397057,0.0015274508446413736
2024-11-21,669,480,0.2748131793710682,0.001118059660159463
2024-11-22,791,668,0.3823196761894057,0.0015090608557186374
2024-11-23,941,911,0.39289490846790287,0.0019341941290501245
2024-11-24,854,816,0.3419182885939507,0.001890410187327798
2024-11-25,832,694,0.29001180789205744,0.0015561425558656243
2024-11-26,782,655,0.3704166432014755,0.0013938211673481355
2024-11-27,899,716,0.30650836158467537,0.001677816048186098
2024-11-28,967,857,0.36055829870734585,0.0017609237474865446
2024-11-29,793,688,0.32698344393233,0.0014843114053858999
2024-11-30,714,636,0.3828452058688692,0.001325758358580953
2024-12-01,571,492,0.31848950283977007,0.0011996390339861916
2024-12-02,763,735,0.3872429539640337,0.0016035232845874167
2024-12-03,650,584,0.3136320541008917,0.0012656639435059541
2024-12-04,560,452,0.37973338798697137,0.0011182873423484737
2024-12-05,714,607,0.27500428081358297,0.0013164740733281302
2024-12-06,682,596,0.30819520659004973,0.0012319383582843272
2024-12-07,625,523,0.33240527908818784,0.0011923443798270716
2024-12-08,686,587,0.3904893034501915,0.0012661228737107994
2024-12-09,538,366,0.2563273293898552,0.0010687042118778481
2024-12-10,574,595,0.34104610744021163,0.0011953492799778454
2024-12-11,599,498,0.27727698306538934,0.0011174622680697867
2024-12-12,524,333,0.2296867384010562,0.0008297458103605985
2024-12-13,646,408,0.19188736732207787,0.0010709464137358073
2024-12-14,648,505,0.280654669580487,0.001158852225038877
2024-12-15,417,327,0.2873063832515419,0.0008038056972809072
2024-12-16,616,511,0.3368506382682193,0.001131159065249345
2024-12-17,728,601,0.3854228519340258,0.0013912515989502974
2024-12-18,636,494,0.2676802374048668,0.001116118258184168
2024-12-19,834,771,0.37551039876618036,0.001589256707324634
2024-12-20,582,397,0.21908366057158302,0.0010239769164113238
2024-12-21,638,532,0.33722474828614074,0.0011580775911986102
2024-12-22,517,399,0.2864150193255715,0.0010241694439404503
2024-12-23,441,386,0.2895375121189605,0.0009012011321339222
2024-12-24,558,510,0.36565946756199197,0.0011631127111603435
2024-12-25,730,645,0.3685695843760226,0.001441802604915316
2024-12-26,713,645,0.33303335783488824,0.0014231207114065048
2024-12-27,807,650,0.32135324837623797,0.0015068973276100802
2024-12-28,1237,1100,0.3158639167049048,0.002627388535031847
2024-12-29,310,255,0.34790127563158824,0.0005720226448329557
2024-12-30,818,757,0.3680170872030547,0.001534323228045026
2024-12-31,981,863,0.39484549025622295,0.0017288722643253596
2025-01-01,829,878,0.46978021052208313,0.0018066489957932772
2025-01-02,708,668,0.3958032231646304,0.0013963743263106319
2025-01-03,754,575,0.340726526590281,0.0012838630328896997
2025-01-04,586,506,0.34553619916781825,0.0011308040247392228
2025-01-05,459,413,0.3041621230243846,0.0009540058859698943
2025-01-06,581,445,0.21130563474959643,0.0011146496815286624
2025-01-07,612,381,0.21500940913827726,0.0010765715868180559
2025-01-08,567,367,0.18710039137980702,0.0009908249383713697
2025-01-09,595,481,0.24993094914866237,0.0010594731586146707
2025-01-10,650,501,0.25827866778604425,0.0011381469080167502
2025-01-11,592,526,0.3556667923663181,0.0013641445377806497
2025-01-12,453,385,0.31336440540252997,0.0009486121840186176
2025-01-13,587,470,0.26401375701083507,0.001056600558123682
2025-01-14,553,402,0.2684127376205608,0.0009802499417564496
2025-01-15,450,272,0.32219984836178145,0.0007779900398499876
2025-01-16,530,513,0.40183331778365533,0.0010590470091387427
2025-01-17,580,464,0.32363960251339763,0.001078055148949638
2025-01-18,459,399,0.30430209123657154,0.0009549365444666202
2025-01-19,485,411,0.38118237506400476,0.0010190596957639182
2025-01-20,455,265,0.201390650399268,0.0007347620621577438
2025-01-21,629,502,0.24514425755091335,0.0011354195513708113
2025-01-22,546,378,0.19444786228164218,0.0009625606346200231
2025-01-23,614,474,0.29362226805933717,0.0011456928203249926
2025-01-24,679,584,0.4228152583887168,0.0013642286093039939
2025-01-25,728,730,0.36380460955352173,0.0016131265577402382
2025-01-27,0,4,0.5333471799132282,2.307763315794332e-05
2025-01-28,545,546,0.44325070954366436,0.0010752079084950866
2025-01-29,637,482,0.23971172418843734,0.001243845312580674
2025-01-30,661,548,0.3488536132631737,0.0011989879408876916
2025-01-31,605,489,0.3149647611678275,0.001114216975906951
2025-02-01,1053,961,0.39824117752756744,0.0021094399058432566
2025-02-02,606,585,0.3787453340813337,0.0011801062410311924
2025-02-03,629,551,0.3317100237392411,0.0012275102970201281
2025-02-04,709,553,0.31749208903841386,0.0013399916027192896
2025-02-05,649,388,0.20620109768835965,0.0010352981275163497
2025-02-06,633,499,0.28747726276552593,0.001083291250590516
2025-02-07,774,787,0.43949848226203453,0.0015437903255806264
2025-02-08,1052,967,0.3763983375504737,0.0021853029721013747
2025-02-09,853,791,0.420118022339915,0.0018931616994050746
2025-02-10,659,466,0.2510627479446787,0.0011670688768445623
2025-02-11,705,575,0.3187009024845989,0.001273465756988327
2025-02-12,466,271,0.21605159012127212,0.0007537452765296004
2025-02-13,427,356,0.2950282597307146,0.0008987913913834711
2025-02-14,623,463,0.30805318902145323,0.0010529600681169063
2025-02-15,460,341,0.2511389003583917,0.0008252114953412958
2025-02-16,247,269,0.38964547692786766,0.0006312411422613909
2025-02-17,765,665,0.32226807756123643,0.0016377161737602536
2025-02-18,604,435,0.24961204049847444,0.001149970194650057
2025-02-19,654,510,0.2682284202238426,0.0012305589551638808
2025-02-20,661,488,0.24300652037136075,0.0011545917389174105
2025-02-21,950,766,0.46567501974889786,0.0016525592091796806
2025-02-22,1053,892,0.3906165436431104,0.0020347981860980337
2025-02-23,919,805,0.3631185584531352,0.001660586212017226
2025-02-24,769,663,0.3265209722442733,0.0015298237464378556
2025-02-25,708,626,0.40868815759037835,0.0012889536872627754
2025-02-26,945,741,0.27436848248467965,0.001783571362635334
2025-02-27,662,457,0.23763278295972715,0.0010870598544249124
2025-02-28,682,687,0.499789775928358,0.0013889184755980658
2025-03-01,608,591,0.3244877480152017,0.0012696420435765268
2025-03-02,535,549,0.4004031183639759,0.0012247061182784403
2025-03-03,800,765,0.3265305150269248,0.0015479236330118997
2025-03-04,712,498,0.2419728140247574,0.0011627054588104974
2025-03-05,701,471,0.2220120420000224,0.0011601755578493323
2025-03-06,646,501,0.34019474243892284,0.001098563213709743
2025-03-07,935,710,0.2963880935246631,0.0016828920179792514
2025-03-08,1105,959,0.35034012517578905,0.0021635281085571863
2025-03-09,978,1055,0.5314347393963954,0.0022766085110311083
2025-03-10,1160,1025,0.35236445454363857,0.0022227956664400863
2025-03-11,1141,1054,0.3811136208730487,0.0021331760040777174
2025-03-12,509,392,0.302290407295748,0.0008617945994205103
2025-03-13,838,718,0.41669210025836656,0.0015386236912915345
2025-03-14,1244,1166,0.38538529865441085,0.0024588169146463248
2025-03-15,1205,1104,0.34897158967528297,0.002316718815228758
2025-03-16,597,543,0.4028067872202049,0.0012915516763911039
2025-03-17,974,817,0.30912877584260706,0.0017542394969618975
2025-03-18,1098,1071,0.4097652454309591,0.002139092967566423
2025-03-19,1518,1357,0.3117290398226225,0.0029929915003301874
2025-03-20,669,481,0.2622370215026905,0.0011190929870172814
2025-03-21,1300,1141,0.361348180505074,0.002453117960460781
2025-03-22,973,879,0.37273145032263183,0.001998820807389607
2025-03-23,1012,974,0.3446966932529179,0.002046098459834267
2025-03-24,666,498,0.2585930306551327,0.0013445757845180662
2025-03-25,710,541,0.2978669670079144,0.00128405393242869
2025-03-26,802,697,0.30532120556176556,0.0014569452815742746
2025-03-27,1195,1052,0.3316026902715367,0.0021218421021838595
2025-03-28,711,649,0.3792127910456305,0.0013573844230172116
2025-03-29,457,376,0.3050818913555258,0.0008919505215545093
2025-03-30,349,232,0.27255403695597136,0.0006621182749679012
2025-03-31,1057,924,0.2869559118502023,0.002040772852182434
2025-04-01,984,1037,0.41769829336268716,0.0019585886923611027
2025-04-02,649,492,0.5052658141703386,0.0016115062132844677
2025-04-03,1483,1452,0.3858177251736736,0.0029635814282230498
2025-04-04,1472,1300,0.31159362564283943,0.002633775513786123
2025-04-05,588,431,0.43986541941159124,0.0010505817761425626
2025-04-06,1608,1477,0.38133935336309177,0.0031185804568958034
2025-04-07,898,662,0.2834899549379388,0.001645105563687674
2025-04-08,506,290,0.17961787423593936,0.0008055192907034502
2025-04-09,1232,998,0.33272009493003163,0.0021052652107605477
2025-04-10,699,778,0.4736791087760735,0.0014569908695238843
2025-04-11,834,855,0.4140673651761882,0.0016012580606875816
2025-04-12,1642,1564,0.45554263726170025,0.0029713243020754693
2025-04-13,3752,3701,0.5073692098240895,0.006903642773207991
2025-04-14,1419,1347,0.37509446274732194,0.0027061033316075275
2025-04-15,972,902,0.427973516028246,0.001811092515221204
2025-04-16,1084,978,0.5838378266038454,0.0019997270819035236
2025-04-17,3367,3266,0.4351401906716901,0.006221476993812665
2025-04-18,2794,2876,0.5026527985162864,0.0052355041277777365
2025-04-19,4498,4384,0.5684898590338752,0.00859170531357628
2025-04-20,4523,4394,0.46473413210156367,0.00827333148712268
2025-04-21,886,857,0.4082607595345801,0.0016796503437563964
2025-04-22,2162,2029,0.4821634359818445,0.003851781718023756
2025-04-23,2176,2036,0.434203355485377,0.0037178966146011287
2025-04-24,2721,2579,0.4616151418161225,0.004889339630408587
2025-04-25,1505,1446,0.39597804459077696,0.0028917277722257675
2025-04-26,2181,2159,0.5952746281431072,0.00393704421674513
2025-04-27,5510,5434,0.6053520494292243,0.009900304624757683
2025-04-28,2817,2760,0.4885366928922586,0.005219970941150139
2025-04-29,1750,1701,0.3913234908294077,0.0033439490445859874
2025-04-30,2058,1894,0.3691899548525623,0.0036788276309450193
2025-05-01,952,1232,0.5584427604474642,0.001974073214726773
2025-05-02,2718,2825,0.5622587118894651,0.005047539924305363
2025-05-03,3329,3215,0.6394009829486161,0.005594018277485461
2025-05-04,3147,3060,0.5902118863396221,0.005302374688451952
2025-05-05,1527,1492,0.4419610195973518,0.002755282283113909
2025-05-06,2274,2323,0.43367325510350313,0.004290542975611052
2025-05-07,3180,3072,0.4958456943122732,0.005702021600664636
2025-05-08,1958,2203,0.5140897808945987,0.003721268346718361
2025-05-09,3198,3663,0.7005786121905224,0.006264192744392135
2025-05-10,9415,9274,0.7286910082714392,0.015709958054994564
2025-05-11,6725,6388,0.7416560192299214,0.011138804270900643
2025-05-12,4792,4932,0.4606549544803614,0.008346026031570202
2025-05-13,1422,1539,0.4765696307154955,0.0027389673106906977
2025-05-14,1518,1553,0.5273934214751077,0.0027283228147910623
2025-05-15,2642,2920,0.5585030141950998,0.005134461517734849
2025-05-16,4839,4978,0.6944744584300069,0.008644348820200385
2025-05-17,5235,5904,1.2341185390917537,0.00957058294101357
2025-05-18,11242,10923,1.0085332429536171,0.017569240857278366
2025-05-19,12436,11486,0.8916431455470178,0.01964730782925189
2025-05-20,2604,2604,0.4543036684197505,0.004803266295927608
2025-05-21,749,1113,0.8041040765879987,0.0017990520109648859
2025-05-22,946,1002,0.5916071672443675,0.0018302838353856177
2025-05-23,1738,1455,0.49378000567742375,0.0030010538785808795
2025-05-24,4049,3890,0.6163884523828468,0.007162872217930592
2025-05-25,4246,4200,0.5711139912541867,0.00752480695709718
2025-05-26,4529,5468,2.108647978724544,0.008804117049755377
2025-05-27,3640,3260,2.634603197782144,0.006565586633434875
2025-05-28,1739,1637,0.4793429923735104,0.003132551602220005
2025-05-29,2029,1890,0.41447201063508055,0.003980375056316313
2025-05-30,3907,4786,0.6992541380571601,0.0076466849867569886
2025-05-31,4129,4051,0.8876637102811211,0.007009831071725284
2025-06-01,6041,5854,0.8739390915177578,0.0100977465973312
2025-06-02,4875,5401,0.7371795583135384,0.008936302227020812
2025-06-03,5541,5491,0.7303501609375262,0.00947798393796732
2025-06-04,5806,5398,0.819738727895167,0.009626834671836056
2025-06-05,2573,2930,0.6969322980057199,0.005079262314100309
2025-06-06,5983,6625,0.912272185830618,0.010707167058131703
2025-06-07,16369,15872,1.1377922185631155,0.025010968358231245
2025-06-08,9180,8732,0.7910418548139305,0.014871727285770053
2025-06-09,2619,2970,0.8861374225567651,0.004955996648048712
2025-06-10,4327,4943,1.0195426434096533,0.008265688894323622
2025-06-11,7362,7966,0.8710612621403597,0.012872253480219654
2025-06-12,5318,6036,0.6473540054584952,0.009288747346072188
2025-06-13,4839,6130,1.2506484155033908,0.009306269252729144
2025-06-14,15273,14607,1.7227729031105092,0.02241640879920051
2025-06-15,16634,14524,1.3014541052857478,0.0236358075599283
2025-06-16,5912,5972,0.7856994850483784,0.010088344598637222
2025-06-17,5309,5429,0.6028968198339965,0.009843072094525986
2025-06-18,2633,2878,0.5638984339254793,0.005157376812858731
2025-06-19,3552,3951,0.6847310881793253,0.006506139818907767
2025-06-20,8006,8818,0.9699309779366918,0.013474654318522858
2025-06-21,12639,12755,1.398205211801564,0.0201388159423473
2025-06-22,14508,13710,1.091240751642994,0.022130925706804964
2025-06-23,7601,7721,0.9670114340803806,0.01241060810920879
2025-06-24,5572,6024,0.7010420475199118,0.009488204032651555
2025-06-25,8056,7131,0.8040477819123364,0.012753206665270751
2025-06-26,4301,5178,0.7555785933926601,0.008134000276931598
2025-06-27,4988,6395,1.009723323499845,0.009425683904268418
2025-06-28,16734,16663,1.4477203385064235,0.02620543918833866
2025-06-29,18242,17687,1.477833292486002,0.027879855248787257
2025-06-30,8974,10143,1.4818429681682233,0.015143702034333153
2025-07-01,18605,18407,1.6978861195104213,0.028722318508676674
2025-07-02,8230,9273,1.1932081906151124,0.014021272210880193
2025-07-03,9858,9992,0.9046706125404739,0.01669019459510574
2025-07-04,12223,13193,1.8996651767805284,0.021131048703259454
2025-07-05,18376,17933,1.6641185455838257,0.028175456392608107
2025-07-06,13883,13176,1.322217769483686,0.02097990223381117
2025-07-07,6889,8192,1.3444436434907545,0.012820907309968514
2025-07-08,8715,8634,0.9367700386997191,0.014229833445424696
2025-07-09,6605,7346,1.2540999626908023,0.011567733131362336
2025-07-10,9748,10298,1.270790572081506,0.016452704039245165
2025-07-11,10685,12426,1.695172293772213,0.017908761929061948
2025-07-12,24341,22500,1.8831642643316144,0.035963414258900275
2025-07-13,13017,12625,1.3429935277736098,0.020573441615734867
2025-07-14,7812,8314,1.2791210297133944,0.013221835397133098
2025-07-15,8669,8975,0.8320271496653747,0.01464818009228829
2025-07-16,8521,8627,0.9250090278749843,0.014770839102741623
2025-07-17,9956,10887,1.025567951376844,0.018196859806007663
2025-07-18,12460,13312,1.9294019557203095,0.019978747833554772
2025-07-19,20146,18986,1.6675495419530304,0.02970243547645929
2025-07-20,16452,15515,1.1253542088596,0.025665279861920617
2025-07-21,10516,11473,1.124935124025731,0.01827248067317734
2025-07-22,10211,10530,1.4041383406607097,0.017231484787113005
2025-07-23,11487,11333,1.0384302075963014,0.0189656437992346
2025-07-24,10124,10298,1.0213035952423146,0.017604195513708114
2025-07-25,9294,9691,1.111660649589939,0.016157762119176317
2025-07-26,16388,15734,1.7780100748380898,0.024918398526350506
2025-07-27,15417,14994,1.2289468479274392,0.02385624103119257
2025-07-28,9413,9748,0.9594524842564514,0.016308194098279948
2025-07-29,8361,8710,1.0042600333074254,0.014170222846523172
2025-07-30,8970,9405,1.0418818650839927,0.015075463860426474
2025-07-31,9931,10099,1.2588686409772676,0.016842169252487316
2025-08-01,12903,13858,1.3672907904719493,0.020748088705235875
2025-08-02,19286,19478,2.114638833926799,0.030427859318748272
2025-08-03,21160,20732,1.867585110915118,0.030785071619224943
2025-08-04,18234,17775,1.4913694702473381,0.02763085018000554
2025-08-05,9810,10732,1.4432301114657462,0.01666232264160164
2025-08-06,9938,10374,1.3444466269910302,0.016282611915787035
2025-08-07,11018,11181,1.0900900865944994,0.01844764825015932
2025-08-08,11500,12151,1.5581285819706416,0.019194617752944433
2025-08-09,19008,18100,1.9946891354313625,0.028476260808024862
2025-08-10,15742,14900,1.4973366301285267,0.023502261608049482
2025-08-11,9572,10880,0.9753804889217553,0.016589017218629352
2025-08-12,6579,7056,1.0789080631986248,0.012033210489316831
2025-08-13,8098,8845,1.0120357146715653,0.014412409270712603
2025-08-14,11643,11938,1.285440406375296,0.01936625522543551
2025-08-15,12084,13006,1.6116910565884628,0.020129063005158654
2025-08-16,18964,18257,1.788271405655869,0.02734478573154133
2025-08-17,13056,12102,1.2281570874791572,0.019071001001214238
2025-08-18,11239,11022,0.9550958059159873,0.01827830966227532
2025-08-19,4070,4611,1.5532182413226223,0.007944244438290409
2025-08-20,5711,6868,1.2768918319257874,0.01081677513154251
2025-08-21,12121,12122,1.2674052998233243,0.019911876409384025
2025-08-22,13246,13349,1.7360672098896375,0.02134063874595068
2025-08-23,15926,15236,1.2395298925895275,0.024728877599416853
2025-08-24,15057,14322,1.5263560933115852,0.0241449736914982
2025-08-25,7747,8848,1.2270261289747955,0.014114964221121335
2025-08-26,7668,8142,1.2886435231838034,0.013786110653453407
2025-08-27,12020,11449,1.2052340543232722,0.019506995025240816
2025-08-28,2109,2882,1.168918337092085,0.004537985784177975
2025-08-29,10179,10823,2.0105363189762437,0.017036994803460014
2025-08-30,16064,16080,1.5576168843190212,0.024657681774823838
2025-08-31,19030,18156,1.2875506781579622,0.02986675081952432
2025-09-01,19598,18815,1.0415181621431875,0.03121833612979947
2025-09-02,4199,4398,0.5747345752912661,0.007561475264327659
2025-09-03,5117,5039,0.515717321582165,0.009062316802554964
2025-09-04,1670,1843,0.6141996198086074,0.0032624818382188366
2025-09-05,3495,4011,0.7310881967285167,0.006508768916356141
2025-09-06,8705,8910,0.9314079991631505,0.014278267385602814
2025-09-07,8211,6532,0.7426106963380088,0.011799379157999139
2025-09-08,3166,3948,0.5863352358412057,0.006497738391950521
2025-09-09,3275,3401,0.4679549541604299,0.0060123307437799705
2025-09-10,3905,3972,0.4702991943926858,0.007202067755930952
2025-09-11,4159,4085,0.5259306106447109,0.007440714775029515
2025-09-12,4929,4756,0.6974778615631005,0.008527185451860058
2025-09-13,7413,7204,0.8129685546831522,0.0121232645897909
2025-09-14,9232,8605,0.8229976297892236,0.014632043623320278
2025-09-15,3685,3478,0.47578796769349474,0.006371225008721547
2025-09-16,4570,3631,0.49738359431061646,0.007117843158562619
2025-09-17,3784,3921,0.4877026387856865,0.006858552690732142
2025-09-18,4826,4658,0.5704553931441609,0.008570304187497267
2025-09-19,3964,4073,0.8167091306636591,0.006974119164718213
2025-09-20,9751,9371,0.6563053994937509,0.01627485973927403
2025-09-21,8167,7776,0.4939917999542319,0.014454189683569211
2025-09-22,1391,1408,0.3917727362006164,0.002739214718312403
2025-09-23,2588,2628,0.4399862142484436,0.005016947433702185
2025-09-24,5933,5904,0.4624597980175872,0.011312848087633465
2025-09-25,1841,1909,0.5392748037248234,0.003302499217758149
2025-09-26,4728,4676,0.544144194316801,0.008172111235360309
2025-09-27,7726,7597,0.9151805426468248,0.012560001846210653
2025-09-28,8360,7966,0.7567728334461625,0.013714868525035291
2025-09-29,4091,4059,0.4999754244298465,0.007164717494266095
2025-09-30,4192,4058,0.45460998499840183,0.007546386042647466
2025-10-01,2453,2330,0.5335353306045877,0.004345979876303886
2025-10-02,2696,2827,0.49916181796818526,0.005097973908552696
2025-10-03,3794,3930,0.5711305579836483,0.0070608326410043385
2025-10-04,7564,7255,0.5726412629433566,0.012596968795621062
2025-10-05,7680,7386,0.5737305718213777,0.013477038054717368
2025-10-06,4195,4059,0.4730269215834914,0.007653042131026069
2025-10-07,988,846,0.3608088523559966,0.0017191211517234117
2025-10-08,2110,2084,0.46045878275111973,0.0038545884571916144
2025-10-09,2125,2032,0.41875998742568793,0.003928005477091603
2025-10-10,3114,3071,0.5741395841792468,0.005420580988290764
2025-10-11,4165,4089,0.4724701923165263,0.007653042131026069
2025-10-12,5185,4985,0.5132756871318656,0.009445612879564694
2025-10-13,4400,4296,0.6414006075760846,0.007456383273331488
2025-10-14,3280,3145,0.45747715855560966,0.00602421065010641
2025-10-15,2087,1977,0.4338708519913584,0.0038385796486045723
2025-10-16,2372,2141,0.33677708632782877,0.004210877721421987
2025-10-17,1413,1365,0.4879920551984467,0.0025654108640645215
2025-10-18,4356,4104,0.47349635774028986,0.007439873889610806
2025-10-19,1161,1149,0.4192944567244537,0.002248564169867434
2025-10-20,2077,1877,0.41185973469622106,0.0037863570233363625
2025-10-21,1509,1451,0.42638136736268356,0.0028583297068481227
2025-10-22,1496,1355,0.44577671092250765,0.0027108093033415114
2025-10-23,1426,1168,0.33925204589374175,0.002460205709471451
2025-10-24,1940,1772,0.40729320468850067,0.003357334071817594
2025-10-25,2486,2431,0.4706840398159421,0.004658797193759809
2025-10-26,2784,2649,0.4906822956060632,0.005462272142310261
2025-10-27,1710,1548,0.4101576411358525,0.0032973460032983794
2025-10-28,1296,1189,0.41597049159877314,0.002460822323944809
2025-10-29,1736,1595,0.48356438871622265,0.0032252640740594216
2025-10-30,601,476,0.3631372235455225,0.001043660126396541
2025-10-31,1324,1132,0.3480953033531289,0.0025875796178343948
2025-11-01,1646,1586,0.42057981910428976,0.003270479504995102
2025-11-02,2003,2010,0.49243616704254434,0.003957312398909933
2025-11-03,846,705,0.352392582959942,0.0015827705941247896
2025-11-04,1598,1431,0.32090211769906696,0.003108137593044821
2025-11-05,728,569,0.26203193479267806,0.0012912984735194651
2025-11-06,1324,1212,0.37407956418151084,0.0026319153015359055
2025-11-07,766,676,0.34166410568165434,0.0013989118217212113
2025-11-08,2288,2111,0.3652413345943291,0.004220281534123044
2025-11-09,375,298,0.30581254175208605,0.0006822790577179049
2025-11-10,856,669,0.23202679063492518,0.0016066428417577684
2025-11-11,732,584,0.26306529369461207,0.0014002912248416576
2025-11-12,817,624,0.2895095492347195,0.0014197911026424235
2025-11-13,1033,836,0.30993980334642757,0.0017532500458302294
2025-11-14,1004,906,0.4169461196589257,0.0018753970710410999
2025-11-15,641,541,0.3642252476781683,0.0012094122126834672
2025-11-16,968,878,0.3886824992199145,0.0017565375637931717
2025-11-17,879,662,0.25402843526839786,0.0015472504049075634
2025-11-18,648,501,0.3011045942698065,0.0011005994754589733
2025-11-19,1068,934,0.3087314140679498,0.0021663197577295183
2025-11-20,817,634,0.2671297895634655,0.00136586620247656
2025-11-21,1001,801,0.35320111651694364,0.00185011609824681
2025-11-22,1273,1133,0.4081161074719924,0.0022126075955129494
2025-11-23,898,812,0.34307412236245954,0.0017521249174530815
2025-11-24,1091,951,0.41034224645521433,0.0021397292993630573
2025-11-25,546,405,0.34053755595670226,0.0009758542021073176
2025-11-26,869,781,0.4138899916994596,0.0016882176256310846
2025-11-27,659,543,0.286111395126079,0.001211043180026841
2025-11-28,831,643,0.3368785252168022,0.0014769685221083725
2025-11-29,898,775,0.3455008487735013,0.0017127154208295167
2025-11-30,393,340,0.31143804021995447,0.0008057277093937108
2025-12-01,690,645,0.3043745211051387,0.0013311598398831853
2025-12-02,507,379,0.28211120507758436,0.0009044234328089216
2025-12-03,526,362,0.24624867723083174,0.0008622642934467913
2025-12-04,931,706,0.21653845246274678,0.0016479528041422253
2025-12-05,713,517,0.23548253551530035,0.001304258493313442
2025-12-06,744,618,0.3178205366997203,0.001427516451055637
2025-12-07,478,341,0.2662360916238514,0.0008307947936859596
2025-12-08,355,232,0.2531348975691263,0.0010291376948812563
2025-12-09,21,30,0.6092419626897612,0.0002517559980866544
2025-12-10,293,195,0.14761768796600105,0.0005132783926508083
2025-12-11,603,606,0.7328078946823032,0.001302940468786177
2025-12-12,573,407,0.2867839757437796,0.0009140749481254942
2025-12-13,641,546,0.3040758729879674,0.0012352028414061094
2025-12-14,496,407,0.32006912872838467,0.0009556410058518824
2025-12-15,437,335,0.23409252218782742,0.0008215637404227822
2025-12-16,587,412,0.23941463090411189,0.000978701442561869
2025-12-17,658,463,0.26753844248665415,0.001143424605372473
2025-12-18,783,550,0.2154967363607458,0.001329061873232463
2025-12-19,581,387,0.20692581609194102,0.0009461829594756762
2025-12-20,594,467,0.3483042149467454,0.0010967370424584493
2025-12-21,648,513,0.31431344280761,0.001227208976157083
